CustomerID,Recency,Frequency,Monetary,R_Score,F_Score,M_Score,RFM_Cell,CustomerSegment
29818,4388,12,989184.082,2,1,1,211,Needs Attention
29715,4357,12,961675.8596,1,1,1,111,Lost
29722,4357,12,954021.9235,1,1,1,111,Lost
30117,4388,12,919801.8188,2,1,1,211,Needs Attention
29614,4418,12,901346.856,2,1,1,211,Needs Attention
29639,4357,12,887090.4106,1,1,1,111,Lost
29701,4357,8,841866.5522,1,1,1,111,Lost
29617,4388,12,834475.9271,2,1,1,211,Needs Attention
29994,4418,12,824331.7682,2,1,1,211,Needs Attention
29646,4418,12,820383.5466,2,1,1,211,Needs Attention
29580,4418,12,815914.2534,2,1,1,211,Needs Attention
29827,4418,12,801766.21,2,1,1,211,Needs Attention
29497,4418,12,789884.2937,2,1,1,211,Needs Attention
29716,4388,12,781073.7175,2,1,1,211,Needs Attention
29913,4388,8,757449.6804,2,1,1,211,Needs Attention
30103,4388,8,725867.1659,2,1,1,211,Needs Attention
29957,4357,8,718258.8109,1,1,1,111,Lost
29523,4388,12,696703.605,2,1,1,211,Needs Attention
29616,4388,8,695242.2258,2,1,1,211,Needs Attention
30048,4418,8,678828.8377,2,1,1,211,Needs Attention
29562,4723,8,665292.381,5,1,1,511,Potential Loyalist
29772,4418,8,660645.9404,2,1,1,211,Needs Attention
29712,4388,8,653973.7646,2,1,1,211,Needs Attention
30107,4388,12,650362.0535,2,1,1,211,Needs Attention
29924,4388,8,644168.1552,2,1,1,211,Needs Attention
30050,4357,8,631355.0743,1,1,1,111,Lost
29641,4418,4,606819.6087,2,1,1,211,Needs Attention
29966,4357,12,605358.542,1,1,1,111,Lost
29997,4388,8,604794.7839,2,1,1,211,Needs Attention
29689,4418,8,600077.2722,2,1,1,211,Needs Attention
29486,4357,12,584949.1308,1,1,1,111,Lost
29522,4388,12,554388.9371,2,1,1,211,Needs Attention
29705,4388,12,543440.5911,2,1,1,211,Needs Attention
30112,4388,8,538333.4655,2,1,1,211,Needs Attention
29546,4357,8,534117.5619,1,1,1,111,Lost
30000,4418,8,533078.2844,2,1,1,211,Needs Attention
30074,4754,8,516254.7953,5,1,1,511,Potential Loyalist
29919,4388,8,514317.5252,2,1,1,211,Needs Attention
29507,4754,8,502367.0397,5,1,1,511,Potential Loyalist
29770,4357,8,500181.7264,1,1,1,111,Lost
29559,4357,8,499815.3125,1,1,1,111,Lost
29923,4388,4,493816.8809,2,1,1,211,Needs Attention
29624,5119,4,486937.5937,5,1,1,511,Potential Loyalist
29992,4418,12,483162.6054,2,1,1,211,Needs Attention
29901,4388,12,481860.9122,2,1,1,211,Needs Attention
29834,4357,12,481357.9195,1,1,1,111,Lost
29825,4418,12,475892.0433,2,1,1,211,Needs Attention
30046,4357,8,471689.9206,1,1,1,111,Lost
29690,4357,12,470639.545,1,1,1,111,Lost
29707,4357,8,469525.749,1,1,1,111,Lost
29734,4418,12,469357.2899,2,1,1,211,Needs Attention
29703,4754,8,465429.5734,5,1,1,511,Potential Loyalist
30049,4357,8,461467.3178,1,1,1,111,Lost
29861,5119,4,460174.8591,5,1,1,511,Potential Loyalist
29844,4418,12,452727.9318,2,1,1,211,Needs Attention
29744,4418,8,449330.8159,2,1,1,211,Needs Attention
29950,4357,12,449023.1024,1,1,1,111,Lost
29702,4357,12,447403.4907,1,1,1,111,Lost
29888,4388,12,445392.9589,2,1,1,211,Needs Attention
29724,4388,12,444336.9798,2,1,1,211,Needs Attention
29940,4388,4,443136.5854,2,1,1,211,Needs Attention
29651,4357,12,442256.8765,1,1,1,111,Lost
30067,4418,12,442054.0945,2,1,1,211,Needs Attention
29885,4754,8,435986.1289,5,1,1,511,Potential Loyalist
29714,4357,12,432800.3352,1,1,1,111,Lost
29489,4418,12,428350.5326,2,1,1,211,Needs Attention
29955,4388,12,421079.058,2,1,1,211,Needs Attention
29938,4357,12,420767.7112,1,1,1,111,Lost
29637,4357,12,407563.0075,1,1,1,111,Lost
29594,4784,4,402874.3907,5,1,1,511,Potential Loyalist
29987,4418,4,402574.8569,2,1,1,211,Needs Attention
29647,4418,8,402240.7953,2,1,1,211,Needs Attention
29998,4723,4,399980.8799,5,1,1,511,Potential Loyalist
29587,4418,8,399672.8579,2,1,1,211,Needs Attention
29929,4357,8,393520.7995,1,1,1,111,Lost
29629,4357,4,389437.6577,1,1,1,111,Lost
30094,4388,8,381763.5549,2,1,1,211,Needs Attention
29995,4388,4,381607.9961,2,1,1,211,Needs Attention
30109,4418,8,378936.0887,2,1,1,211,Needs Attention
29704,4418,8,377088.6246,2,1,1,211,Needs Attention
29692,4418,8,366009.6535,2,1,1,211,Needs Attention
29736,4357,4,363872.0389,1,1,1,111,Lost
30043,4357,8,360816.5491,1,1,1,111,Lost
29895,4388,8,358195.771,2,1,1,211,Needs Attention
29560,4388,8,356524.0763,2,1,1,211,Needs Attention
29853,4754,8,350717.9904,5,1,1,511,Potential Loyalist
29618,4388,8,348640.9465,2,1,1,211,Needs Attention
29783,4418,8,348070.0746,2,1,1,211,Needs Attention
29615,4388,4,340396.3242,2,1,1,211,Needs Attention
29904,4388,8,340132.1268,2,1,1,211,Needs Attention
29509,4388,12,337311.2711,2,1,1,211,Needs Attention
29792,4388,8,331823.8605,2,1,1,211,Needs Attention
29956,4357,8,331231.2975,1,1,1,111,Lost
29896,4388,8,330853.4536,2,1,1,211,Needs Attention
29658,4418,8,329150.8419,2,1,1,211,Needs Attention
29910,4388,8,329064.433,2,1,1,211,Needs Attention
29698,4388,12,326883.5513,2,1,1,211,Needs Attention
29515,4570,8,326175.9828,4,1,1,411,Potential Loyalist
30065,4418,8,325324.054,2,1,1,211,Needs Attention
29889,4784,8,323176.2786,5,1,1,511,Potential Loyalist
29996,4388,8,322801.3294,2,1,1,211,Needs Attention
29543,4388,8,321014.9284,2,1,1,211,Needs Attention
29564,4388,4,320894.205,2,1,1,211,Needs Attention
29579,4357,8,320244.2906,1,1,1,111,Lost
29796,4357,4,318625.6048,1,1,1,111,Lost
29732,4388,8,313985.4367,2,1,1,211,Needs Attention
30118,4357,8,313671.5352,1,1,1,111,Lost
29789,4388,12,313549.3888,2,1,1,211,Needs Attention
30111,5119,4,311393.1457,5,1,1,511,Potential Loyalist
30055,4388,8,309440.2794,2,1,1,211,Needs Attention
30113,4357,8,307946.0796,1,1,1,111,Lost
29693,4418,4,307800.8569,2,1,1,211,Needs Attention
29601,4388,8,302983.1192,2,1,1,211,Needs Attention
29935,4388,8,302690.5743,2,1,1,211,Needs Attention
29793,4723,4,302119.1881,5,1,1,511,Potential Loyalist
30076,4388,12,302061.1054,2,1,1,211,Needs Attention
29525,5088,4,298046.6089,5,1,1,511,Potential Loyalist
29649,4723,8,295434.8253,5,1,1,511,Potential Loyalist
29836,4754,4,291627.3902,5,1,1,511,Potential Loyalist
29909,4418,8,285873.6939,2,1,1,211,Needs Attention
29822,4357,8,281909.8552,1,1,1,111,Lost
29627,4388,8,281414.838,2,1,1,211,Needs Attention
30075,4418,8,280716.3647,2,1,1,211,Needs Attention
29891,4357,8,279722.7664,1,1,1,111,Lost
29605,4418,8,279225.9956,2,1,1,211,Needs Attention
29710,5088,4,277612.9119,5,1,1,511,Potential Loyalist
29916,4357,4,270690.6142,1,1,1,111,Lost
29499,4357,8,264645.3146,1,1,1,111,Lost
29622,4357,10,262408.3464,1,1,1,111,Lost
30095,4388,12,257252.7645,2,1,1,211,Needs Attention
29963,4388,12,251643.9575,2,1,1,211,Needs Attention
29488,4357,4,249804.8673,1,1,1,111,Lost
29917,4357,4,249384.5213,1,1,1,111,Lost
29947,4388,8,248869.8958,2,1,1,211,Needs Attention
29550,4357,4,244854.0475,1,1,1,111,Lost
29843,4357,4,243845.1788,1,1,1,111,Lost
30070,4418,4,241374.5037,2,1,1,211,Needs Attention
29549,4784,8,238924.2599,5,1,1,511,Potential Loyalist
29695,4357,4,236341.6203,1,1,1,111,Lost
29786,4388,8,236210.9015,2,1,1,211,Needs Attention
29643,4388,4,230789.189,2,1,1,211,Needs Attention
29932,4357,4,228053.1314,1,1,1,111,Lost
30083,4723,4,225213.746,5,1,1,511,Potential Loyalist
29589,4418,4,223583.8648,2,1,1,211,Needs Attention
29557,4357,4,222988.2625,1,1,1,111,Lost
29608,4388,4,221704.253,2,1,1,211,Needs Attention
29513,4754,4,219040.5091,5,1,1,511,Potential Loyalist
29880,4388,12,218031.225,2,1,1,211,Needs Attention
29921,5088,4,217615.377,5,1,1,511,Potential Loyalist
30116,4418,4,211671.2674,2,1,1,211,Needs Attention
29609,4388,4,210334.4128,2,1,1,211,Needs Attention
29738,4357,4,210100.7797,1,1,1,111,Lost
29563,4357,4,208806.1592,1,1,1,111,Lost
29521,4388,12,208054.1284,2,1,1,211,Needs Attention
29660,4357,4,206276.9149,1,1,1,111,Lost
29746,4723,8,205886.8086,5,1,1,511,Potential Loyalist
29524,4388,4,204728.0888,2,1,1,211,Needs Attention
29954,4723,4,202494.917,5,1,1,511,Potential Loyalist
29727,4388,4,201885.6157,2,1,1,211,Needs Attention
29774,5119,4,197614.4995,5,1,1,511,Potential Loyalist
30105,4357,8,195196.9483,1,1,1,111,Lost
29915,4357,9,194043.4591,1,1,1,111,Lost
29625,4357,4,191750.1446,1,1,1,111,Lost
29945,4388,11,186803.4277,2,1,1,211,Needs Attention
30051,4418,4,185558.8316,2,1,1,211,Needs Attention
29925,4843,7,182777.7771,5,1,1,511,Potential Loyalist
30071,4357,4,181477.8617,1,1,1,111,Lost
29504,5088,4,181006.1299,5,1,1,511,Potential Loyalist
29828,4388,8,178184.8558,2,1,1,211,Needs Attention
29941,4418,4,176701.5844,2,1,1,211,Needs Attention
29561,4388,4,175334.3856,2,1,1,211,Needs Attention
29958,4418,9,173851.9306,2,1,1,211,Needs Attention
29725,4388,4,173266.5894,2,1,1,211,Needs Attention
29946,4754,8,172785.8625,5,1,1,511,Potential Loyalist
29582,5119,4,172671.1241,5,1,1,511,Potential Loyalist
29811,4418,12,170328.5592,2,1,1,211,Needs Attention
29706,4388,4,169271.0046,2,1,1,211,Needs Attention
29968,4388,11,168144.5376,2,1,1,211,Needs Attention
29942,4388,4,167810.3704,2,1,1,211,Needs Attention
29737,4418,4,167690.1309,2,1,1,211,Needs Attention
29898,5149,4,167617.4199,5,1,1,511,Potential Loyalist
29720,4357,4,167479.4606,1,1,1,111,Lost
29787,4935,6,167452.6003,5,1,1,511,Potential Loyalist
30101,4388,4,166847.2483,2,1,1,211,Needs Attention
29645,4357,4,166814.9731,1,1,1,111,Lost
30045,4754,4,166384.0535,5,1,1,511,Potential Loyalist
29795,4418,8,166136.4831,2,1,1,211,Needs Attention
30060,4388,8,164824.0728,2,1,1,211,Needs Attention
30059,4388,4,164735.9592,2,1,1,211,Needs Attention
29967,5088,4,164650.482,5,1,1,511,Potential Loyalist
29628,4357,4,163865.4832,1,1,1,111,Lost
29511,4388,11,163046.6378,2,1,1,211,Needs Attention
30108,4754,4,162979.1262,5,1,1,511,Potential Loyalist
29528,4357,8,162305.8093,1,1,1,111,Lost
29964,4357,4,160410.3804,1,1,1,111,Lost
30044,4754,4,159695.459,5,1,1,511,Potential Loyalist
30056,5119,4,158661.4517,5,1,1,511,Potential Loyalist
29492,4357,6,158025.1722,1,1,1,111,Lost
29842,4357,10,156413.2374,1,1,1,111,Lost
29742,5119,4,156366.7469,5,1,1,511,Potential Loyalist
29937,4784,4,155877.0993,5,1,1,511,Potential Loyalist
29749,5119,4,155077.5481,5,1,1,511,Potential Loyalist
29748,5088,4,150169.1642,5,1,1,511,Potential Loyalist
29899,4388,4,149592.9358,2,1,1,211,Needs Attention
29552,4357,4,148798.8482,1,1,1,111,Lost
30096,4418,9,148385.9496,2,1,1,211,Needs Attention
29484,4723,7,147804.9208,5,1,1,511,Potential Loyalist
29953,4754,4,147426.0348,5,1,1,511,Potential Loyalist
29500,4418,7,147107.0296,2,1,1,211,Needs Attention
29911,4388,4,144435.8847,2,1,1,211,Needs Attention
29551,4357,4,143019.6297,1,1,1,111,Lost
29918,4388,4,141699.989,2,1,1,211,Needs Attention
29510,5119,4,141133.3059,5,1,1,511,Potential Loyalist
30009,4388,8,140787.7392,2,1,1,211,Needs Attention
29642,4357,9,139680.9176,1,1,1,111,Lost
29685,4357,12,136053.7081,1,1,1,111,Lost
29817,4388,4,135766.4747,2,1,1,211,Needs Attention
29922,4357,4,132439.4619,1,1,1,111,Lost
30082,4357,4,132423.9085,1,1,1,111,Lost
29595,4418,4,131484.2996,2,1,1,211,Needs Attention
29894,4418,4,131237.7017,2,1,1,211,Needs Attention
29931,4357,4,130404.7884,1,1,1,111,Lost
30092,4357,4,130063.1207,1,1,1,111,Lost
29739,4723,4,128791.75,5,1,1,511,Potential Loyalist
29907,4388,4,127453.7862,2,1,1,211,Needs Attention
29485,4357,4,127379.7919,1,1,1,111,Lost
29534,4357,4,127302.9333,1,1,1,111,Lost
29841,4357,4,127265.1484,1,1,1,111,Lost
29699,4754,4,126587.3691,5,1,1,511,Potential Loyalist
29810,4357,12,124014.5979,1,1,1,111,Lost
30004,4478,7,122815.4725,3,1,1,311,Potential Loyalist
30063,4388,4,121147.8071,2,1,1,211,Needs Attention
29592,4357,12,121101.8185,1,1,1,111,Lost
29820,4418,4,120813.0175,2,1,1,211,Needs Attention
30097,4357,4,120560.4446,1,1,1,111,Lost
30073,4388,4,119292.9236,2,1,1,211,Needs Attention
29821,4357,4,119231.7975,1,1,1,111,Lost
29823,4357,4,119150.4488,1,1,1,111,Lost
29776,4418,4,116621.1333,2,1,1,211,Needs Attention
30087,4357,4,115500.1941,1,1,1,111,Lost
29892,4570,9,114722.0767,4,1,1,411,Potential Loyalist
30106,4723,8,113981.9967,5,1,1,511,Potential Loyalist
29846,4388,12,113785.9264,2,1,1,211,Needs Attention
29531,4357,11,113172.072,1,1,1,111,Lost
29951,4357,7,112703.6757,1,1,1,111,Lost
30093,4388,4,111168.3274,2,1,1,211,Needs Attention
30005,4388,4,109753.0267,2,1,1,211,Needs Attention
29496,4357,4,107741.109,1,1,1,111,Lost
29571,4388,12,107313.0962,2,1,1,211,Needs Attention
29803,4357,12,107198.4605,1,1,1,111,Lost
29809,4357,8,106357.9807,1,1,1,111,Lost
29581,4449,9,106288.0572,3,1,1,311,Potential Loyalist
29928,4388,4,103991.2657,2,1,1,211,Needs Attention
29718,4784,8,102216.0824,5,1,1,511,Potential Loyalist
29824,4418,9,99904.7516,2,1,1,211,Needs Attention
30026,4388,8,99688.7645,2,1,1,211,Needs Attention
30100,5119,4,99440.3238,5,1,1,511,Potential Loyalist
30091,4388,8,99385.9745,2,1,1,211,Needs Attention
29906,5119,4,98531.0126,5,1,1,511,Potential Loyalist
29491,5149,4,98273.5468,5,1,1,511,Potential Loyalist
29883,4996,5,98196.569,5,1,1,511,Potential Loyalist
29696,4357,8,97102.3608,1,1,1,111,Lost
29815,4357,8,97031.2173,1,1,1,111,Lost
29981,4418,8,96507.6623,2,1,1,211,Needs Attention
29773,5119,4,95924.0197,5,1,1,511,Potential Loyalist
30090,5088,4,93981.0186,5,1,1,511,Potential Loyalist
29784,4388,8,93888.441,2,1,1,211,Needs Attention
30011,4388,11,93877.1811,2,1,1,211,Needs Attention
29533,4418,12,93332.0095,2,1,1,211,Needs Attention
29684,4388,8,92548.8494,2,1,1,211,Needs Attention
29769,5088,4,92300.5485,5,1,1,511,Potential Loyalist
29912,5149,4,92154.313,5,1,1,511,Potential Loyalist
29717,4662,7,88435.3409,5,1,1,511,Potential Loyalist
29974,4509,5,87227.3226,4,1,1,411,Potential Loyalist
29661,4784,6,86090.9919,5,1,1,511,Potential Loyalist
30088,5088,4,83314.8579,5,1,1,511,Potential Loyalist
29794,5119,4,80262.2493,5,1,1,511,Potential Loyalist
29961,4388,10,79847.8229,2,1,1,211,Needs Attention
29807,5119,4,77862.1397,5,1,1,511,Potential Loyalist
29487,4357,11,77585.195,1,1,1,111,Lost
30014,4388,4,77287.5609,2,1,1,211,Needs Attention
29865,4388,12,77139.5923,2,1,1,211,Needs Attention
29538,4388,4,76266.9402,2,1,1,211,Needs Attention
30020,4357,4,74771.1754,1,1,1,111,Lost
29798,4388,8,74645.4634,2,1,1,211,Needs Attention
29620,4388,12,74518.6883,2,1,1,211,Needs Attention
29577,4357,12,73278.6485,1,1,1,111,Lost
29740,4357,8,72854.4681,1,1,1,111,Lost
29985,4388,8,70217.2163,2,1,1,211,Needs Attention
29666,4388,4,69597.4879,2,1,1,211,Needs Attention
29680,4754,8,69588.4447,5,1,1,511,Potential Loyalist
29972,4357,4,69515.4239,1,1,1,111,Lost
29708,5088,4,69381.6517,5,1,1,511,Potential Loyalist
30030,4388,8,68644.5658,2,1,1,211,Needs Attention
30029,4357,8,68384.4244,1,1,1,111,Lost
29761,4418,12,68068.6803,2,1,1,211,Needs Attention
29805,4418,8,67712.4799,2,1,1,211,Needs Attention
29539,4388,12,67481.63,2,1,1,211,Needs Attention
29544,4388,8,66718.9124,2,1,1,211,Needs Attention
30015,4388,4,66640.3556,2,1,1,211,Needs Attention
29877,4357,4,66227.5116,1,1,1,111,Lost
29757,4388,12,65505.3258,2,1,1,211,Needs Attention
29526,4388,4,63438.0774,2,1,1,211,Needs Attention
29791,5119,4,62725.1342,5,1,1,511,Potential Loyalist
29570,4418,12,61854.5431,2,1,1,211,Needs Attention
29856,4357,8,61405.0318,1,1,1,111,Lost
29653,4357,4,61333.7327,1,1,1,111,Lost
29540,4388,8,60010.9459,2,1,1,211,Needs Attention
29655,5088,4,59709.5091,5,1,1,511,Potential Loyalist
29797,4388,8,58808.1531,2,1,1,211,Needs Attention
29731,4388,12,58418.6364,2,1,1,211,Needs Attention
30039,4418,8,55823.3779,2,1,1,211,Needs Attention
29780,4388,8,55608.3548,2,1,1,211,Needs Attention
29813,5119,4,54905.1516,5,1,1,511,Potential Loyalist
29667,4754,4,53326.5664,5,1,1,511,Potential Loyalist
29671,4418,4,52748.2969,2,1,1,211,Needs Attention
29558,4662,9,51533.2559,5,1,1,511,Potential Loyalist
30037,4357,8,51183.5661,1,1,1,111,Lost
29975,4357,8,51015.5565,1,1,1,111,Lost
29632,5088,4,50997.8805,5,1,1,511,Potential Loyalist
29778,4418,8,50673.1856,2,1,1,211,Needs Attention
29654,4418,8,50149.2315,2,1,1,211,Needs Attention
29586,4388,8,50117.8904,2,1,1,211,Needs Attention
29799,4357,4,49614.9179,1,1,1,111,Lost
29659,4540,7,49438.7051,4,1,1,411,Potential Loyalist
29520,4418,8,48061.4725,2,1,1,211,Needs Attention
29664,5119,4,48054.0631,5,1,1,511,Potential Loyalist
29663,4723,4,47094.0902,5,1,1,511,Potential Loyalist
29675,4388,12,46795.976,2,1,1,211,Needs Attention
29598,4388,8,46391.1048,2,1,1,211,Needs Attention
29866,4570,6,45690.8544,4,1,1,411,Potential Loyalist
29721,4357,12,45348.5877,1,1,1,111,Lost
29683,4418,8,45316.8917,2,1,1,211,Needs Attention
29873,4357,8,45166.9405,1,1,1,111,Lost
29779,4388,4,44581.9065,2,1,1,211,Needs Attention
29656,4418,4,44104.1959,2,1,1,211,Needs Attention
29709,4357,8,44065.4622,1,1,1,111,Lost
29897,4357,12,43717.8009,1,1,1,111,Lost
29669,4357,11,41979.0807,1,1,1,111,Lost
29596,5149,4,41264.0391,5,1,1,511,Potential Loyalist
29986,4388,8,40188.4765,2,1,1,211,Needs Attention
29677,4388,8,39661.4212,2,1,1,211,Needs Attention
29979,4388,4,38649.3061,2,1,1,211,Needs Attention
29830,4388,10,38452.4651,2,1,1,211,Needs Attention
29759,5149,4,36756.0713,5,1,1,511,Potential Loyalist
29633,4388,7,36079.2038,2,1,1,211,Needs Attention
30022,4388,11,35940.1377,2,1,1,211,Needs Attention
29982,4357,11,35703.6859,1,1,1,111,Lost
29670,4418,4,34882.524,2,1,1,211,Needs Attention
29634,4418,4,34605.00,2,1,1,211,Needs Attention
29973,4784,7,34242.491,5,1,1,511,Potential Loyalist
29762,4357,4,33399.5723,1,1,1,111,Lost
29879,4418,8,33364.2043,2,1,1,211,Needs Attention
29781,4357,8,33259.9208,1,1,1,111,Lost
29878,4357,4,33032.3816,1,1,1,111,Lost
30047,4388,7,32609.6356,2,1,1,211,Needs Attention
29686,5088,4,32409.8546,5,1,1,511,Potential Loyalist
29869,4388,8,31992.6547,2,1,1,211,Needs Attention
29613,4784,4,31727.7716,5,1,1,511,Potential Loyalist
29506,4388,4,31667.3341,2,1,1,211,Needs Attention
29631,4418,4,30395.4433,2,1,1,211,Needs Attention
29970,4418,4,30177.3446,2,1,1,211,Needs Attention
30007,4357,8,30113.5272,1,1,1,111,Lost
29566,5149,4,29903.9498,5,1,1,511,Potential Loyalist
29687,4357,4,29798.4906,1,1,1,111,Lost
29678,4357,8,28411.1304,1,1,1,111,Lost
29816,4388,8,28309.9672,2,1,1,211,Needs Attention
29969,4905,6,28114.4842,5,1,1,511,Potential Loyalist
29755,5088,4,27968.3147,5,1,1,511,Potential Loyalist
30034,4357,4,27794.1107,1,1,1,111,Lost
29801,4357,4,27421.8165,1,1,1,111,Lost
29635,4357,8,26741.013,1,1,1,111,Lost
29874,4418,4,25614.0199,2,1,1,211,Needs Attention
30027,4357,4,25454.6959,1,1,1,111,Lost
29673,5088,4,25153.6109,5,1,1,511,Potential Loyalist
29814,4388,4,25064.6472,2,1,1,211,Needs Attention
30019,4357,8,24931.8214,1,1,1,111,Lost
29593,4388,8,24927.7595,2,1,1,211,Needs Attention
29988,4754,8,24593.9994,5,1,1,511,Potential Loyalist
29519,4388,4,24584.3747,2,1,1,211,Needs Attention
29871,4418,4,24125.5655,2,1,1,211,Needs Attention
29569,4388,10,24082.9023,2,1,1,211,Needs Attention
29553,4357,4,23919.1909,1,1,1,111,Lost
29691,4388,7,23094.0255,2,1,1,211,Needs Attention
29984,4388,4,22929.4604,2,1,1,211,Needs Attention
29636,4784,4,22534.9569,5,1,1,511,Potential Loyalist
30052,5149,4,21863.8998,5,1,1,511,Potential Loyalist
29876,4754,4,21560.4034,5,1,1,511,Potential Loyalist
30035,4388,4,21186.4118,2,1,1,211,Needs Attention
29983,4388,8,21069.7806,2,1,1,211,Needs Attention
29747,4418,9,20895.9208,2,1,1,211,Needs Attention
29591,4418,4,20867.0069,2,1,1,211,Needs Attention
29574,4357,8,20712.4174,1,1,1,111,Lost
29527,4357,4,20366.1058,1,1,1,111,Lost
29804,4357,4,20330.4564,1,1,1,111,Lost
29750,4357,5,20326.274,1,1,1,111,Lost
30054,4388,4,19949.7654,2,1,1,211,Needs Attention
29600,4723,3,19798.5095,5,1,1,511,Potential Loyalist
29572,4357,4,19628.4772,1,1,1,111,Lost
29867,4418,7,19502.5955,2,1,1,211,Needs Attention
29976,4723,4,19322.199,5,1,1,511,Potential Loyalist
29610,4784,7,18398.3255,5,1,1,511,Potential Loyalist
29494,4357,9,18275.1045,1,1,1,111,Lost
29800,4388,5,18228.3542,2,1,1,211,Needs Attention
29517,4388,4,18084.8734,2,1,1,211,Needs Attention
29745,4418,8,17802.6999,2,1,1,211,Needs Attention
29588,4388,10,17361.1884,2,1,1,211,Needs Attention
29837,4418,8,17225.5661,2,1,1,211,Needs Attention
29554,4662,8,16912.9207,5,1,1,511,Potential Loyalist
30013,5088,3,16897.722,5,1,1,511,Potential Loyalist
30017,4754,4,16419.2646,5,1,1,511,Potential Loyalist
29903,4357,7,16240.964,1,1,1,111,Lost
29606,4418,10,16030.152,2,1,1,211,Needs Attention
29568,4357,8,15976.553,1,1,1,111,Lost
29535,4357,8,15812.5851,1,1,1,111,Lost
29555,4570,5,15378.0241,4,1,1,411,Potential Loyalist
29711,4357,6,15123.6669,1,1,1,111,Lost
29868,4388,4,14812.7687,2,1,1,211,Needs Attention
29890,4509,8,14794.6375,4,1,1,411,Potential Loyalist
12301,4366,5,14691.395,1,1,1,111,Lost
12132,4400,5,14690.1686,2,1,1,211,Needs Attention
12308,4367,5,14662.5435,1,1,1,111,Lost
12131,4407,5,14658.9191,2,1,1,211,Needs Attention
12300,4400,5,14633.1836,2,1,1,211,Needs Attention
12321,4365,5,14603.2934,1,1,1,111,Lost
12124,4410,5,14581.1824,2,1,1,211,Needs Attention
12307,4369,5,14556.3751,2,1,1,211,Needs Attention
12296,4392,5,14546.9273,2,1,1,211,Needs Attention
29681,4540,5,14400.5708,4,1,1,411,Potential Loyalist
29977,4388,4,14320.2259,2,1,1,211,Needs Attention
11433,4433,6,14265.1836,3,1,1,311,Potential Loyalist
29626,4388,7,14250.8476,2,1,1,211,Needs Attention
29676,4357,7,14203.9081,1,1,1,111,Lost
29518,4357,5,13921.0304,1,1,1,111,Lost
29863,4388,4,13862.1415,2,1,1,211,Needs Attention
11439,4397,6,13800.5325,2,1,1,211,Needs Attention
30061,4388,4,13647.4425,2,1,1,211,Needs Attention
30042,4478,11,13583.5227,3,1,1,311,Potential Loyalist
29682,4418,8,13525.1368,2,1,1,211,Needs Attention
30028,4754,4,13196.6562,5,1,1,511,Potential Loyalist
29556,4388,4,13147.5776,2,1,1,211,Needs Attention
30114,4418,8,13135.0333,2,1,1,211,Needs Attention
30012,4754,7,12778.5771,5,1,1,511,Potential Loyalist
30021,4388,4,12686.2211,2,1,1,211,Needs Attention
11241,4388,7,12673.4532,2,1,1,211,Needs Attention
29808,5088,3,12665.7725,5,1,1,511,Potential Loyalist
30058,4388,8,12543.4908,2,1,1,211,Needs Attention
30008,4357,5,12534.8796,1,1,1,111,Lost
29530,4723,4,12455.7997,5,1,1,511,Potential Loyalist
29730,4357,6,12438.7096,1,1,1,111,Lost
11417,4341,7,12429.5465,1,1,1,111,Lost
11420,4357,7,12376.8506,1,1,1,111,Lost
11242,4352,7,12230.1493,1,1,1,111,Lost
30003,4723,4,12066.9183,5,1,1,511,Potential Loyalist
29652,4357,4,12049.8414,1,1,1,111,Lost
12655,4522,4,12044.0802,4,1,1,411,Potential Loyalist
29623,4509,3,12019.4344,4,1,1,411,Potential Loyalist
13263,4503,4,12013.6264,4,1,1,411,Potential Loyalist
12323,4555,4,11974.7746,4,1,1,411,Potential Loyalist
12333,4534,4,11966.2882,4,1,1,411,Potential Loyalist
12650,4514,4,11949.0613,4,1,1,411,Potential Loyalist
29962,4357,8,11945.3244,1,1,1,111,Lost
12631,4532,4,11933.4697,4,1,1,411,Potential Loyalist
12632,4523,4,11926.5635,4,1,1,411,Potential Loyalist
12332,4515,4,11922.4308,4,1,1,411,Potential Loyalist
13405,4485,4,11910.3642,3,1,1,311,Potential Loyalist
11245,4345,4,11691.2869,1,1,1,111,Lost
11246,4336,4,11685.7397,1,1,1,111,Lost
11237,4361,4,11675.85,1,1,1,111,Lost
30031,4357,4,11670.4948,1,1,1,111,Lost
30024,4388,4,11639.3708,2,1,1,211,Needs Attention
11425,4335,6,11634.1343,1,1,1,111,Lost
11429,4332,6,11567.5595,1,1,1,111,Lost
29503,4388,7,11542.2556,2,1,1,211,Needs Attention
29597,4388,4,11509.0757,2,1,1,211,Needs Attention
29939,4357,4,11399.2362,1,1,1,111,Lost
29948,4357,3,11325.5993,1,1,1,111,Lost
30023,4388,7,11245.176,2,1,1,211,Needs Attention
11428,4395,4,10999.4574,2,1,1,211,Needs Attention
11427,4397,4,10959.3791,2,1,1,211,Needs Attention
11431,4417,4,10953.843,2,1,1,211,Needs Attention
11423,4397,4,10944.992,2,1,1,211,Needs Attention
11249,4432,4,10928.7485,3,1,1,311,Potential Loyalist
11412,4406,4,10917.3559,2,1,1,211,Needs Attention
14186,4466,4,10824.9337,3,1,1,311,Potential Loyalist
11421,4408,4,10806.9444,2,1,1,211,Needs Attention
29806,4357,4,10778.51,1,1,1,111,Lost
29665,4388,4,10758.4855,2,1,1,211,Needs Attention
29688,4388,5,10718.0322,2,1,1,211,Needs Attention
13592,4467,4,10713.7817,3,1,1,311,Potential Loyalist
29529,4357,4,10626.7121,1,1,1,111,Lost
13605,4477,4,10624.2768,3,1,1,311,Potential Loyalist
14185,4478,4,10522.9178,3,1,1,311,Potential Loyalist
13575,4475,4,10451.2918,3,1,1,311,Potential Loyalist
14192,4475,4,10444.3634,3,1,1,311,Potential Loyalist
13577,4462,4,10442.6064,3,1,1,311,Potential Loyalist
14200,4419,4,10411.2134,2,1,1,211,Needs Attention
13595,4463,4,10376.5385,3,1,1,311,Potential Loyalist
11432,4331,6,10309.8707,1,1,1,111,Lost
29611,5119,3,10277.0964,5,1,1,511,Potential Loyalist
29508,4357,10,10227.5269,1,1,1,111,Lost
29872,4540,6,10196.1966,4,1,1,411,Potential Loyalist
29764,4388,8,10131.4774,2,1,1,211,Needs Attention
30115,4388,8,10033.8172,2,1,1,211,Needs Attention
29590,4388,7,10009.4832,2,1,1,211,Needs Attention
29501,4357,4,9945.16,1,1,1,111,Lost
13257,4350,4,9880.1145,1,1,1,111,Lost
13258,4342,4,9819.6158,1,1,1,111,Lost
29887,4357,4,9686.1306,1,1,1,111,Lost
29679,4418,7,9680.9447,2,1,1,211,Needs Attention
29756,4570,6,9619.5049,4,1,1,411,Potential Loyalist
29602,4418,4,9613.3813,2,1,1,211,Needs Attention
12128,4352,4,9592.6248,1,1,1,111,Lost
29753,4388,8,9571.9115,2,1,1,211,Needs Attention
29971,4357,6,9549.7189,1,1,1,111,Lost
12125,4369,4,9497.9277,2,1,1,211,Needs Attention
12129,4331,4,9455.9377,1,1,1,111,Lost
29864,4357,7,9411.4058,1,1,1,111,Lost
13600,4506,3,9348.5764,4,1,1,411,Potential Loyalist
14427,4451,3,9338.6424,3,1,1,311,Potential Loyalist
30084,4418,8,9336.9338,2,1,1,211,Needs Attention
15106,4464,3,9305.5145,3,1,1,311,Potential Loyalist
14775,4534,3,9286.7295,4,1,1,411,Potential Loyalist
14429,4462,3,9275.6905,3,1,1,311,Potential Loyalist
15692,4478,3,9273.4916,3,1,1,311,Potential Loyalist
15097,4475,3,9256.6846,3,1,1,311,Potential Loyalist
13602,4509,3,9255.7895,4,1,1,411,Potential Loyalist
13583,4533,3,9254.6955,4,1,1,411,Potential Loyalist
13581,4530,3,9254.1431,4,1,1,411,Potential Loyalist
13585,4490,3,9246.9605,3,1,1,311,Potential Loyalist
14940,4493,3,9246.1428,3,1,1,311,Potential Loyalist
14939,4512,3,9245.8666,4,1,1,411,Potential Loyalist
14207,4522,3,9239.2366,4,1,1,411,Potential Loyalist
13584,4483,3,9239.2255,3,1,1,311,Potential Loyalist
13591,4499,3,9232.5735,3,1,1,311,Potential Loyalist
14830,4540,3,9222.6395,4,1,1,411,Potential Loyalist
15691,4476,3,9217.1256,3,1,1,311,Potential Loyalist
14425,4528,3,9207.1916,4,1,1,411,Potential Loyalist
13576,4518,3,9205.523,4,1,1,411,Potential Loyalist
14181,4511,3,9200.5727,4,1,1,411,Potential Loyalist
15695,4453,3,9198.2853,3,1,1,311,Potential Loyalist
14428,4496,3,9195.0476,3,1,1,311,Potential Loyalist
14183,4482,3,9195.0476,3,1,1,311,Potential Loyalist
11767,4497,3,9193.0587,3,1,1,311,Potential Loyalist
14426,4523,3,9192.8266,4,1,1,411,Potential Loyalist
14189,4529,3,9190.6387,4,1,1,411,Potential Loyalist
14195,4474,3,9189.5005,3,1,1,311,Potential Loyalist
14198,4532,3,9180.992,4,1,1,411,Potential Loyalist
13590,4487,3,9178.4616,3,1,1,311,Potential Loyalist
15080,4500,3,9177.3566,3,1,1,311,Potential Loyalist
14191,4494,3,9172.9477,3,1,1,311,Potential Loyalist
15118,4458,3,9172.9477,3,1,1,311,Potential Loyalist
15354,4471,3,9168.5055,3,1,1,311,Potential Loyalist
11112,4445,3,9165.9972,3,1,1,311,Potential Loyalist
11766,4499,3,9149.9305,3,1,1,311,Potential Loyalist
12338,4461,3,9132.8251,3,1,1,311,Potential Loyalist
11101,4510,3,9130.0847,4,1,1,411,Potential Loyalist
11900,4498,3,9123.9961,3,1,1,311,Potential Loyalist
12003,4468,3,9123.4326,3,1,1,311,Potential Loyalist
11451,4534,3,9115.6865,4,1,1,411,Potential Loyalist
11995,4346,3,9115.1562,1,1,1,111,Lost
11000,4567,3,9115.1341,4,1,1,411,Potential Loyalist
11058,4535,3,9114.0622,4,1,1,411,Potential Loyalist
11901,4377,3,9114.0511,2,1,1,211,Needs Attention
11986,4451,3,9110.9792,3,1,1,311,Potential Loyalist
11109,4515,3,9110.7361,4,1,1,411,Potential Loyalist
11120,4428,3,9107.9515,3,1,1,311,Potential Loyalist
29875,4418,6,9104.4789,2,1,1,211,Needs Attention
11446,4518,3,9101.8961,4,1,1,411,Potential Loyalist
11443,4416,3,9099.6751,2,1,1,211,Needs Attention
11762,4503,3,9091.9511,4,1,1,411,Potential Loyalist
11456,4539,3,9088.0284,4,1,1,411,Potential Loyalist
11054,4540,3,9086.4372,4,1,1,411,Potential Loyalist
11894,4503,3,9086.4151,4,1,1,411,Potential Loyalist
11343,4485,3,9085.2991,3,1,1,311,Potential Loyalist
11099,4508,3,9078.669,4,1,1,411,Potential Loyalist
11751,4492,3,9077.5972,3,1,1,311,Potential Loyalist
11904,4508,3,9077.0226,4,1,1,411,Potential Loyalist
12039,4472,3,9075.3651,3,1,1,311,Potential Loyalist
11977,4463,3,9074.8126,3,1,1,311,Potential Loyalist
11457,4538,3,9073.6855,4,1,1,411,Potential Loyalist
11007,4612,3,9073.1551,5,1,1,511,Potential Loyalist
11056,4539,3,9069.2876,4,1,1,411,Potential Loyalist
11918,4361,3,9066.514,1,1,1,111,Lost
11080,4516,3,9065.4422,4,1,1,411,Potential Loyalist
12010,4472,3,9064.8676,3,1,1,311,Potential Loyalist
11897,4403,3,9064.3372,2,1,1,211,Needs Attention
11004,4569,3,9056.5911,4,1,1,411,Potential Loyalist
12009,4465,3,9056.0276,3,1,1,311,Potential Loyalist
11147,4401,3,9056.0276,2,1,1,211,Needs Attention
11072,4524,3,9054.3701,4,1,1,411,Potential Loyalist
11341,4490,3,9052.1601,3,1,1,311,Potential Loyalist
11899,4501,3,9049.3976,4,1,1,411,Potential Loyalist
11117,4514,3,9044.414,4,1,1,411,Potential Loyalist
11452,4527,3,9042.2593,4,1,1,411,Potential Loyalist
12000,4463,3,9042.2151,3,1,1,311,Potential Loyalist
11103,4533,3,9041.6626,4,1,1,411,Potential Loyalist
11093,4531,3,9038.9001,4,1,1,411,Potential Loyalist
11898,4486,3,9037.8283,3,1,1,311,Potential Loyalist
11916,4457,3,9037.2537,3,1,1,311,Potential Loyalist
11453,4520,3,9035.563,4,1,1,411,Potential Loyalist
11964,4469,3,9031.7508,3,1,1,311,Potential Loyalist
11450,4522,3,9031.4524,4,1,1,411,Potential Loyalist
11104,4524,3,9031.1982,4,1,1,411,Potential Loyalist
11969,4462,3,9031.1872,3,1,1,311,Potential Loyalist
11100,4471,3,9030.6237,3,1,1,311,Potential Loyalist
11919,4335,3,9029.5297,1,1,1,111,Lost
11107,4518,3,9028.9661,4,1,1,411,Potential Loyalist
11077,4527,3,9026.7782,4,1,1,411,Potential Loyalist
11994,4455,3,9026.7782,3,1,1,311,Potential Loyalist
11952,4471,3,9026.7451,3,1,1,311,Potential Loyalist
11055,4532,3,9025.6512,4,1,1,411,Potential Loyalist
11914,4455,3,9023.3859,3,1,1,311,Potential Loyalist
11472,4391,3,9023.2312,2,1,1,211,Needs Attention
11070,4513,3,9022.9328,4,1,1,411,Potential Loyalist
11990,4456,3,9021.2311,3,1,1,311,Potential Loyalist
11754,4479,3,9020.7008,3,1,1,311,Potential Loyalist
11333,4495,3,9020.4576,3,1,1,311,Potential Loyalist
11337,4490,3,9019.0101,3,1,1,311,Potential Loyalist
11394,4476,3,9018.9769,3,1,1,311,Potential Loyalist
11381,4460,3,9017.9272,3,1,1,311,Potential Loyalist
11076,4518,3,9015.7393,4,1,1,411,Potential Loyalist
11465,4496,3,9014.6343,3,1,1,311,Potential Loyalist
11095,4514,3,9014.6011,4,1,1,411,Potential Loyalist
11491,4440,3,9014.6011,3,1,1,311,Potential Loyalist
11920,4345,3,9012.7337,1,1,1,111,Lost
11905,4503,3,9012.358,4,1,1,411,Potential Loyalist
11334,4482,3,9010.1922,3,1,1,311,Potential Loyalist
11060,4514,3,9009.0872,4,1,1,411,Potential Loyalist
11967,4471,3,9009.0872,3,1,1,311,Potential Loyalist
11906,4497,3,9006.8551,3,1,1,311,Potential Loyalist
11761,4480,3,9005.1865,3,1,1,311,Potential Loyalist
11895,4484,3,9004.6893,3,1,1,311,Potential Loyalist
11750,4416,3,9003.5622,2,1,1,211,Needs Attention
12002,4475,3,9000.5897,3,1,1,311,Potential Loyalist
11765,4483,3,8998.0483,3,1,1,311,Potential Loyalist
11482,4437,3,8998.0482,3,1,1,311,Potential Loyalist
11915,4454,3,8998.0151,3,1,1,311,Potential Loyalist
11455,4539,3,8996.9433,4,1,1,411,Potential Loyalist
11459,4521,3,8996.1697,4,1,1,411,Potential Loyalist
11989,4472,3,8994.1808,3,1,1,311,Potential Loyalist
11003,4560,3,8993.9155,4,1,1,411,Potential Loyalist
11768,4495,3,8993.6393,3,1,1,311,Potential Loyalist
11460,4529,3,8991.9597,4,1,1,411,Potential Loyalist
12337,4470,3,8991.3961,3,1,1,311,Potential Loyalist
11111,4456,3,8991.3851,3,1,1,311,Potential Loyalist
11444,4537,3,8990.3022,4,1,1,411,Potential Loyalist
11907,4489,3,8989.5397,3,1,1,311,Potential Loyalist
11011,4612,3,8987.0093,5,1,1,511,Potential Loyalist
11448,4518,3,8985.8711,4,1,1,411,Potential Loyalist
11052,4543,3,8985.1087,4,1,1,411,Potential Loyalist
11993,4333,3,8985.1087,1,1,1,111,Lost
11449,4515,3,8984.0037,4,1,1,411,Potential Loyalist
11124,4521,3,8982.5672,4,1,1,411,Potential Loyalist
11764,4502,3,8982.5672,4,1,1,411,Potential Loyalist
11061,4525,3,8982.5672,4,1,1,411,Potential Loyalist
11464,4508,3,8982.0036,4,1,1,411,Potential Loyalist
11991,4337,3,8981.4622,1,1,1,111,Lost
11489,4419,3,8980.8986,2,1,1,211,Needs Attention
11108,4516,3,8977.0643,4,1,1,411,Potential Loyalist
11893,4486,3,8975.9483,3,1,1,311,Potential Loyalist
11992,4345,3,8975.9482,1,1,1,111,Lost
11005,4568,3,8974.0698,4,1,1,411,Potential Loyalist
11917,4459,3,8974.0698,3,1,1,311,Potential Loyalist
11344,4486,3,8972.3901,3,1,1,311,Potential Loyalist
11892,4487,3,8971.5283,3,1,1,311,Potential Loyalist
11006,4556,3,8971.5283,4,1,1,411,Potential Loyalist
11896,4498,3,8970.357,3,1,1,311,Potential Loyalist
11462,4484,3,8968.5447,3,1,1,311,Potential Loyalist
11398,4476,3,8966.0143,3,1,1,311,Potential Loyalist
12004,4470,3,8966.0143,3,1,1,311,Potential Loyalist
11002,4636,3,8966.0143,5,1,1,511,Potential Loyalist
11910,4475,3,8964.8983,3,1,1,311,Potential Loyalist
12001,4464,3,8964.8761,3,1,1,311,Potential Loyalist
11092,4518,3,8961.5722,4,1,1,411,Potential Loyalist
11903,4496,3,8959.3843,3,1,1,311,Potential Loyalist
11008,4629,3,8957.4726,5,1,1,511,Potential Loyalist
11909,4477,3,8956.3676,3,1,1,311,Potential Loyalist
11069,4535,3,8954.9754,4,1,1,411,Potential Loyalist
11097,4485,3,8949.4282,3,1,1,311,Potential Loyalist
11445,4511,3,8948.3232,4,1,1,411,Potential Loyalist
11105,4534,3,8946.0691,4,1,1,411,Potential Loyalist
11912,4364,3,8945.3287,1,1,1,111,Lost
11110,4458,3,8942.7983,3,1,1,311,Potential Loyalist
12302,4330,4,8941.5381,1,1,1,111,Lost
11009,4561,3,8940.9197,4,1,1,411,Potential Loyalist
11488,4448,3,8939.8147,3,1,1,311,Potential Loyalist
11461,4488,3,8938.3893,3,1,1,311,Potential Loyalist
11454,4521,3,8938.3893,4,1,1,411,Potential Loyalist
11057,4549,3,8937.2843,4,1,1,411,Potential Loyalist
11010,4547,3,8937.2843,4,1,1,411,Potential Loyalist
11976,4453,3,8936.4776,3,1,1,311,Potential Loyalist
11151,4397,3,8936.4776,2,1,1,211,Needs Attention
11908,4455,3,8927.3504,3,1,1,311,Potential Loyalist
11968,4461,3,8927.3504,3,1,1,311,Potential Loyalist
11106,4524,3,8927.3504,4,1,1,411,Potential Loyalist
11447,4539,3,8926.2122,4,1,1,411,Potential Loyalist
11353,4470,3,8926.2122,3,1,1,311,Potential Loyalist
11988,4472,3,8926.2122,3,1,1,311,Potential Loyalist
11756,4392,3,8926.2122,2,1,1,211,Needs Attention
11963,4455,3,8915.1733,3,1,1,311,Potential Loyalist
11351,4450,3,8915.1733,3,1,1,311,Potential Loyalist
11075,4515,3,8915.1733,4,1,1,411,Potential Loyalist
12291,4366,4,8915.0291,1,1,1,111,Lost
11096,4479,3,8909.6593,3,1,1,311,Potential Loyalist
11759,4500,3,8899.7254,3,1,1,311,Potential Loyalist
12298,4345,4,8899.0177,1,1,1,111,Lost
12297,4377,4,8864.9491,2,1,1,211,Needs Attention
29775,4357,8,8853.5804,1,1,1,111,Lost
12314,4328,4,8837.7012,1,1,1,111,Lost
12130,4372,4,8826.6403,2,1,1,211,Needs Attention
29576,4357,8,8792.733,1,1,1,111,Lost
12330,4332,4,8766.4177,1,1,1,111,Lost
29771,4784,4,8765.706,5,1,1,511,Potential Loyalist
29944,5088,3,8701.4222,5,1,1,511,Potential Loyalist
13259,4368,4,8678.1066,2,1,1,211,Needs Attention
29952,4388,5,8669.5054,2,1,1,211,Needs Attention
29719,4388,7,8614.0445,2,1,1,211,Needs Attention
29812,4357,8,8393.509,1,1,1,111,Lost
11240,4557,4,8382.7842,4,1,1,411,Potential Loyalist
29850,4418,4,8381.6941,2,1,1,211,Needs Attention
11238,4570,4,8334.7609,4,1,1,411,Potential Loyalist
29514,4357,4,8324.8371,1,1,1,111,Lost
11239,4542,4,8300.2629,4,1,1,411,Potential Loyalist
13256,4331,4,8281.842,1,1,1,111,Lost
29512,4357,4,8265.899,1,1,1,111,Lost
13255,4354,4,8169.3295,1,1,1,111,Lost
12657,4333,4,8159.4287,1,1,1,111,Lost
16589,4430,3,8114.7775,3,1,1,311,Potential Loyalist
29644,4357,7,8095.6663,1,1,1,111,Lost
13406,4369,4,8067.1078,2,1,1,211,Needs Attention
13579,4368,4,8061.0193,1,1,1,111,Lost
17221,4459,3,8058.0027,3,1,1,311,Potential Loyalist
13580,4329,4,8050.5549,1,1,1,111,Lost
17114,4377,3,8039.2729,2,1,1,211,Needs Attention
15093,4376,3,8028.5433,2,1,1,211,Needs Attention
13264,4410,4,8028.4439,2,1,1,211,Needs Attention
13265,4381,4,8021.8139,2,1,1,211,Needs Attention
15095,4347,3,8017.5044,1,1,1,111,Lost
17184,4461,3,8014.9518,3,1,1,311,Potential Loyalist
15623,4424,3,8007.7915,2,1,1,211,Needs Attention
16263,4428,3,8003.9129,3,1,1,311,Potential Loyalist
16823,4423,3,8002.7968,2,1,1,211,Needs Attention
13260,4465,4,7999.7139,3,1,1,311,Potential Loyalist
16196,4451,3,7997.2829,3,1,1,311,Potential Loyalist
17198,4457,3,7992.8629,3,1,1,311,Potential Loyalist
15357,4494,3,7991.7689,3,1,1,311,Potential Loyalist
16594,4445,3,7990.6639,3,1,1,311,Potential Loyalist
15085,4496,3,7988.4539,3,1,1,311,Potential Loyalist
19031,4345,3,7985.15,1,1,1,111,Lost
16207,4445,3,7985.1389,3,1,1,311,Potential Loyalist
15676,4413,3,7983.2715,2,1,1,211,Needs Attention
15678,4410,3,7981.7908,2,1,1,211,Needs Attention
16821,4459,3,7979.5918,3,1,1,311,Potential Loyalist
13792,4334,3,7973.7685,1,1,1,111,Lost
15116,4500,3,7970.2104,3,1,1,311,Potential Loyalist
13794,4344,3,7969.3264,1,1,1,111,Lost
17214,4386,3,7968.586,2,1,1,211,Needs Attention
14791,4517,3,7967.9893,4,1,1,411,Potential Loyalist
15675,4464,3,7963.05,3,1,1,311,Potential Loyalist
16831,4400,3,7963.0389,2,1,1,211,Needs Attention
16827,4395,3,7961.9229,2,1,1,211,Needs Attention
29851,4388,5,7960.2602,2,1,1,211,Needs Attention
16565,4381,3,7960.0444,2,1,1,211,Needs Attention
16206,4453,3,7959.7018,3,1,1,311,Potential Loyalist
15677,4401,3,7956.9504,2,1,1,211,Needs Attention
13261,4417,4,7956.6411,2,1,1,211,Needs Attention
18166,4345,3,7956.4089,1,1,1,111,Lost
13606,4329,4,7951.1161,1,1,1,111,Lost
16585,4426,3,7947.591,2,1,1,211,Needs Attention
11414,4432,4,7946.906,3,1,1,311,Potential Loyalist
11413,4442,4,7944.6739,3,1,1,311,Potential Loyalist
18173,4351,3,7944.2318,1,1,1,111,Lost
15685,4487,3,7943.149,3,1,1,311,Potential Loyalist
17781,4386,3,7942.0439,2,1,1,211,Needs Attention
15932,4457,3,7940.961,3,1,1,311,Potential Loyalist
16829,4413,3,7939.8339,2,1,1,211,Needs Attention
16828,4401,3,7936.8394,2,1,1,211,Needs Attention
17209,4472,3,7936.5521,3,1,1,311,Potential Loyalist
16822,4431,3,7929.90,3,1,1,311,Potential Loyalist
17183,4462,3,7929.3254,3,1,1,311,Potential Loyalist
11244,4490,4,7929.2039,3,1,1,311,Potential Loyalist
13693,4351,3,7924.596,1,1,1,111,Lost
16261,4374,3,7923.8114,2,1,1,211,Needs Attention
15625,4483,3,7922.1761,3,1,1,311,Potential Loyalist
11243,4530,4,7916.4963,4,1,1,411,Potential Loyalist
16204,4383,3,7914.4411,2,1,1,211,Needs Attention
13690,4380,3,7914.0985,2,1,1,211,Needs Attention
16567,4382,3,7911.4686,2,1,1,211,Needs Attention
13765,4328,3,7903.0595,1,1,1,111,Lost
13777,4329,3,7897.5124,1,1,1,111,Lost
16830,4455,3,7888.2415,3,1,1,311,Potential Loyalist
13784,4333,3,7887.6006,1,1,1,111,Lost
11247,4461,4,7880.3187,3,1,1,311,Potential Loyalist
16598,4421,3,7880.1971,2,1,1,211,Needs Attention
11250,4472,4,7863.4564,3,1,1,311,Potential Loyalist
15094,4369,3,7855.3042,2,1,1,211,Needs Attention
12037,4438,3,7853.3456,3,1,1,311,Potential Loyalist
29599,4418,6,7841.7414,2,1,1,211,Needs Attention
29826,4418,7,7834.8172,2,1,1,211,Needs Attention
14203,4447,3,7825.0161,3,1,1,311,Potential Loyalist
11422,4383,4,7818.1734,2,1,1,211,Needs Attention
11548,4375,3,7810.4384,2,1,1,211,Needs Attention
15082,4535,3,7810.2312,4,1,1,411,Potential Loyalist
16587,4451,3,7805.2367,3,1,1,311,Potential Loyalist
11996,4476,3,7799.8636,3,1,1,311,Potential Loyalist
11485,4435,3,7788.3716,3,1,1,311,Potential Loyalist
18177,4347,3,7783.1367,1,1,1,111,Lost
11999,4476,3,7782.8135,3,1,1,311,Potential Loyalist
14976,4530,3,7779.8769,4,1,1,411,Potential Loyalist
11997,4464,3,7767.907,3,1,1,311,Potential Loyalist
15626,4502,3,7767.1252,4,1,1,411,Potential Loyalist
12007,4426,3,7761.277,3,1,1,311,Potential Loyalist
11549,4344,3,7761.266,1,1,1,111,Lost
13012,4399,3,7754.2708,2,1,1,211,Needs Attention
14773,4510,3,7752.2519,4,1,1,411,Potential Loyalist
17825,4343,3,7752.1856,1,1,1,111,Lost
11496,4381,3,7750.2381,2,1,1,211,Needs Attention
14790,4522,3,7740.0527,4,1,1,411,Potential Loyalist
16298,4416,3,7735.9642,2,1,1,211,Needs Attention
16603,4466,3,7735.6106,3,1,1,311,Potential Loyalist
15637,4409,3,7734.5277,2,1,1,211,Needs Attention
15084,4482,3,7733.9973,3,1,1,311,Potential Loyalist
14424,4422,3,7733.7432,2,1,1,211,Needs Attention
17199,4471,3,7732.3067,3,1,1,311,Potential Loyalist
16588,4442,3,7729.0137,3,1,1,311,Potential Loyalist
16575,4445,3,7729.0027,3,1,1,311,Potential Loyalist
17811,4353,3,7723.4888,1,1,1,111,Lost
15624,4424,3,7723.4887,2,1,1,211,Needs Attention
17225,4386,3,7720.4942,2,1,1,211,Needs Attention
11388,4574,3,7720.3588,4,1,1,411,Potential Loyalist
12005,4461,3,7718.2152,3,1,1,311,Potential Loyalist
18127,4367,3,7715.1902,1,1,1,111,Lost
14931,4511,3,7713.8421,4,1,1,411,Potential Loyalist
17207,4364,3,7712.4166,1,1,1,111,Lost
15926,4500,3,7711.3116,3,1,1,311,Potential Loyalist
17192,4395,3,7710.2287,2,1,1,211,Needs Attention
15117,4480,3,7706.8917,3,1,1,311,Potential Loyalist
15697,4507,3,7706.8696,4,1,1,411,Potential Loyalist
17202,4372,3,7706.3391,2,1,1,211,Needs Attention
15687,4330,3,7706.1292,1,1,1,111,Lost
11494,4417,3,7706.0601,2,1,1,211,Needs Attention
18141,4340,3,7705.0131,1,1,1,111,Lost
15699,4467,3,7701.3777,3,1,1,311,Potential Loyalist
11400,4490,3,7699.397,3,1,1,311,Potential Loyalist
14031,4346,3,7695.6822,1,1,1,111,Lost
15684,4508,3,7694.1952,4,1,1,411,Potential Loyalist
13625,4388,3,7693.1629,2,1,1,211,Needs Attention
11998,4450,3,7693.1206,3,1,1,311,Potential Loyalist
15928,4486,3,7690.8912,3,1,1,311,Potential Loyalist
11468,4457,3,7690.6012,3,1,1,311,Potential Loyalist
11493,4435,3,7689.4741,3,1,1,311,Potential Loyalist
11387,4599,3,7689.4741,5,1,1,511,Potential Loyalist
15086,4455,3,7689.2227,3,1,1,311,Potential Loyalist
12216,4339,3,7685.7277,1,1,1,111,Lost
17185,4391,3,7684.8027,2,1,1,211,Needs Attention
16826,4455,3,7683.7088,3,1,1,311,Potential Loyalist
15100,4502,3,7682.6037,4,1,1,411,Potential Loyalist
17203,4370,3,7682.5485,2,1,1,211,Needs Attention
17182,4403,3,7680.4158,2,1,1,211,Needs Attention
16205,4375,3,7680.3827,2,1,1,211,Needs Attention
16262,4343,3,7679.2777,1,1,1,111,Lost
18126,4364,3,7674.8687,1,1,1,111,Lost
17181,4456,3,7673.7637,3,1,1,311,Potential Loyalist
15929,4437,3,7673.7637,3,1,1,311,Potential Loyalist
15627,4451,3,7672.6588,3,1,1,311,Potential Loyalist
15101,4490,3,7672.6256,3,1,1,311,Potential Loyalist
16203,4399,3,7668.5592,2,1,1,211,Needs Attention
16824,4478,3,7667.1448,3,1,1,311,Potential Loyalist
19032,4343,3,7667.1337,1,1,1,111,Lost
17103,4361,3,7663.2662,1,1,1,111,Lost
15927,4507,3,7660.8573,4,1,1,411,Potential Loyalist
15933,4437,3,7659.7302,3,1,1,311,Potential Loyalist
18147,4337,3,7658.3048,1,1,1,111,Lost
18135,4369,3,7648.3488,2,1,1,211,Needs Attention
16286,4354,3,7647.2769,1,1,1,111,Lost
15114,4487,3,7645.3542,3,1,1,311,Potential Loyalist
17093,4358,3,7643.9398,1,1,1,111,Lost
16199,4459,3,7643.9398,3,1,1,311,Potential Loyalist
16307,4396,3,7643.9398,2,1,1,211,Needs Attention
15702,4446,3,7643.8845,3,1,1,311,Potential Loyalist
12988,4396,3,7641.5594,2,1,1,211,Needs Attention
17220,4452,3,7640.9121,3,1,1,311,Potential Loyalist
18160,4343,3,7640.6248,1,1,1,111,Lost
12335,4609,3,7638.4211,5,1,1,511,Potential Loyalist
12702,4410,3,7636.7636,2,1,1,211,Needs Attention
16309,4417,3,7636.2048,2,1,1,211,Needs Attention
12222,4349,3,7634.5537,1,1,1,111,Lost
13626,4373,3,7634.5426,2,1,1,211,Needs Attention
17218,4364,3,7632.8566,1,1,1,111,Lost
18168,4338,3,7632.8456,1,1,1,111,Lost
16448,4401,3,7632.1163,2,1,1,211,Needs Attention
13082,4375,3,7631.5606,2,1,1,211,Needs Attention
12348,4435,3,7631.2276,3,1,1,311,Potential Loyalist
14030,4346,3,7630.544,1,1,1,111,Lost
15693,4485,3,7629.5859,3,1,1,311,Potential Loyalist
18136,4365,3,7629.5858,1,1,1,111,Lost
12685,4408,3,7629.0397,2,1,1,211,Needs Attention
13407,4545,3,7629.0286,4,1,1,411,Potential Loyalist
12239,4339,3,7626.0688,1,1,1,111,Lost
16595,4440,3,7626.0277,3,1,1,311,Potential Loyalist
17191,4465,3,7619.6519,3,1,1,311,Potential Loyalist
13104,4361,3,7618.3559,1,1,1,111,Lost
12684,4398,3,7616.8515,2,1,1,211,Needs Attention
12703,4414,3,7614.6857,2,1,1,211,Needs Attention
12215,4335,3,7614.2563,1,1,1,111,Lost
16297,4393,3,7613.0219,2,1,1,211,Needs Attention
13629,4367,3,7612.4647,1,1,1,111,Lost
13955,4341,3,7611.7259,1,1,1,111,Lost
12647,4580,3,7609.6911,4,1,1,411,Potential Loyalist
13132,4377,3,7603.0833,2,1,1,211,Needs Attention
12680,4430,3,7602.5087,3,1,1,311,Potential Loyalist
13965,4336,3,7593.9906,1,1,1,111,Lost
11609,4363,3,7593.6797,1,1,1,111,Lost
13616,4379,3,7593.6244,2,1,1,211,Needs Attention
13960,4333,3,7593.2723,1,1,1,111,Lost
13122,4359,3,7592.9298,1,1,1,111,Lost
18158,4353,3,7590.9219,1,1,1,111,Lost
12701,4417,3,7589.6259,2,1,1,211,Needs Attention
12688,4415,3,7588.5208,2,1,1,211,Needs Attention
14941,4360,3,7586.455,1,1,1,111,Lost
12339,4475,3,7586.3329,3,1,1,311,Potential Loyalist
13091,4385,3,7585.7694,2,1,1,211,Needs Attention
13644,4333,3,7585.228,1,1,1,111,Lost
12686,4416,3,7585.2279,2,1,1,211,Needs Attention
12346,4429,3,7585.2279,3,1,1,311,Potential Loyalist
12658,4557,3,7584.1009,4,1,1,411,Potential Loyalist
13076,4401,3,7582.6629,2,1,1,211,Needs Attention
12700,4393,3,7580.7858,2,1,1,211,Needs Attention
12653,4542,3,7580.3976,4,1,1,411,Potential Loyalist
12676,4441,3,7579.7029,3,1,1,311,Potential Loyalist
14032,4338,3,7579.6698,1,1,1,111,Lost
13959,4346,3,7578.5523,1,1,1,111,Lost
12994,4409,3,7575.2608,2,1,1,211,Needs Attention
13139,4365,3,7574.1669,1,1,1,111,Lost
12705,4399,3,7573.7897,2,1,1,211,Needs Attention
12706,4399,3,7570.8077,2,1,1,211,Needs Attention
12995,4391,3,7569.8891,2,1,1,211,Needs Attention
13078,4372,3,7569.7579,2,1,1,211,Needs Attention
13620,4373,3,7567.1155,2,1,1,211,Needs Attention
12645,4586,3,7566.7744,5,1,1,511,Potential Loyalist
12689,4418,3,7565.8463,2,1,1,211,Needs Attention
12637,4571,3,7563.8557,4,1,1,411,Potential Loyalist
13251,4563,3,7563.0822,4,1,1,411,Potential Loyalist
13080,4384,3,7563.0712,2,1,1,211,Needs Attention
13075,4399,3,7562.5534,2,1,1,211,Needs Attention
13646,4351,3,7562.1762,1,1,1,111,Lost
13970,4346,3,7561.6678,1,1,1,111,Lost
13103,4363,3,7561.0712,1,1,1,111,Lost
13966,4330,3,7560.5408,1,1,1,111,Lost
13622,4385,3,7559.7798,2,1,1,211,Needs Attention
13953,4337,3,7559.0284,1,1,1,111,Lost
12341,4438,3,7558.8833,3,1,1,311,Potential Loyalist
12999,4398,3,7558.7079,2,1,1,211,Needs Attention
12668,4428,3,7557.6029,3,1,1,311,Potential Loyalist
13160,4366,3,7557.6029,1,1,1,111,Lost
12347,4423,3,7557.2257,2,1,1,211,Needs Attention
13958,4353,3,7556.6954,1,1,1,111,Lost
13632,4339,3,7556.498,1,1,1,111,Lost
12644,4580,3,7556.1207,4,1,1,411,Potential Loyalist
12342,4424,3,7556.1207,2,1,1,211,Needs Attention
13113,4382,3,7549.8127,2,1,1,211,Needs Attention
13638,4348,3,7549.4907,1,1,1,111,Lost
14020,4346,3,7549.0944,1,1,1,111,Lost
13636,4357,3,7549.0944,1,1,1,111,Lost
13051,4392,3,7549.0724,2,1,1,211,Needs Attention
13117,4377,3,7548.7172,2,1,1,211,Needs Attention
12990,4416,3,7546.564,2,1,1,211,Needs Attention
12674,4443,3,7546.564,3,1,1,311,Potential Loyalist
13119,4362,3,7546.5419,1,1,1,111,Lost
12263,4329,3,7546.4645,1,1,1,111,Lost
12630,4574,3,7542.1329,4,1,1,411,Potential Loyalist
12210,4375,3,7542.1219,2,1,1,211,Needs Attention
13630,4354,3,7541.3263,1,1,1,111,Lost
12317,4607,3,7539.8787,5,1,1,511,Potential Loyalist
13129,4367,3,7539.5789,1,1,1,111,Lost
12693,4394,3,7536.619,2,1,1,211,Needs Attention
13252,4552,3,7536.6079,4,1,1,411,Potential Loyalist
13411,4540,3,7535.5029,4,1,1,411,Potential Loyalist
14038,4339,3,7535.1257,1,1,1,111,Lost
13011,4412,3,7535.1147,2,1,1,211,Needs Attention
12355,4430,3,7534.0097,3,1,1,311,Potential Loyalist
12648,4569,3,7533.4461,4,1,1,411,Potential Loyalist
13128,4387,3,7532.9378,2,1,1,211,Needs Attention
13645,4340,3,7532.9158,1,1,1,111,Lost
13631,4335,3,7532.9158,1,1,1,111,Lost
12989,4411,3,7532.9158,2,1,1,211,Needs Attention
13126,4363,3,7530.6616,1,1,1,111,Lost
13133,4388,3,7528.4957,2,1,1,211,Needs Attention
12667,4431,3,7528.4957,3,1,1,311,Potential Loyalist
12675,4433,3,7528.1105,3,1,1,311,Potential Loyalist
13090,4368,3,7527.7222,2,1,1,211,Needs Attention
13649,4341,3,7527.4018,1,1,1,111,Lost
13651,4336,3,7527.3907,1,1,1,111,Lost
13404,4543,3,7527.3907,4,1,1,411,Potential Loyalist
12356,4428,3,7525.1918,3,1,1,311,Potential Loyalist
14033,4341,3,7525.0055,1,1,1,111,Lost
12996,4415,3,7523.0039,2,1,1,211,Needs Attention
12318,4623,3,7523.0039,5,1,1,511,Potential Loyalist
14039,4351,3,7522.9818,1,1,1,111,Lost
13619,4364,3,7522.9486,1,1,1,111,Lost
13114,4363,3,7522.2319,1,1,1,111,Lost
13964,4339,3,7521.1269,1,1,1,111,Lost
11575,4431,3,7520.7608,3,1,1,311,Potential Loyalist
29965,4357,3,7520.2499,1,1,1,111,Lost
12687,4398,3,7520.044,2,1,1,211,Needs Attention
14045,4331,3,7518.5618,1,1,1,111,Lost
12214,4339,3,7518.3297,1,1,1,111,Lost
13633,4345,3,7517.4679,1,1,1,111,Lost
12315,4617,3,7517.4568,5,1,1,511,Potential Loyalist
12671,4449,3,7516.3518,3,1,1,311,Potential Loyalist
12683,4426,3,7515.6019,2,1,1,211,Needs Attention
13254,4554,3,7515.2468,4,1,1,411,Potential Loyalist
13089,4374,3,7514.4969,2,1,1,211,Needs Attention
13643,4354,3,7513.3919,1,1,1,111,Lost
12316,4612,3,7513.3919,5,1,1,511,Potential Loyalist
13000,4394,3,7513.3919,2,1,1,211,Needs Attention
13001,4408,3,7513.3683,2,1,1,211,Needs Attention
12699,4397,3,7511.9318,2,1,1,211,Needs Attention
13130,4367,3,7510.8489,1,1,1,111,Lost
12354,4445,3,7510.8268,3,1,1,311,Potential Loyalist
14949,4352,3,7509.1381,1,1,1,111,Lost
11612,4368,3,7508.6057,2,1,1,211,Needs Attention
15059,4336,3,7506.8618,1,1,1,111,Lost
13647,4335,3,7506.4289,1,1,1,111,Lost
13408,4543,3,7505.2907,4,1,1,411,Potential Loyalist
12328,4610,3,7505.2797,5,1,1,511,Potential Loyalist
12350,4422,3,7504.8834,2,1,1,211,Needs Attention
12669,4428,3,7504.1637,3,1,1,311,Potential Loyalist
11568,4427,3,7502.353,3,1,1,311,Potential Loyalist
12358,4443,3,7500.4744,3,1,1,311,Potential Loyalist
12634,4576,3,7500.4744,4,1,1,411,Potential Loyalist
12698,4418,3,7499.3584,2,1,1,211,Needs Attention
11610,4385,3,7499.0159,2,1,1,211,Needs Attention
11604,4401,3,7498.6607,2,1,1,211,Needs Attention
12677,4426,3,7497.944,3,1,1,311,Potential Loyalist
12670,4435,3,7497.5668,3,1,1,311,Potential Loyalist
12694,4408,3,7497.5668,2,1,1,211,Needs Attention
12681,4429,3,7496.4618,3,1,1,311,Potential Loyalist
13115,4382,3,7491.2572,2,1,1,211,Needs Attention
13637,4334,3,7488.7268,1,1,1,111,Lost
13253,4543,3,7485.7669,4,1,1,411,Potential Loyalist
13135,4369,3,7484.3178,2,1,1,211,Needs Attention
13081,4369,3,7483.2239,2,1,1,211,Needs Attention
12349,4446,3,7483.2128,3,1,1,311,Potential Loyalist
13971,4332,3,7483.2018,1,1,1,111,Lost
11259,4336,3,7481.5131,1,1,1,111,Lost
13650,4328,3,7478.7929,1,1,1,111,Lost
12673,4442,3,7478.7929,3,1,1,311,Potential Loyalist
11603,4409,3,7477.6879,2,1,1,211,Needs Attention
13077,4376,3,7477.1243,2,1,1,211,Needs Attention
12353,4449,3,7475.833,3,1,1,311,Potential Loyalist
13123,4388,3,7475.8093,2,1,1,211,Needs Attention
13648,4334,3,7475.8093,1,1,1,111,Lost
13618,4358,3,7473.2789,1,1,1,111,Lost
13006,4418,3,7472.1739,2,1,1,211,Needs Attention
12987,4403,3,7469.214,2,1,1,211,Needs Attention
11263,4346,3,7463.2364,1,1,1,111,Lost
12640,4573,3,7461.1018,4,1,1,411,Potential Loyalist
13079,4385,3,7461.1018,2,1,1,211,Needs Attention
12340,4424,3,7461.1018,2,1,1,211,Needs Attention
14146,4401,3,7459.3689,2,1,1,211,Needs Attention
12360,4423,3,7459.2801,2,1,1,211,Needs Attention
15056,4355,3,7457.7003,1,1,1,111,Lost
14846,4376,3,7452.7499,2,1,1,211,Needs Attention
11191,4380,3,7451.656,2,1,1,211,Needs Attention
13131,4363,3,7444.5489,1,1,1,111,Lost
15440,4331,3,7443.8989,1,1,1,111,Lost
14702,4411,3,7436.1749,2,1,1,211,Needs Attention
14847,4367,3,7431.7549,1,1,1,111,Lost
29490,4815,3,7431.0704,5,1,1,511,Potential Loyalist
11171,4379,3,7421.7879,2,1,1,211,Needs Attention
11175,4383,3,7415.1579,2,1,1,211,Needs Attention
14950,4339,3,7414.0971,1,1,1,111,Lost
14991,4347,3,7410.7599,1,1,1,111,Lost
14928,4386,3,7410.7599,2,1,1,211,Needs Attention
14150,4415,3,7409.677,2,1,1,211,Needs Attention
11090,4365,3,7408.0085,1,1,1,111,Lost
14984,4328,3,7403.0249,1,1,1,111,Lost
15048,4355,3,7393.091,1,1,1,111,Lost
14843,4360,3,7393.091,1,1,1,111,Lost
14771,4400,3,7391.986,2,1,1,211,Needs Attention
11224,4353,3,7387.577,1,1,1,111,Lost
11252,4338,3,7387.5439,1,1,1,111,Lost
15062,4336,3,7386.472,1,1,1,111,Lost
14697,4417,3,7386.461,2,1,1,211,Needs Attention
14160,4408,3,7381.0686,2,1,1,211,Needs Attention
14833,4378,3,7380.9581,2,1,1,211,Needs Attention
14770,4406,3,7380.947,2,1,1,211,Needs Attention
11257,4342,3,7378.505,1,1,1,111,Lost
15078,4331,3,7376.5381,1,1,1,111,Lost
15077,4337,3,7374.2507,1,1,1,111,Lost
14778,4369,3,7374.2507,2,1,1,211,Needs Attention
15047,4337,3,7369.875,1,1,1,111,Lost
14525,4391,3,7365.466,2,1,1,211,Needs Attention
14712,4413,3,7359.9521,2,1,1,211,Needs Attention
14947,4379,3,7357.731,2,1,1,211,Needs Attention
14937,4377,3,7351.4435,2,1,1,211,Needs Attention
15051,4356,3,7348.9131,1,1,1,111,Lost
11261,4333,3,7348.9131,1,1,1,111,Lost
15453,4342,3,7348.9131,1,1,1,111,Lost
14157,4389,3,7348.9131,2,1,1,211,Needs Attention
14929,4382,3,7344.471,2,1,1,211,Needs Attention
15058,4352,3,7336.736,1,1,1,111,Lost
11039,4375,3,7333.421,2,1,1,211,Needs Attention
13841,4400,3,7320.1831,2,1,1,211,Needs Attention
11046,4374,3,7311.5752,2,1,1,211,Needs Attention
14171,4344,3,7310.3486,1,1,1,111,Lost
15923,4344,3,7285.022,1,1,1,111,Lost
11027,4393,3,7283.6849,2,1,1,211,Needs Attention
11047,4367,3,7273.4748,1,1,1,111,Lost
11025,4392,3,7267.3641,2,1,1,211,Needs Attention
11026,4402,3,7266.2481,2,1,1,211,Needs Attention
14163,4352,3,7256.5572,1,1,1,111,Lost
11029,4375,3,7254.6456,2,1,1,211,Needs Attention
15921,4420,3,7236.9655,2,1,1,211,Needs Attention
29662,4754,3,7226.5175,5,1,1,511,Potential Loyalist
13541,4509,3,7223.0425,4,1,1,411,Potential Loyalist
13771,4402,3,7221.9375,2,1,1,211,Needs Attention
29854,4357,4,7219.9268,1,1,1,111,Lost
11018,4393,3,7219.2745,2,1,1,211,Needs Attention
13540,4482,3,7213.639,3,1,1,311,Potential Loyalist
11032,4378,3,7210.7439,2,1,1,211,Needs Attention
13822,4400,3,7208.1471,2,1,1,211,Needs Attention
12805,4411,3,7207.0532,2,1,1,211,Needs Attention
11044,4378,3,7199.4066,2,1,1,211,Needs Attention
13782,4402,3,7195.97,2,1,1,211,Needs Attention
29845,4388,6,7194.1139,2,1,1,211,Needs Attention
13685,4453,3,7193.2076,3,1,1,311,Potential Loyalist
13559,4507,3,7192.1246,4,1,1,411,Potential Loyalist
12754,4414,3,7186.0361,2,1,1,211,Needs Attention
13558,4373,3,7182.7432,2,1,1,211,Needs Attention
12398,4430,3,7181.0857,3,1,1,311,Potential Loyalist
11048,4331,3,7180.5553,1,1,1,111,Lost
14161,4383,3,7179.4172,2,1,1,211,Needs Attention
13556,4368,3,7179.4171,1,1,1,111,Lost
11033,4381,3,7177.2955,2,1,1,211,Needs Attention
13686,4441,3,7175.0303,3,1,1,311,Potential Loyalist
12750,4389,3,7173.3618,2,1,1,211,Needs Attention
11034,4376,3,7172.9087,2,1,1,211,Needs Attention
12607,4436,3,7170.9086,3,1,1,311,Potential Loyalist
13697,4447,3,7166.6654,3,1,1,311,Potential Loyalist
14164,4351,3,7165.6046,1,1,1,111,Lost
13555,4415,3,7165.3173,2,1,1,211,Needs Attention
12620,4421,3,7161.5272,2,1,1,211,Needs Attention
11031,4373,3,7158.8531,2,1,1,211,Needs Attention
11028,4410,3,7154.4552,2,1,1,211,Needs Attention
14162,4337,3,7153.4386,1,1,1,111,Lost
11030,4377,3,7150.8087,2,1,1,211,Needs Attention
12621,4425,3,7150.6871,2,1,1,211,Needs Attention
13607,4347,3,7143.8582,1,1,1,111,Lost
14713,4352,3,7140.1896,1,1,1,111,Lost
13560,4454,3,7130.8193,3,1,1,311,Potential Loyalist
11035,4371,3,7128.6977,2,1,1,211,Needs Attention
12510,4427,3,7117.3272,3,1,1,311,Potential Loyalist
11038,4374,3,7113.2498,2,1,1,211,Needs Attention
14774,4349,3,7110.3878,1,1,1,111,Lost
11017,4403,3,7109.9127,2,1,1,211,Needs Attention
13770,4413,3,7103.1943,2,1,1,211,Needs Attention
30102,4357,4,7095.0672,1,1,1,111,Lost
29959,4357,8,7093.4713,1,1,1,111,Lost
11001,4346,3,7054.1875,1,1,1,111,Lost
29573,4723,3,7004.4814,5,1,1,511,Potential Loyalist
29621,4935,1,6997.2556,5,5,1,551,Champion
15710,4487,3,6979.7354,3,1,1,311,Potential Loyalist
15700,4506,3,6903.5235,4,1,1,411,Potential Loyalist
15920,4489,3,6903.5124,3,1,1,311,Potential Loyalist
15688,4519,3,6874.7825,4,1,1,411,Potential Loyalist
19614,4561,2,6870.0171,4,2,1,421,Potential Loyalist
20452,4498,2,6803.1536,3,1,1,311,Potential Loyalist
18696,4625,2,6795.2749,5,1,1,511,Potential Loyalist
18336,4337,2,6790.3024,1,2,1,121,Needs Attention
20622,4467,2,6784.247,3,2,1,321,Potential Loyalist
18746,4625,2,6779.2745,5,1,1,511,Potential Loyalist
18338,4344,2,6767.661,1,2,1,121,Needs Attention
18496,4613,2,6764.4896,5,1,1,511,Potential Loyalist
18242,4665,2,6764.4896,5,1,1,511,Potential Loyalist
19960,4525,2,6762.7216,4,2,1,421,Potential Loyalist
18297,4633,2,6762.147,5,1,1,511,Potential Loyalist
28259,4334,2,6761.0641,1,2,1,121,Needs Attention
18296,4643,2,6760.0475,5,1,1,511,Potential Loyalist
19560,4585,2,6760.0475,5,1,1,511,Potential Loyalist
20609,4505,2,6760.0475,4,1,1,411,Potential Loyalist
17351,4495,2,6760.0475,3,1,1,311,Potential Loyalist
20621,4471,2,6760.0475,3,1,1,311,Potential Loyalist
28194,4336,2,6756.8651,1,2,1,121,Needs Attention
18269,4430,2,6755.0861,3,2,1,321,Potential Loyalist
19555,4584,2,6752.2131,4,1,1,411,Potential Loyalist
18276,4448,2,6747.7931,3,2,1,321,Potential Loyalist
18273,4640,2,6745.1521,5,1,1,511,Potential Loyalist
18268,4451,2,6742.92,3,2,1,321,Potential Loyalist
16740,4645,2,6739.5056,5,1,1,511,Potential Loyalist
19970,4513,2,6739.5056,4,1,1,411,Potential Loyalist
18710,4614,2,6738.931,5,1,1,511,Potential Loyalist
19794,4549,2,6738.931,4,2,1,421,Potential Loyalist
18240,4682,2,6738.931,5,1,1,511,Potential Loyalist
18709,4607,2,6738.8868,5,1,1,511,Potential Loyalist
19950,4521,2,6738.8868,4,1,1,411,Potential Loyalist
19595,4588,2,6735.0635,5,1,1,511,Potential Loyalist
18928,4576,2,6735.0635,4,2,1,421,Potential Loyalist
17285,4528,2,6732.9861,4,2,1,421,Potential Loyalist
19609,4549,2,6732.9861,4,2,1,421,Potential Loyalist
19613,4556,2,6732.9861,4,2,1,421,Potential Loyalist
19602,4541,2,6732.9861,4,1,1,411,Potential Loyalist
20228,4540,2,6732.9861,4,1,1,411,Potential Loyalist
19089,4577,2,6732.9861,4,1,1,411,Potential Loyalist
18288,4654,2,6732.9861,5,1,1,511,Potential Loyalist
18484,4654,2,6732.9861,5,1,1,511,Potential Loyalist
20239,4520,2,6732.9861,4,1,1,411,Potential Loyalist
18188,4470,2,6732.9861,3,1,1,311,Potential Loyalist
20616,4506,2,6732.9861,4,1,1,411,Potential Loyalist
19084,4594,2,6732.9861,5,1,1,511,Potential Loyalist
18214,4679,2,6732.9861,5,1,1,511,Potential Loyalist
20623,4454,2,6732.9861,3,2,1,321,Potential Loyalist
18309,4661,2,6730.102,5,1,1,511,Potential Loyalist
16703,4656,2,6730.102,5,1,1,511,Potential Loyalist
16713,4651,2,6730.102,5,1,1,511,Potential Loyalist
19979,4517,2,6730.102,4,1,1,411,Potential Loyalist
18908,4620,2,6730.102,5,1,1,511,Potential Loyalist
19096,4575,2,6730.102,4,2,1,421,Potential Loyalist
19782,4565,2,6728.997,4,2,1,421,Potential Loyalist
19790,4546,2,6728.997,4,2,1,421,Potential Loyalist
20217,4535,2,6728.997,4,2,1,421,Potential Loyalist
18738,4609,2,6728.997,5,1,1,511,Potential Loyalist
18747,4614,2,6728.997,5,1,1,511,Potential Loyalist
17280,4597,2,6728.997,5,1,1,511,Potential Loyalist
18207,4668,2,6728.997,5,1,1,511,Potential Loyalist
29619,4388,7,6724.719,2,1,1,211,Needs Attention
20245,4488,2,6724.577,3,1,1,311,Potential Loyalist
20444,4486,2,6724.577,3,1,1,311,Potential Loyalist
17984,4403,3,6721.9029,2,1,1,211,Needs Attention
16688,4692,2,6719.6156,5,1,1,511,Potential Loyalist
18489,4629,2,6719.6156,5,1,1,511,Potential Loyalist
18281,4431,2,6719.6156,3,2,1,321,Potential Loyalist
11741,4639,2,6717.5603,5,1,1,511,Potential Loyalist
11776,4536,2,6717.5603,4,2,1,421,Potential Loyalist
20445,4486,2,6716.9746,3,1,1,311,Potential Loyalist
19785,4543,2,6714.6541,4,1,1,411,Potential Loyalist
11323,4660,2,6712.3668,5,1,1,511,Potential Loyalist
16687,4674,2,6708.002,5,1,1,511,Potential Loyalist
18213,4674,2,6708.002,5,1,1,511,Potential Loyalist
16744,4623,2,6708.002,5,1,1,511,Potential Loyalist
16743,4602,2,6708.002,5,1,1,511,Potential Loyalist
18691,4610,2,6708.002,5,1,1,511,Potential Loyalist
18277,4440,2,6708.002,3,2,1,321,Potential Loyalist
17502,4462,2,6708.002,3,2,1,321,Potential Loyalist
20242,4526,2,6705.6373,4,2,1,421,Potential Loyalist
20226,4534,2,6704.2561,4,2,1,421,Potential Loyalist
18255,4478,2,6704.2561,3,1,1,311,Potential Loyalist
18485,4633,2,6699.8471,5,1,1,511,Potential Loyalist
28243,4334,2,6697.2172,1,2,1,121,Needs Attention
18931,4584,2,6696.8526,4,1,1,411,Potential Loyalist
18706,4609,2,6696.8526,5,1,1,511,Potential Loyalist
20615,4506,2,6696.8526,4,1,1,411,Potential Loyalist
20612,4503,2,6696.8526,4,1,1,411,Potential Loyalist
19956,4514,2,6696.8526,4,1,1,411,Potential Loyalist
22995,4510,2,6696.8526,4,1,1,411,Potential Loyalist
20629,4478,2,6696.8526,3,1,1,311,Potential Loyalist
20220,4533,2,6696.8526,4,2,1,421,Potential Loyalist
19568,4574,2,6696.8526,4,2,1,421,Potential Loyalist
17051,4573,2,6696.8526,4,2,1,421,Potential Loyalist
19978,4529,2,6696.8526,4,2,1,421,Potential Loyalist
16693,4687,2,6696.8526,5,1,1,511,Potential Loyalist
15614,4347,2,6695.394,1,2,1,121,Needs Attention
11295,4681,2,6694.3663,5,1,1,511,Potential Loyalist
18243,4683,2,6694.3221,5,1,1,511,Potential Loyalist
18241,4672,2,6694.3221,5,1,1,511,Potential Loyalist
18250,4660,2,6694.3221,5,1,1,511,Potential Loyalist
19789,4570,2,6694.3221,4,2,1,421,Potential Loyalist
19791,4568,2,6694.3221,4,2,1,421,Potential Loyalist
19576,4585,2,6694.3221,5,1,1,511,Potential Loyalist
20617,4460,2,6694.3221,3,2,1,321,Potential Loyalist
19559,4594,2,6692.5541,5,1,1,511,Potential Loyalist
19095,4591,2,6692.5541,5,1,1,511,Potential Loyalist
18491,4602,2,6692.5541,5,1,1,511,Potential Loyalist
16741,4611,2,6692.5541,5,1,1,511,Potential Loyalist
18488,4627,2,6692.5541,5,1,1,511,Potential Loyalist
18740,4620,2,6692.5541,5,1,1,511,Potential Loyalist
19975,4510,2,6692.5541,4,1,1,411,Potential Loyalist
19965,4513,2,6692.5541,4,1,1,411,Potential Loyalist
19959,4516,2,6692.5541,4,1,1,411,Potential Loyalist
20628,4473,2,6692.5541,3,1,1,311,Potential Loyalist
19586,4598,2,6692.5541,5,1,1,511,Potential Loyalist
19588,4598,2,6692.5541,5,1,1,511,Potential Loyalist
20225,4523,2,6692.5541,4,2,1,421,Potential Loyalist
19971,4524,2,6692.5541,4,2,1,421,Potential Loyalist
19596,4575,2,6692.5541,4,2,1,421,Potential Loyalist
19105,4574,2,6692.5541,4,2,1,421,Potential Loyalist
19793,4562,2,6692.5541,4,2,1,421,Potential Loyalist
19773,4550,2,6692.5541,4,2,1,421,Potential Loyalist
19792,4554,2,6692.5541,4,2,1,421,Potential Loyalist
19788,4558,2,6692.5541,4,2,1,421,Potential Loyalist
19964,4521,2,6692.5541,4,2,1,421,Potential Loyalist
20600,4491,2,6692.5541,3,1,1,311,Potential Loyalist
20247,4484,2,6692.5541,3,1,1,311,Potential Loyalist
20430,4483,2,6692.5541,3,1,1,311,Potential Loyalist
20613,4494,2,6692.5541,3,1,1,311,Potential Loyalist
18483,4646,2,6692.5541,5,1,1,511,Potential Loyalist
18272,4657,2,6692.5541,5,1,1,511,Potential Loyalist
18301,4662,2,6692.5541,5,1,1,511,Potential Loyalist
18217,4678,2,6692.5541,5,1,1,511,Potential Loyalist
18205,4681,2,6692.5541,5,1,1,511,Potential Loyalist
18209,4681,2,6692.5541,5,1,1,511,Potential Loyalist
19947,4558,2,6692.4436,4,2,1,421,Potential Loyalist
19958,4511,2,6692.4436,4,1,1,411,Potential Loyalist
18708,4622,2,6692.4436,5,1,1,511,Potential Loyalist
18724,4626,2,6692.4436,5,1,1,511,Potential Loyalist
22893,4646,2,6692.4436,5,1,1,511,Potential Loyalist
20227,4517,2,6689.9132,4,1,1,411,Potential Loyalist
19787,4570,2,6689.9132,4,2,1,421,Potential Loyalist
19607,4564,2,6689.9132,4,2,1,421,Potential Loyalist
19949,4561,2,6689.9132,4,2,1,421,Potential Loyalist
22903,4571,2,6689.9132,4,2,1,421,Potential Loyalist
20451,4493,2,6689.9132,3,1,1,311,Potential Loyalist
20606,4490,2,6689.9132,3,1,1,311,Potential Loyalist
19611,4542,2,6689.9132,4,1,1,411,Potential Loyalist
19963,4526,2,6689.9132,4,2,1,421,Potential Loyalist
18731,4611,2,6689.7364,5,1,1,511,Potential Loyalist
28255,4342,2,6686.6976,1,2,1,121,Needs Attention
27645,4367,2,6686.6976,1,2,1,121,Needs Attention
28031,4367,2,6682.2887,1,2,1,121,Needs Attention
27663,4370,2,6682.2887,2,2,1,221,Needs Attention
22112,4639,2,6682.2887,5,1,1,511,Potential Loyalist
22252,4478,2,6682.2887,3,1,1,311,Potential Loyalist
20219,4539,2,6679.272,4,1,1,411,Potential Loyalist
19977,4540,2,6679.272,4,1,1,411,Potential Loyalist
19795,4552,2,6679.272,4,2,1,421,Potential Loyalist
18249,4654,2,6679.272,5,1,1,511,Potential Loyalist
16742,4617,2,6679.272,5,1,1,511,Potential Loyalist
18725,4605,2,6679.272,5,1,1,511,Potential Loyalist
20448,4501,2,6679.272,4,1,1,411,Potential Loyalist
18222,4671,2,6679.272,5,1,1,511,Potential Loyalist
18210,4670,2,6679.272,5,1,1,511,Potential Loyalist
20627,4455,2,6679.272,3,2,1,321,Potential Loyalist
20620,4454,2,6679.272,3,2,1,321,Potential Loyalist
11325,4659,2,6678.8411,5,1,1,511,Potential Loyalist
28288,4329,2,6673.4266,1,2,1,121,Needs Attention
20626,4463,2,6672.6089,3,2,1,321,Potential Loyalist
18219,4671,2,6672.6089,5,1,1,511,Potential Loyalist
19099,4582,2,6672.6089,4,1,1,411,Potential Loyalist
18494,4621,2,6671.8685,5,1,1,511,Potential Loyalist
18248,4634,2,6671.8685,5,1,1,511,Potential Loyalist
19577,4574,2,6671.8685,4,2,1,421,Potential Loyalist
18308,4656,2,6671.8685,5,1,1,511,Potential Loyalist
29914,5088,3,6671.2946,5,1,1,511,Potential Loyalist
18251,4656,2,6669.3381,5,1,1,511,Potential Loyalist
18208,4691,2,6669.3381,5,1,1,511,Potential Loyalist
19628,4562,2,6669.3381,4,2,1,421,Potential Loyalist
19957,4524,2,6669.3381,4,2,1,421,Potential Loyalist
20221,4524,2,6669.3381,4,2,1,421,Potential Loyalist
20447,4483,2,6669.3381,3,1,1,311,Potential Loyalist
20253,4483,2,6669.3381,3,1,1,311,Potential Loyalist
20608,4482,2,6669.3381,3,1,1,311,Potential Loyalist
18260,4633,2,6669.3381,5,1,1,511,Potential Loyalist
18694,4628,2,6669.3381,5,1,1,511,Potential Loyalist
18692,4631,2,6669.3381,5,1,1,511,Potential Loyalist
18718,4611,2,6669.3381,5,1,1,511,Potential Loyalist
18736,4610,2,6669.3381,5,1,1,511,Potential Loyalist
18930,4578,2,6669.3381,4,1,1,411,Potential Loyalist
18909,4602,2,6669.3381,5,1,1,511,Potential Loyalist
19556,4586,2,6669.3381,5,1,1,511,Potential Loyalist
17353,4499,2,6669.3381,3,1,1,311,Potential Loyalist
20614,4498,2,6669.3381,3,1,1,311,Potential Loyalist
19093,4600,2,6669.3381,5,1,1,511,Potential Loyalist
22996,4515,2,6669.3381,4,1,1,411,Potential Loyalist
20246,4509,2,6669.3381,4,1,1,411,Potential Loyalist
18335,4366,2,6669.3381,1,2,1,121,Needs Attention
22268,4452,2,6664.5976,3,2,1,321,Potential Loyalist
17315,4518,2,6663.8241,4,1,1,411,Potential Loyalist
18303,4640,2,6663.8241,5,1,1,511,Potential Loyalist
18482,4655,2,6663.8241,5,1,1,511,Potential Loyalist
17309,4532,2,6663.8241,4,2,1,421,Potential Loyalist
19772,4552,2,6663.8241,4,2,1,421,Potential Loyalist
18246,4684,2,6663.8241,5,1,1,511,Potential Loyalist
18239,4693,2,6663.8241,5,1,1,511,Potential Loyalist
18238,4665,2,6663.8241,5,1,1,511,Potential Loyalist
22895,4662,2,6662.6749,5,1,1,511,Potential Loyalist
22785,4689,2,6662.6749,5,1,1,511,Potential Loyalist
18212,4687,2,6662.6749,5,1,1,511,Potential Loyalist
19612,4547,2,6662.6749,4,2,1,421,Potential Loyalist
19102,4572,2,6662.6749,4,2,1,421,Potential Loyalist
20456,4482,2,6662.6749,3,1,1,311,Potential Loyalist
20259,4490,2,6662.6749,3,1,1,311,Potential Loyalist
20256,4492,2,6662.6749,3,1,1,311,Potential Loyalist
17310,4534,2,6662.6749,4,2,1,421,Potential Loyalist
20213,4534,2,6662.6749,4,2,1,421,Potential Loyalist
17286,4536,2,6662.6749,4,2,1,421,Potential Loyalist
20446,4491,2,6662.6749,3,1,1,311,Potential Loyalist
18284,4633,2,6662.6749,5,1,1,511,Potential Loyalist
18302,4654,2,6662.6749,5,1,1,511,Potential Loyalist
18929,4585,2,6662.6749,5,1,1,511,Potential Loyalist
18493,4612,2,6662.6749,5,1,1,511,Potential Loyalist
18490,4605,2,6662.6749,5,1,1,511,Potential Loyalist
18695,4606,2,6662.6749,5,1,1,511,Potential Loyalist
19558,4581,2,6662.6749,4,1,1,411,Potential Loyalist
19967,4514,2,6662.6749,4,1,1,411,Potential Loyalist
20625,4470,2,6662.6749,3,1,1,311,Potential Loyalist
20258,4496,2,6662.6749,3,1,1,311,Potential Loyalist
17354,4495,2,6662.6749,3,1,1,311,Potential Loyalist
28244,4343,2,6659.0726,1,2,1,121,Needs Attention
28063,4385,2,6659.0726,2,2,1,221,Needs Attention
28152,4336,2,6657.9787,1,2,1,121,Needs Attention
11707,4546,2,6657.8682,4,2,1,421,Potential Loyalist
12050,4653,2,6656.2217,5,1,1,511,Potential Loyalist
23057,4334,2,6654.1112,1,2,1,121,Needs Attention
28099,4330,2,6654.1112,1,2,1,121,Needs Attention
27651,4367,2,6654.1112,1,2,1,121,Needs Attention
23074,4350,2,6654.1112,1,2,1,121,Needs Attention
28068,4360,2,6654.1112,1,2,1,121,Needs Attention
18337,4353,2,6653.8902,1,2,1,121,Needs Attention
20624,4452,2,6653.8902,3,2,1,321,Potential Loyalist
18245,4455,2,6653.8902,3,2,1,321,Potential Loyalist
18252,4651,2,6653.8902,5,1,1,511,Potential Loyalist
18307,4652,2,6653.8902,5,1,1,511,Potential Loyalist
18275,4655,2,6653.8902,5,1,1,511,Potential Loyalist
18735,4630,2,6653.8902,5,1,1,511,Potential Loyalist
18716,4629,2,6653.8902,5,1,1,511,Potential Loyalist
18486,4628,2,6653.8902,5,1,1,511,Potential Loyalist
18469,4645,2,6653.8902,5,1,1,511,Potential Loyalist
16745,4610,2,6653.8902,5,1,1,511,Potential Loyalist
18487,4612,2,6653.8902,5,1,1,511,Potential Loyalist
18495,4613,2,6653.8902,5,1,1,511,Potential Loyalist
19561,4590,2,6653.8902,5,1,1,511,Potential Loyalist
18693,4613,2,6653.8902,5,1,1,511,Potential Loyalist
18737,4614,2,6653.8902,5,1,1,511,Potential Loyalist
17279,4590,2,6653.8902,5,1,1,511,Potential Loyalist
19594,4588,2,6653.8902,5,1,1,511,Potential Loyalist
19083,4589,2,6653.8902,5,1,1,511,Potential Loyalist
20450,4499,2,6653.8902,3,1,1,311,Potential Loyalist
19094,4597,2,6653.8902,5,1,1,511,Potential Loyalist
20238,4516,2,6653.8902,4,1,1,411,Potential Loyalist
19951,4517,2,6653.8902,4,1,1,411,Potential Loyalist
19974,4520,2,6653.8902,4,1,1,411,Potential Loyalist
17308,4510,2,6653.8902,4,1,1,411,Potential Loyalist
19797,4546,2,6653.8902,4,2,1,421,Potential Loyalist
19783,4556,2,6653.8902,4,2,1,421,Potential Loyalist
19784,4557,2,6653.8902,4,2,1,421,Potential Loyalist
19786,4561,2,6653.8902,4,2,1,421,Potential Loyalist
19948,4563,2,6653.8902,4,2,1,421,Potential Loyalist
19621,4565,2,6653.8902,4,2,1,421,Potential Loyalist
19966,4532,2,6653.8902,4,2,1,421,Potential Loyalist
19968,4530,2,6653.8902,4,2,1,421,Potential Loyalist
17329,4536,2,6653.8902,4,2,1,421,Potential Loyalist
20244,4526,2,6653.8902,4,2,1,421,Potential Loyalist
17352,4486,2,6653.8902,3,1,1,311,Potential Loyalist
20610,4486,2,6653.8902,3,1,1,311,Potential Loyalist
20611,4481,2,6653.8902,3,1,1,311,Potential Loyalist
16702,4685,2,6653.8902,5,1,1,511,Potential Loyalist
18244,4677,2,6653.8902,5,1,1,511,Potential Loyalist
18218,4681,2,6653.8902,5,1,1,511,Potential Loyalist
18220,4683,2,6653.8902,5,1,1,511,Potential Loyalist
18470,4660,2,6653.8902,5,1,1,511,Potential Loyalist
18254,4656,2,6653.8902,5,1,1,511,Potential Loyalist
12843,4352,2,6650.1774,1,2,1,121,Needs Attention
17985,4399,3,6648.4094,2,1,1,211,Needs Attention
28250,4353,2,6648.0447,1,2,1,121,Needs Attention
28193,4335,2,6648.0447,1,2,1,121,Needs Attention
28224,4342,2,6648.0447,1,2,1,121,Needs Attention
27919,4386,2,6648.0447,2,2,1,221,Needs Attention
11299,4635,2,6646.8403,5,1,1,511,Potential Loyalist
13511,4340,2,6643.5142,1,2,1,121,Needs Attention
12018,4423,2,6642.9728,2,2,1,221,Needs Attention
28078,4340,2,6642.4976,1,2,1,121,Needs Attention
27636,4360,2,6642.4976,1,2,1,121,Needs Attention
28131,4347,2,6642.4976,1,2,1,121,Needs Attention
16310,4396,3,6641.2269,2,1,1,211,Needs Attention
12079,4507,2,6639.0611,4,1,1,411,Potential Loyalist
27668,4375,2,6637.2489,2,2,1,221,Needs Attention
28061,4385,2,6636.9837,2,2,1,221,Needs Attention
22182,4511,2,6636.9837,4,1,1,411,Potential Loyalist
12118,4481,2,6634.6411,3,1,1,311,Potential Loyalist
16495,4351,2,6632.4642,1,2,1,121,Needs Attention
16404,4390,3,6632.3869,2,1,1,211,Needs Attention
17833,4400,3,6629.3923,2,1,1,211,Needs Attention
11282,4688,2,6628.5967,5,1,1,511,Potential Loyalist
12755,4475,2,6628.5857,3,1,1,311,Potential Loyalist
27918,4360,2,6628.4641,1,2,1,121,Needs Attention
27616,4377,2,6628.4641,2,2,1,221,Needs Attention
27615,4378,2,6628.4641,2,2,1,221,Needs Attention
28240,4334,2,6628.4641,1,2,1,121,Needs Attention
12041,4508,2,6628.0442,4,1,1,411,Potential Loyalist
11539,4606,2,6627.4917,5,1,1,511,Potential Loyalist
12103,4610,2,6627.4917,5,1,1,511,Potential Loyalist
22233,4525,2,6627.0497,4,2,1,421,Potential Loyalist
22121,4542,2,6627.0497,4,1,1,411,Potential Loyalist
28156,4349,2,6627.0497,1,2,1,121,Needs Attention
28070,4347,2,6627.0497,1,2,1,121,Needs Attention
28158,4332,2,6627.0497,1,2,1,121,Needs Attention
28268,4342,2,6627.0497,1,2,1,121,Needs Attention
28264,4345,2,6627.0497,1,2,1,121,Needs Attention
28296,4344,2,6627.0497,1,2,1,121,Needs Attention
28285,4338,2,6627.0497,1,2,1,121,Needs Attention
27920,4379,2,6627.0497,2,2,1,221,Needs Attention
28076,4332,2,6627.0497,1,2,1,121,Needs Attention
27669,4380,2,6627.0497,2,2,1,221,Needs Attention
27662,4384,2,6627.0497,2,2,1,221,Needs Attention
28190,4352,2,6627.0497,1,2,1,121,Needs Attention
23113,4353,2,6627.0497,1,2,1,121,Needs Attention
22881,4368,2,6627.0497,2,2,1,221,Needs Attention
28067,4368,2,6627.0497,2,2,1,221,Needs Attention
27606,4367,2,6627.0497,1,2,1,121,Needs Attention
27646,4366,2,6627.0497,1,2,1,121,Needs Attention
28065,4371,2,6627.0497,2,2,1,221,Needs Attention
27671,4373,2,6627.0497,2,2,1,221,Needs Attention
28066,4362,2,6627.0497,1,2,1,121,Needs Attention
27667,4358,2,6627.0497,1,2,1,121,Needs Attention
28191,4354,2,6627.0497,1,2,1,121,Needs Attention
23114,4346,2,6625.9337,1,2,1,121,Needs Attention
11796,4540,2,6624.6961,4,1,1,411,Potential Loyalist
11934,4529,2,6624.1657,4,2,1,421,Potential Loyalist
12143,4612,2,6622.5524,5,1,1,511,Potential Loyalist
12083,4629,2,6622.5524,5,1,1,511,Potential Loyalist
12105,4627,2,6622.5524,5,1,1,511,Potential Loyalist
14155,4412,2,6622.5524,2,2,1,221,Needs Attention
28038,4365,2,6613.7676,1,2,1,121,Needs Attention
28196,4338,2,6613.7676,1,2,1,121,Needs Attention
22232,4523,2,6613.7676,4,2,1,421,Potential Loyalist
12784,4441,2,6613.6682,3,2,1,321,Potential Loyalist
12084,4490,2,6613.6571,3,1,1,311,Potential Loyalist
11854,4524,2,6613.6461,4,2,1,421,Potential Loyalist
27623,4380,2,6612.6184,2,2,1,221,Needs Attention
11270,4683,2,6612.5632,5,1,1,511,Potential Loyalist
11773,4570,2,6612.0328,4,2,1,421,Potential Loyalist
12171,4624,2,6612.0328,5,1,1,511,Potential Loyalist
12613,4409,2,6612.0328,2,2,1,221,Needs Attention
12437,4491,2,6611.4582,3,1,1,311,Potential Loyalist
12779,4456,2,6608.1542,3,2,1,321,Potential Loyalist
12789,4420,2,6608.1432,2,2,1,221,Needs Attention
12141,4621,2,6607.0382,5,1,1,511,Potential Loyalist
22247,4495,2,6606.3641,3,1,1,311,Potential Loyalist
28159,4332,2,6606.3641,1,2,1,121,Needs Attention
22765,4437,2,6606.3641,3,2,1,321,Potential Loyalist
15621,4332,2,6605.4028,1,2,1,121,Needs Attention
14861,4384,2,6604.2978,2,2,1,221,Needs Attention
14158,4397,2,6604.2978,2,2,1,221,Needs Attention
13691,4450,2,6604.2978,3,2,1,321,Potential Loyalist
12026,4538,2,6604.2978,4,1,1,411,Potential Loyalist
11939,4520,2,6604.2978,4,1,1,411,Potential Loyalist
22234,4497,2,6603.8337,3,1,1,311,Potential Loyalist
22373,4447,2,6603.8337,3,2,1,321,Potential Loyalist
28257,4351,2,6603.8337,1,2,1,121,Needs Attention
27617,4359,2,6603.8337,1,2,1,121,Needs Attention
27670,4383,2,6603.8337,2,2,1,221,Needs Attention
28246,4333,2,6603.8337,1,2,1,121,Needs Attention
28234,4335,2,6603.8337,1,2,1,121,Needs Attention
12042,4497,2,6602.6292,3,1,1,311,Potential Loyalist
12078,4505,2,6602.6292,4,1,1,411,Potential Loyalist
12167,4618,2,6602.6292,5,1,1,511,Potential Loyalist
11272,4677,2,6602.6292,5,1,1,511,Potential Loyalist
16638,4342,2,6601.5242,1,2,1,121,Needs Attention
12279,4465,2,6601.5242,3,2,1,321,Potential Loyalist
12261,4457,2,6600.4303,3,2,1,321,Potential Loyalist
13536,4335,2,6600.4303,1,2,1,121,Needs Attention
13514,4353,2,6600.4303,1,2,1,121,Needs Attention
16630,4351,2,6600.4303,1,2,1,121,Needs Attention
12053,4660,2,6600.4303,5,1,1,511,Potential Loyalist
11271,4668,2,6600.4303,5,1,1,511,Potential Loyalist
12071,4642,2,6600.4303,5,1,1,511,Potential Loyalist
11541,4587,2,6600.4303,5,1,1,511,Potential Loyalist
11780,4521,2,6600.4303,4,1,1,411,Potential Loyalist
11810,4515,2,6600.4303,4,1,1,411,Potential Loyalist
16623,4348,2,6600.4303,1,2,1,121,Needs Attention
11797,4510,2,6599.8667,4,1,1,411,Potential Loyalist
28071,4346,2,6598.3197,1,2,1,121,Needs Attention
22109,4680,2,6598.3197,5,1,1,511,Potential Loyalist
22976,4361,2,6598.3197,1,2,1,121,Needs Attention
22889,4361,2,6598.3197,1,2,1,121,Needs Attention
28154,4349,2,6598.3197,1,2,1,121,Needs Attention
28297,4350,2,6598.3197,1,2,1,121,Needs Attention
28030,4366,2,6598.3197,1,2,1,121,Needs Attention
27621,4366,2,6598.3197,1,2,1,121,Needs Attention
27625,4377,2,6598.3197,2,2,1,221,Needs Attention
22901,4380,2,6598.3197,2,2,1,221,Needs Attention
22251,4454,2,6598.3197,3,2,1,321,Potential Loyalist
12030,4483,2,6597.1042,3,1,1,311,Potential Loyalist
11671,4592,2,6597.1042,5,1,1,511,Potential Loyalist
12418,4380,2,6596.5407,2,2,1,221,Needs Attention
12198,4500,2,6596.5186,3,1,1,311,Potential Loyalist
12221,4489,2,6594.9163,3,1,1,311,Potential Loyalist
12285,4464,2,6594.9163,3,2,1,321,Potential Loyalist
12395,4423,2,6594.9163,2,2,1,221,Needs Attention
12254,4480,2,6594.8942,3,1,1,311,Potential Loyalist
11925,4520,2,6594.8942,4,1,1,411,Potential Loyalist
11688,4645,2,6593.7892,5,1,1,511,Potential Loyalist
12219,4482,2,6593.7892,3,1,1,311,Potential Loyalist
12886,4431,2,6591.5682,3,2,1,321,Potential Loyalist
12265,4472,2,6590.4632,3,1,1,311,Potential Loyalist
11307,4651,2,6590.4632,5,1,1,511,Potential Loyalist
12711,4382,2,6589.3803,2,2,1,221,Needs Attention
12094,4484,2,6588.5847,3,1,1,311,Potential Loyalist
22120,4627,2,6588.3858,5,1,1,511,Potential Loyalist
28083,4331,2,6588.3858,1,2,1,121,Needs Attention
28064,4380,2,6588.3858,2,2,1,221,Needs Attention
28155,4352,2,6588.3858,1,2,1,121,Needs Attention
28273,4334,2,6588.3858,1,2,1,121,Needs Attention
28247,4341,2,6588.3858,1,2,1,121,Needs Attention
27641,4388,2,6588.3858,2,2,1,221,Needs Attention
28062,4359,2,6588.3858,1,2,1,121,Needs Attention
22877,4407,2,6588.3858,2,2,1,221,Needs Attention
11727,4566,2,6588.2753,4,2,1,421,Potential Loyalist
16494,4340,2,6587.1261,1,2,1,121,Needs Attention
16496,4331,2,6586.0542,1,2,1,121,Needs Attention
15620,4349,2,6585.4907,1,2,1,121,Needs Attention
11528,4640,2,6585.4796,5,1,1,511,Potential Loyalist
12181,4619,2,6584.4078,5,1,1,511,Potential Loyalist
11626,4593,2,6584.4078,5,1,1,511,Potential Loyalist
12898,4437,2,6584.4078,3,2,1,321,Potential Loyalist
11540,4610,2,6583.789,5,1,1,511,Potential Loyalist
11599,4527,2,6582.7282,4,2,1,421,Potential Loyalist
14975,4382,2,6582.7282,2,2,1,221,Needs Attention
12450,4460,2,6580.5292,3,2,1,321,Potential Loyalist
13783,4439,2,6580.5292,3,2,1,321,Potential Loyalist
11839,4527,2,6580.5292,4,2,1,421,Potential Loyalist
11654,4576,2,6580.5292,4,1,1,411,Potential Loyalist
11275,4678,2,6580.5292,5,1,1,511,Potential Loyalist
11818,4660,2,6579.4132,5,1,1,511,Potential Loyalist
11286,4670,2,6579.4132,5,1,1,511,Potential Loyalist
12208,4584,2,6579.4132,4,1,1,411,Potential Loyalist
11217,4645,2,6578.3413,5,1,1,511,Potential Loyalist
11813,4511,2,6578.3413,4,1,1,411,Potential Loyalist
11955,4511,2,6578.3413,4,1,1,411,Potential Loyalist
11798,4528,2,6578.3413,4,2,1,421,Potential Loyalist
12256,4462,2,6578.3413,3,2,1,321,Potential Loyalist
12072,4619,2,6576.054,5,1,1,511,Potential Loyalist
12189,4614,2,6575.0042,5,1,1,511,Potential Loyalist
12220,4480,2,6575.0042,3,1,1,311,Potential Loyalist
12033,4496,2,6573.8992,3,1,1,311,Potential Loyalist
16352,4355,2,6573.0815,1,2,1,121,Needs Attention
14793,4395,2,6572.8053,2,2,1,221,Needs Attention
13515,4329,2,6572.8053,1,2,1,121,Needs Attention
12885,4422,2,6572.8053,2,2,1,221,Needs Attention
12769,4469,2,6572.8053,3,2,1,321,Potential Loyalist
11872,4514,2,6572.8053,4,1,1,411,Potential Loyalist
13680,4472,2,6572.8053,3,1,1,311,Potential Loyalist
12169,4613,2,6572.8053,5,1,1,511,Potential Loyalist
11663,4644,2,6572.8053,5,1,1,511,Potential Loyalist
11297,4639,2,6572.8053,5,1,1,511,Potential Loyalist
11326,4639,2,6572.8053,5,1,1,511,Potential Loyalist
11664,4638,2,6572.8053,5,1,1,511,Potential Loyalist
11815,4635,2,6572.8053,5,1,1,511,Potential Loyalist
11666,4652,2,6572.8053,5,1,1,511,Potential Loyalist
11216,4654,2,6572.8053,5,1,1,511,Potential Loyalist
11623,4574,2,6572.8053,4,2,1,421,Potential Loyalist
11745,4566,2,6572.7942,4,2,1,421,Potential Loyalist
12707,4587,2,6572.7942,5,1,1,511,Potential Loyalist
13563,4470,2,6572.7942,3,1,1,311,Potential Loyalist
13570,4328,2,6572.7942,1,2,1,121,Needs Attention
12494,4395,2,6572.7942,2,2,1,221,Needs Attention
12819,4388,2,6572.7942,2,2,1,221,Needs Attention
12804,4363,2,6572.7942,1,2,1,121,Needs Attention
12108,4501,2,6570.5511,4,1,1,411,Potential Loyalist
12121,4480,2,6570.5511,3,1,1,311,Potential Loyalist
13572,4347,2,6569.4792,1,2,1,121,Needs Attention
11324,4654,2,6569.4792,5,1,1,511,Potential Loyalist
12160,4623,2,6569.4792,5,1,1,511,Potential Loyalist
12142,4629,2,6569.4571,5,1,1,511,Potential Loyalist
12163,4627,2,6568.9267,5,1,1,511,Potential Loyalist
12446,4453,2,6568.9267,3,2,1,321,Potential Loyalist
11189,4654,2,6568.3632,5,1,1,511,Potential Loyalist
11529,4655,2,6568.3521,5,1,1,511,Potential Loyalist
12770,4461,2,6567.5676,3,2,1,321,Potential Loyalist
15046,4339,2,6567.2913,1,2,1,121,Needs Attention
13542,4353,2,6567.2803,1,2,1,121,Needs Attention
12774,4452,2,6567.2692,3,2,1,321,Potential Loyalist
11267,4683,2,6567.2692,5,1,1,511,Potential Loyalist
11705,4543,2,6564.2968,4,1,1,411,Potential Loyalist
12780,4430,2,6564.2968,3,2,1,321,Potential Loyalist
13821,4437,2,6564.2968,3,2,1,321,Potential Loyalist
16624,4333,2,6561.7663,1,2,1,121,Needs Attention
14832,4376,2,6561.7553,2,2,1,221,Needs Attention
12153,4627,2,6561.7442,5,1,1,511,Potential Loyalist
11302,4657,2,6561.70,5,1,1,511,Potential Loyalist
12152,4624,2,6561.1917,5,1,1,511,Potential Loyalist
12373,4461,2,6561.1917,3,2,1,321,Potential Loyalist
12058,4656,2,6559.5011,5,1,1,511,Potential Loyalist
12052,4650,2,6558.7828,5,1,1,511,Potential Loyalist
12200,4622,2,6558.7828,5,1,1,511,Potential Loyalist
11525,4637,2,6558.7828,5,1,1,511,Potential Loyalist
11617,4593,2,6558.7828,5,1,1,511,Potential Loyalist
12452,4478,2,6558.7828,3,1,1,311,Potential Loyalist
13567,4334,2,6558.7828,1,2,1,121,Needs Attention
12762,4329,2,6556.2524,1,2,1,121,Needs Attention
12023,4414,2,6556.2524,2,2,1,221,Needs Attention
13679,4477,2,6556.2524,3,1,1,311,Potential Loyalist
12075,4484,2,6556.2524,3,1,1,311,Potential Loyalist
16629,4346,2,6556.2524,1,2,1,121,Needs Attention
11630,4573,2,6556.2524,4,2,1,421,Potential Loyalist
11933,4512,2,6556.2524,4,1,1,411,Potential Loyalist
12709,4576,2,6556.2413,4,1,1,411,Potential Loyalist
12116,4609,2,6556.2413,5,1,1,511,Potential Loyalist
11816,4639,2,6556.2413,5,1,1,511,Potential Loyalist
12178,4629,2,6556.2413,5,1,1,511,Potential Loyalist
12188,4621,2,6556.2413,5,1,1,511,Potential Loyalist
11831,4649,2,6556.2413,5,1,1,511,Potential Loyalist
11290,4663,2,6556.2413,5,1,1,511,Potential Loyalist
12523,4392,2,6556.2413,2,2,1,221,Needs Attention
12841,4338,2,6556.2413,1,2,1,121,Needs Attention
13846,4431,2,6556.2413,3,2,1,321,Potential Loyalist
13678,4456,2,6556.2413,3,2,1,321,Potential Loyalist
16636,4346,2,6555.6778,1,2,1,121,Needs Attention
11601,4532,2,6555.1032,4,2,1,421,Potential Loyalist
13564,4352,2,6555.1032,1,2,1,121,Needs Attention
16656,4338,2,6552.9042,1,2,1,121,Needs Attention
14159,4404,2,6552.9042,2,2,1,221,Needs Attention
12882,4436,2,6552.9042,3,2,1,321,Potential Loyalist
11665,4645,2,6552.9042,5,1,1,511,Potential Loyalist
12059,4637,2,6552.9042,5,1,1,511,Potential Loyalist
11319,4635,2,6552.9042,5,1,1,511,Potential Loyalist
12155,4605,2,6552.9042,5,1,1,511,Potential Loyalist
11629,4582,2,6552.9042,4,1,1,411,Potential Loyalist
11515,4580,2,6552.9042,4,1,1,411,Potential Loyalist
12112,4613,2,6552.9042,5,1,1,511,Potential Loyalist
12172,4613,2,6552.9042,5,1,1,511,Potential Loyalist
12109,4496,2,6552.9042,3,1,1,311,Potential Loyalist
12180,4505,2,6552.9042,4,1,1,411,Potential Loyalist
11830,4660,2,6552.9042,5,1,1,511,Potential Loyalist
12173,4626,2,6551.7992,5,1,1,511,Potential Loyalist
11809,4529,2,6551.7992,4,2,1,421,Potential Loyalist
12761,4469,2,6551.7992,3,2,1,321,Potential Loyalist
12474,4437,2,6550.7163,3,2,1,321,Potential Loyalist
13772,4427,2,6550.7163,3,2,1,321,Potential Loyalist
26057,4486,2,6549.8986,3,1,1,311,Potential Loyalist
12485,4424,2,6545.4565,2,2,1,221,Needs Attention
14777,4394,2,6545.1692,2,2,1,221,Needs Attention
12280,4465,2,6545.1692,3,2,1,321,Potential Loyalist
13504,4338,2,6545.1692,1,2,1,121,Needs Attention
12618,4372,2,6545.1692,2,2,1,221,Needs Attention
13543,4332,2,6545.1692,1,2,1,121,Needs Attention
11873,4533,2,6545.1692,4,2,1,421,Potential Loyalist
11837,4639,2,6545.1692,5,1,1,511,Potential Loyalist
12817,4378,2,6544.3957,2,2,1,221,Needs Attention
13552,4340,2,6544.3957,1,2,1,121,Needs Attention
12913,4393,2,6544.3957,2,2,1,221,Needs Attention
11298,4638,2,6544.0642,5,1,1,511,Potential Loyalist
11606,4511,2,6544.0642,4,1,1,411,Potential Loyalist
11266,4670,2,6544.0642,5,1,1,511,Potential Loyalist
11281,4679,2,6542.915,5,1,1,511,Potential Loyalist
11799,4530,2,6542.915,4,2,1,421,Potential Loyalist
12435,4480,2,6541.8653,3,1,1,311,Potential Loyalist
12156,4627,2,6541.8653,5,1,1,511,Potential Loyalist
11534,4645,2,6541.3017,5,1,1,511,Potential Loyalist
12520,4405,2,6541.3017,2,2,1,221,Needs Attention
11535,4616,2,6540.7271,5,1,1,511,Potential Loyalist
16347,4334,2,6539.9426,1,2,1,121,Needs Attention
16348,4333,2,6539.6553,1,2,1,121,Needs Attention
13513,4352,2,6539.6553,1,2,1,121,Needs Attention
12614,4396,2,6539.6553,2,2,1,221,Needs Attention
13546,4344,2,6539.6553,1,2,1,121,Needs Attention
15087,4329,2,6538.5503,1,2,1,121,Needs Attention
13845,4423,2,6538.5503,2,2,1,221,Needs Attention
12901,4447,2,6538.5503,3,2,1,321,Potential Loyalist
12830,4329,2,6536.6718,1,2,1,121,Needs Attention
12749,4383,2,6536.6718,2,2,1,221,Needs Attention
16616,4351,2,6536.6718,1,2,1,121,Needs Attention
11742,4548,2,6536.6718,4,2,1,421,Potential Loyalist
12448,4478,2,6536.6718,3,1,1,311,Potential Loyalist
11516,4523,2,6536.6718,4,2,1,421,Potential Loyalist
11536,4610,2,6536.6718,5,1,1,511,Potential Loyalist
11327,4658,2,6536.6718,5,1,1,511,Potential Loyalist
11777,4517,2,6536.6607,4,1,1,411,Potential Loyalist
12904,4446,2,6536.6607,3,2,1,321,Potential Loyalist
12440,4503,2,6534.1413,4,1,1,411,Potential Loyalist
11775,4536,2,6534.1413,4,2,1,421,Potential Loyalist
11625,4577,2,6534.1413,4,2,1,421,Potential Loyalist
11607,4529,2,6534.1303,4,2,1,421,Potential Loyalist
11772,4555,2,6534.1303,4,2,1,421,Potential Loyalist
12016,4538,2,6534.1303,4,1,1,411,Potential Loyalist
12027,4483,2,6534.1303,3,1,1,311,Potential Loyalist
12179,4501,2,6534.1303,4,1,1,411,Potential Loyalist
13661,4472,2,6534.1303,3,1,1,311,Potential Loyalist
12082,4606,2,6534.1303,5,1,1,511,Potential Loyalist
12162,4606,2,6534.1303,5,1,1,511,Potential Loyalist
12186,4623,2,6534.1303,5,1,1,511,Potential Loyalist
12772,4458,2,6534.1303,3,2,1,321,Potential Loyalist
14792,4389,2,6534.1303,2,2,1,221,Needs Attention
15668,4334,2,6534.1303,1,2,1,121,Needs Attention
14831,4373,2,6533.5667,2,2,1,221,Needs Attention
11945,4419,2,6531.1578,2,2,1,221,Needs Attention
14165,4409,2,6531.1578,2,2,1,221,Needs Attention
11954,4521,2,6531.1578,4,1,1,411,Potential Loyalist
12025,4526,2,6531.1578,4,2,1,421,Potential Loyalist
11227,4649,2,6530.7932,5,1,1,511,Potential Loyalist
11292,4690,2,6530.7932,5,1,1,511,Potential Loyalist
13537,4334,2,6530.7932,1,2,1,121,Needs Attention
13767,4343,2,6530.7932,1,2,1,121,Needs Attention
11708,4542,2,6528.8926,4,1,1,411,Potential Loyalist
12120,4480,2,6528.6274,3,1,1,311,Potential Loyalist
12170,4623,2,6528.6274,5,1,1,511,Potential Loyalist
12164,4630,2,6528.6274,5,1,1,511,Potential Loyalist
13820,4423,2,6528.6274,2,2,1,221,Needs Attention
12881,4439,2,6528.6274,3,2,1,321,Potential Loyalist
12480,4422,2,6528.6163,2,2,1,221,Needs Attention
12773,4469,2,6528.6163,3,2,1,321,Potential Loyalist
16639,4337,2,6528.6163,1,2,1,121,Needs Attention
15619,4338,2,6528.6163,1,2,1,121,Needs Attention
13545,4344,2,6528.6163,1,2,1,121,Needs Attention
13548,4329,2,6528.6163,1,2,1,121,Needs Attention
12423,4368,2,6528.6163,1,2,1,121,Needs Attention
13538,4352,2,6528.6163,1,2,1,121,Needs Attention
14776,4410,2,6528.6163,2,2,1,221,Needs Attention
12820,4388,2,6528.6163,2,2,1,221,Needs Attention
12549,4396,2,6528.6163,2,2,1,221,Needs Attention
12104,4623,2,6528.6163,5,1,1,511,Potential Loyalist
12206,4623,2,6528.6163,5,1,1,511,Potential Loyalist
12187,4620,2,6528.6163,5,1,1,511,Potential Loyalist
12209,4579,2,6528.6163,4,1,1,411,Potential Loyalist
12771,4471,2,6528.6163,3,1,1,311,Potential Loyalist
12756,4473,2,6528.6163,3,1,1,311,Potential Loyalist
12211,4494,2,6528.6163,3,1,1,311,Potential Loyalist
16661,4347,2,6528.6163,1,2,1,121,Needs Attention
11593,4520,2,6528.6163,4,2,1,421,Potential Loyalist
11278,4687,2,6528.6163,5,1,1,511,Potential Loyalist
11834,4646,2,6528.6163,5,1,1,511,Potential Loyalist
15925,4459,3,6525.9202,3,1,1,311,Potential Loyalist
11289,4674,2,6525.5555,5,1,1,511,Potential Loyalist
11690,4574,2,6524.1742,4,2,1,421,Potential Loyalist
12362,4579,2,6524.1742,4,1,1,411,Potential Loyalist
14700,4402,2,6524.1742,2,2,1,221,Needs Attention
16350,4333,2,6523.025,1,2,1,121,Needs Attention
12102,4631,2,6523.025,5,1,1,511,Potential Loyalist
11885,4655,2,6520.1078,5,1,1,511,Potential Loyalist
11678,4654,2,6520.1078,5,1,1,511,Potential Loyalist
12777,4473,2,6520.1078,3,1,1,311,Potential Loyalist
11812,4521,2,6520.1078,4,1,1,411,Potential Loyalist
16637,4347,2,6520.1078,1,2,1,121,Needs Attention
12096,4489,2,6520.1078,3,1,1,311,Potential Loyalist
12442,4476,2,6520.1078,3,1,1,311,Potential Loyalist
11774,4526,2,6520.1078,4,2,1,421,Potential Loyalist
11825,4647,2,6520.1078,5,1,1,511,Potential Loyalist
16631,4334,2,6520.1078,1,2,1,121,Needs Attention
15081,4336,2,6520.1078,1,2,1,121,Needs Attention
16657,4350,2,6520.1078,1,2,1,121,Needs Attention
13666,4351,2,6520.1078,1,2,1,121,Needs Attention
14720,4392,2,6520.1078,2,2,1,221,Needs Attention
12884,4431,2,6520.1078,3,2,1,321,Potential Loyalist
12483,4432,2,6517.5774,3,2,1,321,Potential Loyalist
12464,4434,2,6517.5774,3,2,1,321,Potential Loyalist
13689,4454,2,6517.5774,3,2,1,321,Potential Loyalist
12912,4393,2,6517.5774,2,2,1,221,Needs Attention
12834,4354,2,6517.5774,1,2,1,121,Needs Attention
12547,4416,2,6517.5774,2,2,1,221,Needs Attention
16612,4329,2,6517.5774,1,2,1,121,Needs Attention
15669,4341,2,6517.5774,1,2,1,121,Needs Attention
16660,4344,2,6517.5774,1,2,1,121,Needs Attention
16349,4338,2,6517.5774,1,2,1,121,Needs Attention
11817,4647,2,6517.5774,5,1,1,511,Potential Loyalist
11329,4649,2,6517.5774,5,1,1,511,Potential Loyalist
11675,4650,2,6517.5774,5,1,1,511,Potential Loyalist
11743,4554,2,6517.5774,4,2,1,421,Potential Loyalist
11624,4576,2,6517.5774,4,2,1,421,Potential Loyalist
11811,4522,2,6517.5774,4,2,1,421,Potential Loyalist
12383,4470,2,6517.5774,3,1,1,311,Potential Loyalist
12212,4502,2,6517.5774,4,1,1,411,Potential Loyalist
12438,4594,2,6517.5774,5,1,1,511,Potential Loyalist
11826,4644,2,6517.5774,5,1,1,511,Potential Loyalist
12917,4581,2,6517.5774,4,1,1,411,Potential Loyalist
12364,4600,2,6517.5774,5,1,1,511,Potential Loyalist
12069,4632,2,6516.7707,5,1,1,511,Potential Loyalist
16607,4349,2,6516.7707,1,2,1,121,Needs Attention
11886,4522,2,6516.7707,4,2,1,421,Potential Loyalist
11296,4661,2,6516.7707,5,1,1,511,Potential Loyalist
11683,4652,2,6516.4392,5,1,1,511,Potential Loyalist
11924,4520,2,6516.4392,4,1,1,411,Potential Loyalist
15088,4329,2,6515.29,1,2,1,121,Needs Attention
12915,4407,2,6515.29,2,2,1,221,Needs Attention
15089,4344,2,6514.2403,1,2,1,121,Needs Attention
16620,4353,2,6514.2403,1,2,1,121,Needs Attention
11538,4630,2,6514.2403,5,1,1,511,Potential Loyalist
12151,4625,2,6514.2403,5,1,1,511,Potential Loyalist
11591,4547,2,6514.2403,4,2,1,421,Potential Loyalist
12190,4627,2,6509.0357,5,1,1,511,Potential Loyalist
11274,4635,2,6506.5053,5,1,1,511,Potential Loyalist
11937,4507,2,6506.5053,4,1,1,411,Potential Loyalist
12110,4482,2,6506.5053,3,1,1,311,Potential Loyalist
11522,4658,2,6506.5053,5,1,1,511,Potential Loyalist
12849,4334,2,6506.5053,1,2,1,121,Needs Attention
12561,4404,2,6506.5053,2,2,1,221,Needs Attention
12522,4406,2,6506.5053,2,2,1,221,Needs Attention
15083,4357,2,6506.5053,1,2,1,121,Needs Attention
13847,4445,2,6506.5053,3,2,1,321,Potential Loyalist
29584,4357,7,6504.8271,1,1,1,111,Lost
12255,4489,2,6500.9913,3,1,1,311,Potential Loyalist
12866,4342,2,6500.9913,1,2,1,121,Needs Attention
12717,4380,2,6500.9913,2,2,1,221,Needs Attention
29833,4723,4,6496.4491,5,1,1,511,Potential Loyalist
12441,4487,2,6492.4828,3,1,1,311,Potential Loyalist
11592,4558,2,6492.4828,4,2,1,421,Potential Loyalist
11303,4636,2,6492.4828,5,1,1,511,Potential Loyalist
11531,4651,2,6492.4828,5,1,1,511,Potential Loyalist
11628,4600,2,6492.4828,5,1,1,511,Potential Loyalist
12184,4613,2,6492.4828,5,1,1,511,Potential Loyalist
12207,4589,2,6492.4828,5,1,1,511,Potential Loyalist
14705,4389,2,6492.4828,2,2,1,221,Needs Attention
12468,4430,2,6492.4828,3,2,1,321,Potential Loyalist
12883,4424,2,6492.4828,2,2,1,221,Needs Attention
13687,4450,2,6489.9524,3,2,1,321,Potential Loyalist
12267,4462,2,6489.9524,3,2,1,321,Potential Loyalist
16351,4353,2,6489.9524,1,2,1,121,Needs Attention
14794,4374,2,6489.9524,2,2,1,221,Needs Attention
16658,4342,2,6489.9524,1,2,1,121,Needs Attention
12076,4616,2,6489.9524,5,1,1,511,Potential Loyalist
12174,4609,2,6489.9524,5,1,1,511,Potential Loyalist
11537,4607,2,6489.9524,5,1,1,511,Potential Loyalist
11983,4638,2,6489.9524,5,1,1,511,Potential Loyalist
11317,4641,2,6489.9524,5,1,1,511,Potential Loyalist
12217,4502,2,6489.9524,4,1,1,411,Potential Loyalist
11611,4510,2,6489.9524,4,1,1,411,Potential Loyalist
11778,4510,2,6489.9524,4,1,1,411,Potential Loyalist
12290,4474,2,6489.9524,3,1,1,311,Potential Loyalist
11779,4516,2,6489.9524,4,1,1,411,Potential Loyalist
16659,4347,2,6489.9524,1,2,1,121,Needs Attention
11696,4571,2,6489.9524,4,2,1,421,Potential Loyalist
11956,4538,2,6489.9524,4,1,1,411,Potential Loyalist
11291,4671,2,6489.9524,5,1,1,511,Potential Loyalist
11129,4681,2,6489.9524,5,1,1,511,Potential Loyalist
26018,4503,2,6485.2893,4,1,1,411,Potential Loyalist
26041,4491,2,6476.383,3,1,1,311,Potential Loyalist
26114,4472,2,6467.5982,3,1,1,311,Potential Loyalist
25990,4498,2,6460.9793,3,1,1,311,Potential Loyalist
30053,4357,3,6460.1327,1,1,1,111,Lost
26096,4464,2,6457.1118,3,2,1,321,Potential Loyalist
16393,4402,3,6454.7167,2,1,1,211,Needs Attention
26061,4500,2,6451.0453,3,1,1,311,Potential Loyalist
26056,4499,2,6451.0453,3,1,1,311,Potential Loyalist
26058,4494,2,6451.0453,3,1,1,311,Potential Loyalist
11380,4656,2,6450.8906,5,1,1,511,Potential Loyalist
12123,4366,4,6450.8113,1,1,1,111,Lost
26066,4491,2,6444.3822,3,1,1,311,Potential Loyalist
12133,4355,4,6442.9011,1,1,1,111,Lost
26091,4478,2,6439.9732,3,1,1,311,Potential Loyalist
25974,4489,2,6430.0503,3,1,1,311,Potential Loyalist
25982,4490,2,6430.0503,3,1,1,311,Potential Loyalist
25924,4485,2,6430.0503,3,1,1,311,Potential Loyalist
25980,4500,2,6430.0503,3,1,1,311,Potential Loyalist
25962,4502,2,6430.0503,4,1,1,411,Potential Loyalist
25872,4515,2,6430.0503,4,1,1,411,Potential Loyalist
26090,4455,2,6430.0503,3,2,1,321,Potential Loyalist
19997,4387,2,6425.553,2,2,1,221,Needs Attention
25978,4488,2,6423.4203,3,1,1,311,Potential Loyalist
25943,4497,2,6417.8732,3,1,1,311,Potential Loyalist
19844,4378,2,6417.7627,2,2,1,221,Needs Attention
25975,4493,2,6416.7682,3,1,1,311,Potential Loyalist
16566,4358,3,6416.0196,1,1,1,111,Lost
18005,4367,3,6414.3842,1,1,1,111,Lost
17976,4391,3,6410.5277,2,1,1,211,Needs Attention
26107,4458,2,6409.3647,3,2,1,321,Potential Loyalist
26089,4457,2,6406.8343,3,2,1,321,Potential Loyalist
25868,4534,2,6406.8343,4,2,1,421,Potential Loyalist
26060,4498,2,6402.4253,3,1,1,311,Potential Loyalist
26012,4504,2,6402.4253,4,1,1,411,Potential Loyalist
26111,4456,2,6402.4253,3,2,1,321,Potential Loyalist
26112,4466,2,6402.4253,3,2,1,321,Potential Loyalist
26083,4451,2,6402.4253,3,2,1,321,Potential Loyalist
26116,4452,2,6402.4253,3,2,1,321,Potential Loyalist
26098,4468,2,6401.3203,3,2,1,321,Potential Loyalist
25973,4500,2,6401.3203,3,1,1,311,Potential Loyalist
25901,4534,2,6401.3203,4,2,1,421,Potential Loyalist
17986,4365,3,6398.9031,1,1,1,111,Lost
16392,4416,3,6393.9527,2,1,1,211,Needs Attention
17983,4409,3,6391.7206,2,1,1,211,Needs Attention
26055,4501,2,6391.3864,3,1,1,311,Potential Loyalist
25979,4497,2,6391.3864,3,1,1,311,Potential Loyalist
25867,4510,2,6391.3864,4,1,1,411,Potential Loyalist
25972,4488,2,6387.994,3,1,1,311,Potential Loyalist
29493,5119,4,6387.5291,5,1,1,511,Potential Loyalist
18133,4438,3,6387.4166,3,1,1,311,Potential Loyalist
25903,4534,2,6379.2093,4,2,1,421,Potential Loyalist
26097,4456,2,6379.2093,3,2,1,321,Potential Loyalist
20034,4364,2,6375.8059,1,2,1,121,Needs Attention
16426,4384,3,6374.0407,2,1,1,211,Needs Attention
26070,4482,2,6373.6953,3,1,1,311,Potential Loyalist
26106,4475,2,6373.6953,3,1,1,311,Potential Loyalist
26011,4480,2,6373.6953,3,1,1,311,Potential Loyalist
26075,4500,2,6373.6953,3,1,1,311,Potential Loyalist
26082,4462,2,6373.6953,3,2,1,321,Potential Loyalist
26084,4464,2,6373.6953,3,2,1,321,Potential Loyalist
19830,4385,2,6371.3417,2,2,1,221,Needs Attention
18139,4439,3,6369.6924,3,1,1,311,Potential Loyalist
14214,4474,3,6364.6545,3,1,1,311,Potential Loyalist
26042,4480,2,6363.7614,3,1,1,311,Potential Loyalist
25976,4485,2,6363.7614,3,1,1,311,Potential Loyalist
25891,4527,2,6363.7614,4,2,1,421,Potential Loyalist
26110,4469,2,6363.7614,3,2,1,321,Potential Loyalist
11332,4684,2,6359.2419,5,1,1,511,Potential Loyalist
17964,4389,3,6354.1507,2,1,1,211,Needs Attention
20182,4381,2,6353.7169,2,2,1,221,Needs Attention
11338,4691,2,6348.1698,5,1,1,511,Potential Loyalist
11335,4686,2,6347.3963,5,1,1,511,Potential Loyalist
14219,4451,3,6347.3628,3,1,1,311,Potential Loyalist
15924,4478,3,6347.1228,3,1,1,311,Potential Loyalist
18130,4469,3,6347.0841,3,1,1,311,Potential Loyalist
18140,4432,3,6344.2553,3,1,1,311,Potential Loyalist
18125,4476,3,6342.1448,3,1,1,311,Potential Loyalist
16424,4412,3,6340.9128,2,1,1,211,Needs Attention
18134,4433,3,6334.3766,3,1,1,311,Potential Loyalist
11395,4639,2,6331.6169,5,1,1,511,Potential Loyalist
13967,4328,3,6322.7087,1,1,1,111,Lost
30104,4784,4,6322.6323,5,1,1,511,Potential Loyalist
12287,4544,3,6321.007,4,1,1,411,Potential Loyalist
16425,4415,3,6319.1553,2,1,1,211,Needs Attention
13108,4342,3,6319.119,1,1,1,111,Lost
13112,4344,3,6318.2666,1,1,1,111,Lost
13010,4405,3,6316.7542,2,1,1,211,Needs Attention
14236,4391,3,6309.8038,2,1,1,211,Needs Attention
19855,4365,2,6309.5059,1,2,1,121,Needs Attention
13111,4350,3,6306.4556,1,1,1,111,Lost
18019,4359,3,6305.5528,1,1,1,111,Lost
13106,4373,3,6295.7592,2,1,1,211,Needs Attention
14220,4458,3,6294.2896,3,1,1,311,Potential Loyalist
20035,4376,2,6292.953,2,2,1,221,Needs Attention
12998,4442,3,6292.8626,3,1,1,311,Potential Loyalist
14064,4459,3,6292.1017,3,1,1,311,Potential Loyalist
12608,4422,3,6287.3155,2,1,1,211,Needs Attention
14234,4425,3,6284.9302,2,1,1,211,Needs Attention
12271,4552,3,6279.9135,4,1,1,411,Potential Loyalist
13109,4347,3,6279.6026,1,1,1,111,Lost
14235,4403,3,6278.8306,2,1,1,211,Needs Attention
29991,4388,7,6276.6629,2,1,1,211,Needs Attention
12460,4520,3,6275.1937,4,1,1,411,Potential Loyalist
14063,4476,3,6272.2559,3,1,1,311,Potential Loyalist
12873,4400,3,6272.2448,2,1,1,211,Needs Attention
13007,4397,3,6266.7198,2,1,1,211,Needs Attention
13118,4333,3,6265.2376,1,1,1,111,Lost
12277,4545,3,6261.5042,4,1,1,411,Potential Loyalist
13517,4384,3,6261.348,2,1,1,211,Needs Attention
12859,4401,3,6261.1728,2,1,1,211,Needs Attention
14215,4478,3,6260.8066,3,1,1,311,Potential Loyalist
12473,4509,3,6260.0677,4,1,1,411,Potential Loyalist
12615,4397,3,6257.8688,2,1,1,211,Needs Attention
14211,4473,3,6257.5026,3,1,1,311,Potential Loyalist
12264,4545,3,6257.5026,4,1,1,411,Potential Loyalist
14230,4421,3,6256.3977,2,1,1,211,Needs Attention
12612,4443,3,6251.9887,3,1,1,311,Potential Loyalist
14226,4441,3,6250.1449,3,1,1,311,Potential Loyalist
14261,4370,3,6247.5797,2,1,1,211,Needs Attention
14216,4475,3,6247.5797,3,1,1,311,Potential Loyalist
14262,4349,3,6246.0563,1,1,1,111,Lost
14058,4475,3,6246.0342,3,1,1,311,Potential Loyalist
12486,4503,3,6245.9002,4,1,1,411,Potential Loyalist
14218,4460,3,6245.3255,3,1,1,311,Potential Loyalist
13050,4380,3,6244.6309,2,1,1,211,Needs Attention
13107,4365,3,6244.2426,1,1,1,111,Lost
14050,4474,3,6243.5148,3,1,1,311,Potential Loyalist
12599,4468,3,6242.3767,3,1,1,311,Potential Loyalist
13134,4348,3,6242.0547,1,1,1,111,Lost
14263,4345,3,6240.9608,1,1,1,111,Lost
14062,4462,3,6240.9497,3,1,1,311,Potential Loyalist
13049,4382,3,6240.1777,2,1,1,211,Needs Attention
12289,4548,3,6238.6734,4,1,1,411,Potential Loyalist
13957,4335,3,6237.9898,1,1,1,111,Lost
14046,4462,3,6237.9898,3,1,1,311,Potential Loyalist
14047,4465,3,6236.1113,3,1,1,311,Potential Loyalist
14238,4397,3,6235.4026,2,1,1,211,Needs Attention
12991,4430,3,6234.2976,3,1,1,311,Potential Loyalist
13554,4384,3,6233.5809,2,1,1,211,Needs Attention
12874,4412,3,6230.5864,2,1,1,211,Needs Attention
12560,4461,3,6228.7726,3,1,1,311,Potential Loyalist
12609,4426,3,6228.7726,3,1,1,311,Potential Loyalist
12394,4525,3,6227.6787,4,1,1,411,Potential Loyalist
12559,4460,3,6225.4687,3,1,1,311,Potential Loyalist
12623,4412,3,6221.3802,2,1,1,211,Needs Attention
12284,4549,3,6215.9009,4,1,1,411,Potential Loyalist
13551,4386,3,6213.3247,2,1,1,211,Needs Attention
14210,4450,3,6211.4699,3,1,1,311,Potential Loyalist
14224,4476,3,6211.4462,3,1,1,311,Potential Loyalist
14070,4466,3,6208.9158,3,1,1,311,Potential Loyalist
12459,4523,3,6208.4863,4,1,1,411,Potential Loyalist
14071,4478,3,6207.7998,3,1,1,311,Potential Loyalist
14065,4468,3,6197.4474,3,1,1,311,Potential Loyalist
14051,4466,3,6195.6337,3,1,1,311,Potential Loyalist
12382,4533,3,6194.917,4,1,1,411,Potential Loyalist
14225,4452,3,6192.3297,3,1,1,311,Potential Loyalist
13553,4368,3,6191.5799,1,1,1,111,Lost
13105,4385,3,6171.9204,2,1,1,211,Needs Attention
13110,4351,3,6170.2519,1,1,1,111,Lost
12283,4559,3,6169.1137,4,1,1,411,Potential Loyalist
13038,4399,3,6167.292,2,1,1,211,Needs Attention
12380,4520,3,6155.0912,4,1,1,411,Potential Loyalist
12343,4427,3,6152.5608,3,1,1,311,Potential Loyalist
29542,4388,4,6104.5688,2,1,1,211,Needs Attention
14719,4333,3,6091.0474,1,1,1,111,Lost
29788,4723,7,6040.9608,5,1,1,511,Potential Loyalist
16580,4474,3,5999.8849,3,1,1,311,Potential Loyalist
13823,4372,3,5959.6076,2,1,1,211,Needs Attention
29849,4693,7,5959.037,5,1,1,511,Potential Loyalist
14714,4329,3,5951.8395,1,1,1,111,Lost
20429,4450,2,5942.4138,3,2,1,321,Potential Loyalist
19592,4557,2,5941.8392,4,2,1,421,Potential Loyalist
18739,4614,2,5935.7728,5,1,1,511,Potential Loyalist
15931,4468,3,5925.3305,3,1,1,311,Potential Loyalist
19557,4585,2,5920.8553,5,1,1,511,Potential Loyalist
18701,4651,2,5920.3028,5,1,1,511,Potential Loyalist
20241,4489,2,5908.6892,3,1,1,311,Potential Loyalist
23486,4530,2,5904.2692,4,2,1,421,Potential Loyalist
20216,4535,2,5899.3078,4,2,1,421,Potential Loyalist
30089,4357,4,5894.0226,1,1,1,111,Lost
18468,4687,2,5893.2413,5,1,1,511,Potential Loyalist
20211,4538,2,5893.2413,4,1,1,411,Potential Loyalist
20249,4485,2,5893.2413,3,1,1,311,Potential Loyalist
20264,4486,2,5893.2413,3,1,1,311,Potential Loyalist
19563,4570,2,5893.2413,4,2,1,421,Potential Loyalist
18722,4612,2,5893.2413,5,1,1,511,Potential Loyalist
18721,4603,2,5893.2413,5,1,1,511,Potential Loyalist
18702,4634,2,5893.2413,5,1,1,511,Potential Loyalist
18729,4621,2,5893.2413,5,1,1,511,Potential Loyalist
22998,4693,2,5888.8213,5,1,1,511,Potential Loyalist
29835,4388,7,5887.9998,2,1,1,211,Needs Attention
18700,4656,2,5887.6942,5,1,1,511,Potential Loyalist
20284,4450,2,5887.6942,3,2,1,321,Potential Loyalist
14300,4419,3,5881.6163,2,1,1,211,Needs Attention
23378,4554,2,5875.5392,4,2,1,421,Potential Loyalist
19562,4552,2,5872.2463,4,2,1,421,Potential Loyalist
19652,4529,2,5872.2463,4,2,1,421,Potential Loyalist
19601,4527,2,5872.2463,4,2,1,421,Potential Loyalist
18768,4572,2,5872.2463,4,2,1,421,Potential Loyalist
20261,4479,2,5872.2463,3,1,1,311,Potential Loyalist
19653,4534,2,5872.2463,4,2,1,421,Potential Loyalist
18726,4627,2,5872.2463,5,1,1,511,Potential Loyalist
23137,4607,2,5872.2463,5,1,1,511,Potential Loyalist
18703,4602,2,5872.2463,5,1,1,511,Potential Loyalist
18767,4580,2,5872.2463,4,1,1,411,Potential Loyalist
23376,4597,2,5872.2463,5,1,1,511,Potential Loyalist
20260,4509,2,5872.2463,4,1,1,411,Potential Loyalist
19605,4515,2,5872.2463,4,1,1,411,Potential Loyalist
18698,4671,2,5872.2463,5,1,1,511,Potential Loyalist
20283,4459,2,5872.2463,3,2,1,321,Potential Loyalist
20427,4459,2,5872.2463,3,2,1,321,Potential Loyalist
19598,4522,2,5868.1357,4,2,1,421,Potential Loyalist
19565,4542,2,5865.6053,4,1,1,411,Potential Loyalist
18699,4659,2,5865.6053,5,1,1,511,Potential Loyalist
19593,4542,2,5863.7268,4,1,1,411,Potential Loyalist
20214,4514,2,5861.1963,4,1,1,411,Potential Loyalist
18769,4598,2,5861.1963,5,1,1,511,Potential Loyalist
14716,4347,3,5856.7874,1,1,1,111,Lost
14667,4398,3,5851.4262,2,1,1,211,Needs Attention
19564,4544,2,5849.0303,4,1,1,411,Potential Loyalist
29713,4388,4,5846.7427,2,1,1,211,Needs Attention
14049,4336,3,5846.2011,1,1,1,111,Lost
29498,4357,8,5835.052,1,1,1,111,Lost
18697,4687,2,5833.5824,5,1,1,511,Potential Loyalist
18467,4690,2,5833.5824,5,1,1,511,Potential Loyalist
19631,4536,2,5833.5824,4,2,1,421,Potential Loyalist
19616,4527,2,5833.5824,4,2,1,421,Potential Loyalist
19615,4528,2,5833.5824,4,2,1,421,Potential Loyalist
19620,4530,2,5833.5824,4,2,1,421,Potential Loyalist
20215,4532,2,5833.5824,4,2,1,421,Potential Loyalist
20236,4509,2,5833.5824,4,1,1,411,Potential Loyalist
19599,4520,2,5833.5824,4,1,1,411,Potential Loyalist
18723,4631,2,5833.5824,5,1,1,511,Potential Loyalist
23592,4408,2,5833.5824,2,2,1,221,Needs Attention
14276,4449,3,5811.591,3,1,1,311,Potential Loyalist
12286,4582,3,5806.6406,4,1,1,411,Potential Loyalist
11616,4585,3,5805.2829,4,1,1,411,Potential Loyalist
15662,4345,3,5804.6425,1,1,1,111,Lost
12404,4536,3,5803.1392,4,1,1,411,Potential Loyalist
15657,4359,3,5802.7308,1,1,1,111,Lost
14012,4350,3,5801.1597,1,1,1,111,Lost
15632,4406,3,5795.7914,2,1,1,211,Needs Attention
29859,5088,2,5794.6949,5,1,1,511,Potential Loyalist
11550,4615,3,5791.7783,5,1,1,511,Potential Loyalist
13974,4355,3,5787.6913,1,1,1,111,Lost
15133,4331,3,5787.6913,1,1,1,111,Lost
14672,4371,3,5787.6803,2,1,1,211,Needs Attention
14286,4444,3,5784.0101,3,1,1,311,Potential Loyalist
12526,4416,3,5778.463,2,1,1,211,Needs Attention
14323,4423,3,5770.3317,2,1,1,211,Needs Attention
12402,4537,3,5766.3301,4,1,1,411,Potential Loyalist
14264,4444,3,5765.5913,3,1,1,311,Potential Loyalist
15120,4380,3,5765.5566,2,1,1,211,Needs Attention
14668,4391,3,5764.4421,2,1,1,211,Needs Attention
15130,4350,3,5763.0152,1,1,1,111,Lost
15661,4353,3,5754.8843,1,1,1,111,Lost
14326,4404,3,5754.5081,2,1,1,211,Needs Attention
11615,4587,3,5752.3092,5,1,1,511,Potential Loyalist
15653,4368,3,5750.4864,2,1,1,211,Needs Attention
15121,4343,3,5749.0163,1,1,1,111,Lost
12463,4533,3,5748.4528,4,1,1,411,Potential Loyalist
14310,4432,3,5746.7289,3,1,1,311,Potential Loyalist
12619,4409,3,5746.4512,2,1,1,211,Needs Attention
14666,4407,3,5745.9098,2,1,1,211,Needs Attention
12745,4332,3,5745.6902,1,1,1,111,Lost
14277,4441,3,5742.3974,3,1,1,311,Potential Loyalist
15122,4342,3,5739.0602,1,1,1,111,Lost
30057,4418,5,5734.4915,2,1,1,211,Needs Attention
14676,4373,3,5733.1912,2,1,1,211,Needs Attention
13973,4347,3,5730.176,1,1,1,111,Lost
15127,4352,3,5726.9163,1,1,1,111,Lost
13968,4334,3,5725.7781,1,1,1,111,Lost
14681,4381,3,5722.1301,2,1,1,211,Needs Attention
15129,4353,3,5721.3913,1,1,1,111,Lost
14055,4328,3,5721.0251,1,1,1,111,Lost
12281,4597,3,5712.1409,5,1,1,511,Potential Loyalist
15660,4331,3,5711.8224,1,1,1,111,Lost
12492,4473,3,5708.8812,3,1,1,311,Potential Loyalist
15638,4406,3,5704.4189,2,1,1,211,Needs Attention
12381,4582,3,5703.7113,4,1,1,411,Potential Loyalist
15652,4393,3,5701.8885,2,1,1,211,Needs Attention
14275,4421,3,5699.997,2,1,1,211,Needs Attention
29949,4388,8,5696.577,2,1,1,211,Needs Attention
14325,4399,3,5693.7316,2,1,1,211,Needs Attention
15134,4357,3,5692.6392,1,1,1,111,Lost
12742,4532,3,5688.8822,4,1,1,411,Potential Loyalist
14301,4426,3,5682.7384,3,1,1,311,Potential Loyalist
14287,4449,3,5681.2783,3,1,1,311,Potential Loyalist
14302,4437,3,5680.5063,3,1,1,311,Potential Loyalist
14308,4441,3,5680.1402,3,1,1,311,Potential Loyalist
12272,4592,3,5679.4013,5,1,1,511,Potential Loyalist
13975,4338,3,5678.2837,1,1,1,111,Lost
14279,4423,3,5677.1677,2,1,1,211,Needs Attention
15630,4434,3,5675.6889,3,1,1,311,Potential Loyalist
12622,4385,3,5674.6262,2,1,1,211,Needs Attention
14048,4348,3,5661.7324,1,1,1,111,Lost
15631,4417,3,5660.2411,2,1,1,211,Needs Attention
14324,4431,3,5659.1783,3,1,1,311,Potential Loyalist
12391,4541,3,5659.1783,4,1,1,411,Potential Loyalist
12385,4597,3,5656.2184,5,1,1,511,Potential Loyalist
14673,4358,3,5655.1134,1,1,1,111,Lost
12808,4329,3,5648.1394,1,1,1,111,Lost
12282,4593,3,5648.1394,5,1,1,511,Potential Loyalist
14322,4438,3,5648.1394,3,1,1,311,Potential Loyalist
14299,4442,3,5645.1795,3,1,1,311,Potential Loyalist
11368,4355,3,5642.3953,1,1,1,111,Lost
13769,4364,3,5619.5135,1,1,1,111,Lost
11356,4386,3,5601.5655,2,1,1,211,Needs Attention
13768,4377,3,5595.1925,2,1,1,211,Needs Attention
11402,4598,3,5590.5593,5,1,1,511,Potential Loyalist
12384,4590,3,5587.4638,5,1,1,511,Potential Loyalist
12462,4561,3,5577.5299,4,1,1,411,Potential Loyalist
11930,4340,3,5564.5702,1,1,1,111,Lost
11363,4338,3,5564.5702,1,1,1,111,Lost
11358,4372,3,5563.432,2,1,1,211,Needs Attention
11403,4542,3,5561.6194,4,1,1,411,Potential Loyalist
16551,4361,2,5561.1999,1,2,1,121,Needs Attention
12461,4549,3,5558.5253,4,1,1,411,Potential Loyalist
12292,4379,3,5555.7835,2,1,1,211,Needs Attention
11360,4334,3,5553.5091,1,1,1,111,Lost
12807,4497,3,5552.47,3,1,1,311,Potential Loyalist
11365,4334,3,5552.3931,1,1,1,111,Lost
11401,4623,3,5548.061,5,1,1,511,Potential Loyalist
22201,4347,2,5538.5584,1,2,1,121,Needs Attention
29565,4509,8,5537.2608,4,1,1,411,Potential Loyalist
11050,4367,3,5533.0666,1,1,1,111,Lost
16940,4330,2,5532.4036,1,2,1,121,Needs Attention
16552,4370,2,5510.403,2,2,1,221,Needs Attention
16313,4693,2,5509.1544,5,1,1,511,Potential Loyalist
11484,4601,3,5508.8445,5,1,1,511,Potential Loyalist
11481,4579,3,5500.7434,4,1,1,411,Potential Loyalist
12390,4544,3,5500.5349,4,1,1,411,Potential Loyalist
12299,4377,3,5499.9824,2,1,1,211,Needs Attention
11547,4481,3,5498.8995,3,1,1,311,Potential Loyalist
21567,4391,2,5495.4745,2,2,1,221,Needs Attention
11126,4383,3,5494.4689,2,1,1,211,Needs Attention
16416,4581,2,5493.7065,4,1,1,411,Potential Loyalist
11479,4546,3,5492.5237,4,1,1,411,Potential Loyalist
12397,4546,3,5489.6823,4,1,1,411,Potential Loyalist
11483,4490,3,5487.8606,3,1,1,311,Potential Loyalist
11372,4342,3,5487.2201,1,1,1,111,Lost
11929,4339,3,5487.187,1,1,1,111,Lost
21569,4396,2,5480.9769,2,2,1,221,Needs Attention
11359,4352,3,5480.8774,1,1,1,111,Lost
16400,4663,2,5478.8995,5,1,1,511,Potential Loyalist
16429,4488,2,5478.8995,3,1,1,311,Potential Loyalist
12806,4529,3,5476.4334,4,1,1,411,Potential Loyalist
12738,4562,3,5476.4113,4,1,1,411,Potential Loyalist
21561,4449,2,5467.297,3,2,1,321,Potential Loyalist
11357,4388,3,5462.8991,2,1,1,211,Needs Attention
15846,4341,2,5462.3687,1,2,1,121,Needs Attention
12305,4388,3,5459.1306,2,1,1,211,Needs Attention
21179,4468,2,5453.9154,3,2,1,321,Potential Loyalist
21216,4444,2,5453.9154,3,2,1,321,Potential Loyalist
11480,4484,3,5453.5725,3,1,1,311,Potential Loyalist
16415,4576,2,5448.4015,4,2,1,421,Potential Loyalist
21556,4434,2,5448.4015,3,2,1,321,Potential Loyalist
16549,4384,2,5448.4015,2,2,1,221,Needs Attention
11416,4565,3,5445.5044,4,1,1,411,Potential Loyalist
21888,4414,2,5442.766,2,2,1,221,Needs Attention
21974,4366,2,5442.3129,1,2,1,121,Needs Attention
21393,4433,2,5442.3129,3,2,1,321,Potential Loyalist
16409,4559,2,5442.3129,4,2,1,421,Potential Loyalist
16442,4483,2,5440.2355,3,1,1,311,Potential Loyalist
21951,4372,2,5440.2355,2,2,1,221,Needs Attention
11364,4330,3,5438.6112,1,1,1,111,Lost
16291,4669,2,5438.4675,5,1,1,511,Potential Loyalist
22207,4329,2,5438.4675,1,2,1,121,Needs Attention
21891,4399,2,5438.4675,2,2,1,221,Needs Attention
21201,4463,2,5438.4675,3,2,1,321,Potential Loyalist
21892,4389,2,5438.4675,2,2,1,221,Needs Attention
21875,4389,2,5438.4675,2,2,1,221,Needs Attention
21999,4388,2,5438.4675,2,2,1,221,Needs Attention
16532,4426,2,5438.4675,3,2,1,321,Potential Loyalist
16412,4581,2,5438.357,4,1,1,411,Potential Loyalist
16414,4542,2,5435.8266,4,1,1,411,Potential Loyalist
21558,4441,2,5435.8266,3,2,1,321,Potential Loyalist
21957,4358,2,5435.8266,1,2,1,121,Needs Attention
15566,4349,2,5428.2794,1,2,1,121,Needs Attention
11134,4383,3,5427.5723,2,1,1,211,Needs Attention
22195,4353,2,5425.1854,1,2,1,121,Needs Attention
21897,4413,2,5425.1854,2,2,1,221,Needs Attention
21166,4469,2,5425.1854,3,2,1,321,Potential Loyalist
13230,4561,2,5420.3787,4,2,1,421,Potential Loyalist
21559,4430,2,5415.2515,3,2,1,321,Potential Loyalist
16547,4416,2,5415.2515,2,2,1,221,Needs Attention
21950,4360,2,5415.2515,1,2,1,121,Needs Attention
21955,4364,2,5415.2515,1,2,1,121,Needs Attention
21211,4462,2,5415.2515,3,2,1,321,Potential Loyalist
22930,4329,2,5415.2515,1,2,1,121,Needs Attention
15905,4352,2,5413.4172,1,2,1,121,Needs Attention
13478,4535,2,5412.6437,4,2,1,421,Potential Loyalist
21403,4427,2,5409.7375,3,2,1,321,Potential Loyalist
23865,4427,2,5405.2291,3,2,1,321,Potential Loyalist
23396,4550,2,5405.2291,4,2,1,421,Potential Loyalist
21205,4474,2,5399.8036,3,1,1,311,Potential Loyalist
21557,4424,2,5399.8036,2,2,1,221,Needs Attention
22857,4350,2,5399.8036,1,2,1,121,Needs Attention
21948,4383,2,5399.8036,2,2,1,221,Needs Attention
16572,4340,2,5399.8036,1,2,1,121,Needs Attention
21945,4398,2,5399.8036,2,2,1,221,Needs Attention
21882,4394,2,5399.8036,2,2,1,221,Needs Attention
22193,4386,2,5399.8036,2,2,1,221,Needs Attention
13729,4356,2,5396.6212,1,2,1,121,Needs Attention
13728,4330,2,5392.1791,1,2,1,121,Needs Attention
23267,4612,2,5372.6095,5,1,1,511,Potential Loyalist
19037,4413,2,5368.4658,2,2,1,221,Needs Attention
13314,4553,2,5363.9905,4,2,1,421,Potential Loyalist
28665,4362,2,5362.1231,1,2,1,121,Needs Attention
15175,4392,2,5359.6147,2,2,1,221,Needs Attention
15889,4348,2,5357.0732,1,2,1,121,Needs Attention
13885,4537,2,5353.5041,4,1,1,411,Potential Loyalist
23511,4521,2,5351.6366,4,1,1,411,Potential Loyalist
15304,4398,2,5351.515,2,2,1,221,Needs Attention
14598,4404,2,5347.095,2,2,1,221,Needs Attention
13435,4523,2,5346.3437,4,2,1,421,Potential Loyalist
19049,4385,2,5346.3216,2,2,1,221,Needs Attention
13274,4561,2,5345.7801,4,2,1,421,Potential Loyalist
24284,4379,2,5345.2608,2,2,1,221,Needs Attention
13299,4568,2,5343.0066,4,2,1,421,Potential Loyalist
13898,4529,2,5342.9955,4,2,1,421,Potential Loyalist
13019,4400,2,5342.9955,2,2,1,221,Needs Attention
12193,4502,2,5340.4982,4,1,1,411,Potential Loyalist
23385,4559,2,5336.476,4,2,1,421,Potential Loyalist
23583,4526,2,5336.476,4,2,1,421,Potential Loyalist
23868,4394,2,5336.476,2,2,1,221,Needs Attention
24235,4416,2,5336.476,2,2,1,221,Needs Attention
24310,4329,2,5336.476,1,2,1,121,Needs Attention
13713,4336,2,5335.2826,1,2,1,121,Needs Attention
24342,4345,2,5335.0616,1,2,1,121,Needs Attention
23866,4407,2,5335.0616,2,2,1,221,Needs Attention
23846,4420,2,5335.0616,2,2,1,221,Needs Attention
23842,4429,2,5335.0616,3,2,1,321,Potential Loyalist
23351,4554,2,5335.0616,4,2,1,421,Potential Loyalist
23397,4523,2,5335.0616,4,2,1,421,Potential Loyalist
23725,4529,2,5335.0616,4,2,1,421,Potential Loyalist
23730,4505,2,5335.0616,4,1,1,411,Potential Loyalist
23731,4505,2,5335.0616,4,1,1,411,Potential Loyalist
23306,4590,2,5335.0616,5,1,1,511,Potential Loyalist
23283,4583,2,5335.0616,4,1,1,411,Potential Loyalist
23281,4608,2,5335.0616,5,1,1,511,Potential Loyalist
28298,4684,2,5335.0616,5,1,1,511,Potential Loyalist
15391,4384,2,5334.9511,2,2,1,221,Needs Attention
28662,4500,2,5333.9456,3,1,1,311,Potential Loyalist
18457,4349,2,5332.9842,1,2,1,121,Needs Attention
12986,4507,2,5329.4261,4,1,1,411,Potential Loyalist
28666,4339,2,5328.4316,1,2,1,121,Needs Attention
17922,4412,2,5328.0007,2,2,1,221,Needs Attention
16534,4395,2,5326.6553,2,2,1,221,Needs Attention
13380,4368,2,5326.4426,2,2,1,221,Needs Attention
12929,4573,2,5326.4426,4,2,1,421,Potential Loyalist
13657,4533,2,5325.3266,4,2,1,421,Potential Loyalist
13440,4472,2,5324.4757,3,1,1,311,Potential Loyalist
12941,4597,2,5324.2547,5,1,1,511,Potential Loyalist
24332,4351,2,5321.7795,1,2,1,121,Needs Attention
12122,4528,2,5319.5143,4,2,1,421,Potential Loyalist
16000,4351,2,5319.4148,1,2,1,121,Needs Attention
11979,4562,2,5319.2049,4,2,1,421,Potential Loyalist
15490,4372,2,5318.9396,2,2,1,221,Needs Attention
13484,4536,2,5318.7187,4,2,1,421,Potential Loyalist
13016,4576,2,5318.7187,4,1,1,411,Potential Loyalist
13208,4589,2,5318.7187,5,1,1,511,Potential Loyalist
13246,4364,2,5318.7076,1,2,1,121,Needs Attention
15850,4345,2,5318.4092,1,2,1,121,Needs Attention
12060,4514,2,5316.7517,4,1,1,411,Potential Loyalist
12177,4491,2,5316.7075,3,1,1,311,Potential Loyalist
13425,4545,2,5315.3926,4,1,1,411,Potential Loyalist
13894,4523,2,5315.3705,4,2,1,421,Potential Loyalist
12981,4575,2,5314.8401,4,2,1,421,Potential Loyalist
29936,4388,4,5314.3892,2,1,1,211,Needs Attention
23172,4650,2,5314.376,5,1,1,511,Potential Loyalist
13329,4547,2,5312.0776,4,2,1,421,Potential Loyalist
13424,4546,2,5312.0776,4,2,1,421,Potential Loyalist
23164,4647,2,5311.8456,5,1,1,511,Potential Loyalist
13086,4418,2,5310.2102,2,2,1,221,Needs Attention
13087,4395,2,5307.6797,2,2,1,221,Needs Attention
12921,4397,2,5307.6797,2,2,1,221,Needs Attention
13205,4579,2,5307.6687,4,1,1,411,Potential Loyalist
14597,4396,2,5307.6576,2,2,1,221,Needs Attention
23830,4458,2,5306.3316,3,2,1,321,Potential Loyalist
23867,4389,2,5306.3316,2,2,1,221,Needs Attention
23829,4505,2,5306.3316,4,1,1,411,Potential Loyalist
23819,4497,2,5306.3316,3,1,1,311,Potential Loyalist
23209,4647,2,5306.3316,5,1,1,511,Potential Loyalist
13452,4539,2,5304.3316,4,1,1,411,Potential Loyalist
12154,4486,2,5302.3757,3,1,1,311,Potential Loyalist
13142,4395,2,5302.1658,2,2,1,221,Needs Attention
13401,4365,2,5302.1658,1,2,1,121,Needs Attention
13420,4566,2,5302.1547,4,2,1,421,Potential Loyalist
13249,4488,2,5298.8507,3,1,1,311,Potential Loyalist
13221,4576,2,5298.8176,4,2,1,421,Potential Loyalist
12926,4596,2,5298.8176,5,1,1,511,Potential Loyalist
14478,4443,2,5298.4861,3,2,1,321,Potential Loyalist
12935,4579,2,5297.7126,4,1,1,411,Potential Loyalist
13402,4388,2,5296.6297,2,2,1,221,Needs Attention
15916,4351,2,5296.5634,1,2,1,121,Needs Attention
24309,4351,2,5296.3977,1,2,1,121,Needs Attention
28664,4407,2,5296.3977,2,2,1,221,Needs Attention
28580,4530,2,5296.3977,4,2,1,421,Potential Loyalist
15201,4390,2,5296.2871,2,2,1,221,Needs Attention
17915,4440,2,5295.9667,3,2,1,321,Potential Loyalist
11942,4337,3,5295.4805,1,1,1,111,Lost
15876,4355,2,5291.8671,1,2,1,121,Needs Attention
13977,4516,2,5291.3699,4,1,1,411,Potential Loyalist
17916,4419,2,5290.4528,2,2,1,221,Needs Attention
13658,4516,2,5290.3091,4,1,1,411,Potential Loyalist
16482,4639,2,5286.0328,5,1,1,511,Potential Loyalist
30086,4388,4,5282.5744,2,1,1,211,Needs Attention
15395,4373,2,5281.9221,2,2,1,221,Needs Attention
13093,4577,2,5280.0547,4,2,1,421,Potential Loyalist
13369,4543,2,5280.0547,4,1,1,411,Potential Loyalist
11944,4336,3,5277.7784,1,1,1,111,Lost
14436,4422,2,5277.4911,2,2,1,221,Needs Attention
13565,4335,2,5277.0712,1,2,1,121,Needs Attention
13896,4533,2,5277.0712,4,2,1,421,Potential Loyalist
13978,4517,2,5276.7066,4,1,1,411,Potential Loyalist
14459,4433,2,5276.3861,3,2,1,321,Potential Loyalist
12710,4483,2,5275.3142,3,1,1,311,Potential Loyalist
13450,4532,2,5274.5297,4,2,1,421,Potential Loyalist
13063,4390,2,5274.5297,2,2,1,221,Needs Attention
11835,4552,2,5273.3915,4,2,1,421,Potential Loyalist
29990,4388,6,5271.5439,2,1,1,211,Needs Attention
16431,4563,2,5270.1898,4,2,1,421,Potential Loyalist
13418,4464,2,5268.6953,3,2,1,321,Potential Loyalist
16931,4529,2,5268.3417,4,2,1,421,Potential Loyalist
13284,4507,2,5268.1207,4,1,1,411,Potential Loyalist
13189,4586,2,5266.0212,5,1,1,511,Potential Loyalist
13873,4526,2,5266.0212,4,2,1,421,Potential Loyalist
19048,4368,2,5266.0212,2,2,1,221,Needs Attention
13361,4378,2,5266.0212,2,2,1,221,Needs Attention
14041,4441,2,5265.3471,3,2,1,321,Potential Loyalist
13909,4444,2,5264.2421,3,2,1,321,Potential Loyalist
19036,4407,2,5263.4908,2,2,1,221,Needs Attention
13887,4528,2,5263.4908,4,2,1,421,Potential Loyalist
13287,4553,2,5263.4908,4,2,1,421,Potential Loyalist
12918,4588,2,5263.4908,5,1,1,511,Potential Loyalist
17909,4472,2,5261.7228,3,1,1,311,Potential Loyalist
16514,4649,2,5261.7228,5,1,1,511,Potential Loyalist
15906,4330,2,5260.9382,1,2,1,121,Needs Attention
13088,4413,2,5260.1537,2,2,1,221,Needs Attention
19073,4359,2,5260.1537,1,2,1,121,Needs Attention
12950,4395,2,5260.1537,2,2,1,221,Needs Attention
22904,4333,2,5259.7918,1,2,1,121,Needs Attention
13345,4500,2,5259.2586,3,1,1,311,Potential Loyalist
21969,4359,2,5259.2172,1,2,1,121,Needs Attention
16526,4528,2,5257.8553,4,2,1,421,Potential Loyalist
17478,4533,2,5257.8553,4,2,1,421,Potential Loyalist
17733,4489,2,5257.8553,3,1,1,311,Potential Loyalist
11739,4584,2,5257.6232,4,1,1,411,Potential Loyalist
13176,4579,2,5252.4187,4,1,1,411,Potential Loyalist
16519,4591,2,5251.7888,5,1,1,511,Potential Loyalist
17735,4470,2,5251.7888,3,1,1,311,Potential Loyalist
16527,4514,2,5251.7888,4,1,1,411,Potential Loyalist
17732,4493,2,5251.7888,3,1,1,311,Potential Loyalist
16529,4521,2,5251.7888,4,2,1,421,Potential Loyalist
16525,4564,2,5251.7888,4,2,1,421,Potential Loyalist
18332,4364,2,5251.7888,1,2,1,121,Needs Attention
17923,4393,2,5251.7888,2,2,1,221,Needs Attention
18462,4344,2,5251.7888,1,2,1,121,Needs Attention
18766,4339,2,5251.7888,1,2,1,121,Needs Attention
18465,4338,2,5251.7888,1,2,1,121,Needs Attention
18452,4377,2,5251.7888,2,2,1,221,Needs Attention
18331,4368,2,5251.7888,1,2,1,121,Needs Attention
17912,4423,2,5251.7888,2,2,1,221,Needs Attention
17730,4506,2,5251.2142,4,1,1,411,Potential Loyalist
13660,4464,2,5248.7611,3,2,1,321,Potential Loyalist
14605,4407,2,5248.7611,2,2,1,221,Needs Attention
13366,4506,2,5247.6892,4,1,1,411,Potential Loyalist
19070,4370,2,5246.9047,2,2,1,221,Needs Attention
18461,4349,2,5246.8053,1,2,1,121,Needs Attention
11947,4329,3,5245.7666,1,1,1,111,Lost
15997,4337,2,5244.7058,1,2,1,121,Needs Attention
14281,4433,2,5244.6615,3,2,1,321,Potential Loyalist
15362,4415,2,5243.2471,2,2,1,221,Needs Attention
17736,4452,2,5240.7278,3,2,1,321,Potential Loyalist
17370,4528,2,5240.7278,4,2,1,421,Potential Loyalist
14118,4429,2,5239.1807,3,2,1,321,Potential Loyalist
22197,4352,2,5238.7857,1,2,1,121,Needs Attention
13032,4595,2,5238.3962,5,1,1,511,Potential Loyalist
13489,4515,2,5238.3962,4,1,1,411,Potential Loyalist
12113,4538,2,5234.9707,4,1,1,411,Potential Loyalist
13101,4491,2,5233.3132,3,1,1,311,Potential Loyalist
12011,4341,3,5233.0702,1,1,1,111,Lost
11943,4343,3,5231.3906,1,1,1,111,Lost
16524,4572,2,5230.7938,4,2,1,421,Potential Loyalist
17904,4473,2,5230.7938,3,1,1,311,Potential Loyalist
16929,4515,2,5230.7938,4,1,1,411,Potential Loyalist
16515,4613,2,5230.7938,5,1,1,511,Potential Loyalist
16516,4618,2,5230.7938,5,1,1,511,Potential Loyalist
18458,4343,2,5230.7938,1,2,1,121,Needs Attention
17920,4413,2,5230.7938,2,2,1,221,Needs Attention
17924,4399,2,5230.7938,2,2,1,221,Needs Attention
17919,4434,2,5230.7938,3,2,1,321,Potential Loyalist
17917,4447,2,5230.7938,3,2,1,321,Potential Loyalist
17913,4445,2,5230.7938,3,2,1,321,Potential Loyalist
17918,4440,2,5230.7938,3,2,1,321,Potential Loyalist
21225,4429,2,5229.8131,3,2,1,321,Potential Loyalist
29760,4357,3,5228.4196,1,1,1,111,Lost
11984,4564,2,5227.0036,4,2,1,421,Potential Loyalist
30069,4357,4,5226.8256,1,1,1,111,Lost
17728,4504,2,5226.6832,4,1,1,411,Potential Loyalist
16520,4594,2,5224.1528,5,1,1,511,Potential Loyalist
18463,4354,2,5222.2743,1,2,1,121,Needs Attention
17927,4372,2,5222.2743,2,2,1,221,Needs Attention
15187,4391,2,5221.4786,2,2,1,221,Needs Attention
21968,4364,2,5218.7852,1,2,1,121,Needs Attention
17726,4536,2,5217.5117,4,2,1,421,Potential Loyalist
13343,4485,2,5215.8984,3,1,1,311,Potential Loyalist
15567,4349,2,5215.8984,1,2,1,121,Needs Attention
15363,4399,2,5214.5393,2,2,1,221,Needs Attention
12114,4511,2,5214.5171,4,1,1,411,Potential Loyalist
11328,4593,2,5213.4343,5,1,1,511,Potential Loyalist
14606,4401,2,5211.2022,2,2,1,221,Needs Attention
17926,4364,2,5210.8486,1,2,1,121,Needs Attention
16476,4463,2,5210.6193,3,2,1,321,Potential Loyalist
21555,4435,2,5210.6193,3,2,1,321,Potential Loyalist
13908,4461,2,5210.4397,3,2,1,321,Potential Loyalist
21944,4409,2,5208.8513,2,2,1,221,Needs Attention
26014,4374,2,5208.2297,2,2,1,221,Needs Attention
23858,4638,2,5207.5778,5,1,1,511,Potential Loyalist
12089,4520,2,5204.5832,4,1,1,411,Potential Loyalist
13328,4502,2,5202.3622,4,1,1,411,Potential Loyalist
16559,4333,2,5199.5582,1,2,1,121,Needs Attention
21570,4390,2,5199.5582,2,2,1,221,Needs Attention
25951,4420,2,5197.1576,2,2,1,221,Needs Attention
15176,4394,2,5196.8482,2,2,1,221,Needs Attention
21959,4377,2,5196.1438,2,2,1,221,Needs Attention
21560,4432,2,5196.1438,3,2,1,321,Potential Loyalist
16533,4423,2,5196.1438,2,2,1,221,Needs Attention
25917,4429,2,5193.3012,3,2,1,321,Potential Loyalist
26002,4383,2,5192.7376,2,2,1,221,Needs Attention
26004,4383,2,5192.1851,2,2,1,221,Needs Attention
18464,4339,2,5192.1299,1,2,1,121,Needs Attention
18334,4388,2,5192.1299,2,2,1,221,Needs Attention
17925,4394,2,5192.1299,2,2,1,221,Needs Attention
17921,4413,2,5192.1299,2,2,1,221,Needs Attention
17914,4434,2,5192.1299,3,2,1,321,Potential Loyalist
17911,4448,2,5192.1299,3,2,1,321,Potential Loyalist
17910,4425,2,5192.1299,2,2,1,221,Needs Attention
17734,4507,2,5192.1299,4,1,1,411,Potential Loyalist
16521,4599,2,5192.1299,5,1,1,511,Potential Loyalist
16528,4518,2,5192.1299,4,1,1,411,Potential Loyalist
16523,4594,2,5192.1299,5,1,1,511,Potential Loyalist
16522,4592,2,5192.1299,5,1,1,511,Potential Loyalist
16517,4609,2,5192.1299,5,1,1,511,Potential Loyalist
16518,4605,2,5192.1299,5,1,1,511,Potential Loyalist
16928,4521,2,5192.1299,4,2,1,421,Potential Loyalist
17725,4526,2,5192.1299,4,2,1,421,Potential Loyalist
11946,4334,3,5190.5277,1,1,1,111,Lost
16433,4537,2,5189.6243,4,1,1,411,Potential Loyalist
16436,4507,2,5189.6243,4,1,1,411,Potential Loyalist
21219,4425,2,5189.6243,2,2,1,221,Needs Attention
21886,4411,2,5189.6243,2,2,1,221,Needs Attention
21958,4364,2,5189.6243,1,2,1,121,Needs Attention
16540,4364,2,5189.6243,1,2,1,121,Needs Attention
22199,4347,2,5186.7402,1,2,1,121,Needs Attention
13460,4473,2,5185.8093,3,1,1,311,Potential Loyalist
16408,4612,2,5185.6352,5,1,1,511,Potential Loyalist
22913,4351,2,5176.2538,1,2,1,121,Needs Attention
21404,4444,2,5176.2538,3,2,1,321,Potential Loyalist
26016,4375,2,5175.0466,2,2,1,221,Needs Attention
13220,4599,2,5174.1985,5,1,1,511,Potential Loyalist
15917,4332,2,5170.3614,1,2,1,121,Needs Attention
22181,4378,2,5164.6402,2,2,1,221,Needs Attention
22929,4353,2,5164.6402,1,2,1,121,Needs Attention
16475,4438,2,5164.6402,3,2,1,321,Potential Loyalist
21165,4470,2,5164.6402,3,1,1,311,Potential Loyalist
16388,4680,2,5164.6402,5,1,1,511,Potential Loyalist
26001,4379,2,5164.0076,2,2,1,221,Needs Attention
25886,4462,2,5164.0076,3,2,1,321,Potential Loyalist
25887,4458,2,5164.0076,3,2,1,321,Potential Loyalist
22202,4328,2,5162.2755,1,2,1,121,Needs Attention
16513,4471,2,5159.7451,3,1,1,311,Potential Loyalist
21553,4442,2,5156.4853,3,2,1,321,Potential Loyalist
22860,4331,2,5153.4908,1,2,1,121,Needs Attention
22000,4384,2,5153.4908,2,2,1,221,Needs Attention
21893,4390,2,5153.4908,2,2,1,221,Needs Attention
21899,4408,2,5153.4908,2,2,1,221,Needs Attention
21878,4416,2,5153.4908,2,2,1,221,Needs Attention
21876,4414,2,5153.0377,2,2,1,221,Needs Attention
22198,4356,2,5150.9603,1,2,1,121,Needs Attention
21873,4392,2,5150.9603,2,2,1,221,Needs Attention
22908,4350,2,5150.9603,1,2,1,121,Needs Attention
21218,4443,2,5150.9603,3,2,1,321,Potential Loyalist
21214,4443,2,5149.1923,3,2,1,321,Potential Loyalist
21217,4432,2,5149.1923,3,2,1,321,Potential Loyalist
21418,4424,2,5149.1923,2,2,1,221,Needs Attention
22912,4331,2,5149.1923,1,2,1,121,Needs Attention
22200,4341,2,5149.1923,1,2,1,121,Needs Attention
22854,4338,2,5149.1923,1,2,1,121,Needs Attention
21572,4394,2,5149.1923,2,2,1,221,Needs Attention
21994,4365,2,5149.1923,1,2,1,121,Needs Attention
21966,4360,2,5149.1923,1,2,1,121,Needs Attention
21949,4361,2,5149.1923,1,2,1,121,Needs Attention
16538,4410,2,5149.1923,2,2,1,221,Needs Attention
21173,4471,2,5149.1923,3,1,1,311,Potential Loyalist
16411,4568,2,5149.1923,4,2,1,421,Potential Loyalist
16394,4680,2,5149.1923,5,1,1,511,Potential Loyalist
16316,4674,2,5149.0818,5,1,1,511,Potential Loyalist
21568,4389,2,5149.0818,2,2,1,221,Needs Attention
21946,4370,2,5149.0818,2,2,1,221,Needs Attention
21226,4440,2,5149.0818,3,2,1,321,Potential Loyalist
25879,4461,2,5147.9962,3,2,1,321,Potential Loyalist
25985,4393,2,5147.9851,2,2,1,221,Needs Attention
25909,4438,2,5147.9851,3,2,1,321,Potential Loyalist
26093,4366,2,5146.8801,1,2,1,121,Needs Attention
19196,4377,3,5146.80,2,1,1,211,Needs Attention
13273,4556,2,5146.5735,4,2,1,421,Potential Loyalist
16390,4590,2,5146.5514,5,1,1,511,Potential Loyalist
22850,4338,2,5146.5514,1,2,1,121,Needs Attention
21895,4392,2,5146.5514,2,2,1,221,Needs Attention
21183,4464,2,5146.5514,3,2,1,321,Potential Loyalist
21394,4437,2,5146.5514,3,2,1,321,Potential Loyalist
21167,4450,2,5146.5514,3,2,1,321,Potential Loyalist
25889,4460,2,5139.4766,3,2,1,321,Potential Loyalist
25878,4461,2,5138.0622,3,2,1,321,Potential Loyalist
25969,4402,2,5138.0622,2,2,1,221,Needs Attention
25998,4384,2,5138.0622,2,2,1,221,Needs Attention
25895,4469,2,5138.0622,3,2,1,321,Potential Loyalist
25964,4430,2,5138.0622,3,2,1,321,Potential Loyalist
25916,4431,2,5138.0622,3,2,1,321,Potential Loyalist
26003,4382,2,5136.3826,2,2,1,221,Needs Attention
26094,4384,2,5136.3826,2,2,1,221,Needs Attention
25993,4414,2,5136.3826,2,2,1,221,Needs Attention
22921,4332,2,5135.9102,1,2,1,121,Needs Attention
21169,4477,2,5135.9102,3,1,1,311,Potential Loyalist
16327,4664,2,5135.9102,5,1,1,511,Potential Loyalist
13319,4549,2,5135.5014,4,2,1,421,Potential Loyalist
18626,4386,3,5132.446,2,1,1,211,Needs Attention
25865,4501,2,5131.4322,4,1,1,411,Potential Loyalist
25955,4441,2,5131.4322,3,2,1,321,Potential Loyalist
29694,4418,4,5131.394,2,1,1,211,Needs Attention
21885,4410,2,5129.2471,2,2,1,221,Needs Attention
19311,4358,3,5127.4845,1,1,1,111,Lost
25987,4393,2,5127.0122,2,2,1,221,Needs Attention
13866,4532,2,5126.6614,4,2,1,421,Potential Loyalist
16430,4561,2,5125.9763,4,2,1,421,Potential Loyalist
16389,4585,2,5125.9763,5,1,1,511,Potential Loyalist
21874,4394,2,5125.9763,2,2,1,221,Needs Attention
21987,4378,2,5125.9763,2,2,1,221,Needs Attention
13359,4379,2,5124.816,2,2,1,221,Needs Attention
16560,4332,2,5120.4623,1,2,1,121,Needs Attention
22845,4330,2,5120.4623,1,2,1,121,Needs Attention
22194,4360,2,5120.4623,1,2,1,121,Needs Attention
21203,4451,2,5120.4623,3,2,1,321,Potential Loyalist
16432,4521,2,5120.4623,4,2,1,421,Potential Loyalist
16422,4508,2,5119.3131,4,1,1,411,Potential Loyalist
21202,4451,2,5119.3131,3,2,1,321,Potential Loyalist
16451,4453,2,5119.3131,3,2,1,321,Potential Loyalist
22851,4354,2,5119.3131,1,2,1,121,Needs Attention
21562,4403,2,5119.3131,2,2,1,221,Needs Attention
21956,4377,2,5119.3131,2,2,1,221,Needs Attention
22180,4381,2,5119.3131,2,2,1,221,Needs Attention
21947,4381,2,5119.3131,2,2,1,221,Needs Attention
22196,4352,2,5119.3131,1,2,1,121,Needs Attention
25863,4483,2,5117.3766,3,1,1,311,Potential Loyalist
25876,4460,2,5115.1224,3,2,1,321,Potential Loyalist
29548,5119,4,5112.8067,5,1,1,511,Potential Loyalist
13468,4520,2,5112.3074,4,1,1,411,Potential Loyalist
25994,4411,2,5111.8516,2,2,1,221,Needs Attention
21894,4414,2,5110.5284,2,2,1,221,Needs Attention
21889,4415,2,5110.5284,2,2,1,221,Needs Attention
21571,4417,2,5110.5284,2,2,1,221,Needs Attention
22906,4356,2,5110.5284,1,2,1,121,Needs Attention
21943,4412,2,5110.5284,2,2,1,221,Needs Attention
21877,4397,2,5110.5284,2,2,1,221,Needs Attention
16466,4420,2,5110.5284,2,2,1,221,Needs Attention
22203,4352,2,5110.5284,1,2,1,121,Needs Attention
16548,4366,2,5110.5284,1,2,1,121,Needs Attention
22905,4331,2,5110.5284,1,2,1,121,Needs Attention
21408,4445,2,5110.5284,3,2,1,321,Potential Loyalist
21168,4457,2,5110.5284,3,2,1,321,Potential Loyalist
21215,4432,2,5110.5284,3,2,1,321,Potential Loyalist
21402,4431,2,5110.5284,3,2,1,321,Potential Loyalist
21552,4427,2,5110.5284,3,2,1,321,Potential Loyalist
16391,4672,2,5110.5284,5,1,1,511,Potential Loyalist
26050,4369,2,5110.4372,2,2,1,221,Needs Attention
25984,4417,2,5110.4372,2,2,1,221,Needs Attention
25977,4413,2,5110.4372,2,2,1,221,Needs Attention
25986,4413,2,5110.4372,2,2,1,221,Needs Attention
26005,4358,2,5109.3322,1,2,1,121,Needs Attention
25997,4391,2,5109.3322,2,2,1,221,Needs Attention
25910,4440,2,5109.3322,3,2,1,321,Potential Loyalist
25888,4478,2,5109.3212,3,1,1,311,Potential Loyalist
12975,4405,2,5103.4785,2,2,1,221,Needs Attention
13348,4547,2,5099.611,4,2,1,421,Potential Loyalist
13529,4467,2,5099.4199,3,2,1,321,Potential Loyalist
26015,4388,2,5099.3983,2,2,1,221,Needs Attention
13304,4547,2,5096.8264,4,2,1,421,Potential Loyalist
19197,4371,3,5093.7599,2,1,1,211,Needs Attention
13525,4550,2,5090.9888,4,2,1,421,Potential Loyalist
13947,4513,2,5088.572,4,1,1,411,Potential Loyalist
25866,4472,2,5087.2212,3,1,1,311,Potential Loyalist
25970,4393,2,5087.2212,2,2,1,221,Needs Attention
25996,4389,2,5081.7072,2,2,1,221,Needs Attention
25942,4428,2,5081.7072,3,2,1,321,Potential Loyalist
25952,4437,2,5081.7072,3,2,1,321,Potential Loyalist
25905,4442,2,5081.7072,3,2,1,321,Potential Loyalist
13173,4581,2,5080.8039,4,1,1,411,Potential Loyalist
13907,4536,2,5079.1906,4,2,1,421,Potential Loyalist
13431,4526,2,5074.7153,4,2,1,421,Potential Loyalist
15600,4392,2,5072.3916,2,2,1,221,Needs Attention
19884,4485,2,5070.2373,3,1,1,311,Potential Loyalist
27250,4415,2,5069.6954,2,2,1,221,Needs Attention
13233,4383,2,5069.2014,2,2,1,221,Needs Attention
13429,4528,2,5068.671,4,2,1,421,Potential Loyalist
13997,4331,2,5067.9164,1,2,1,121,Needs Attention
13152,4377,2,5063.6764,2,2,1,221,Needs Attention
13456,4540,2,5063.6764,4,1,1,411,Potential Loyalist
30033,4357,4,5063.2899,1,1,1,111,Lost
13064,4417,2,5060.3172,2,2,1,221,Needs Attention
13278,4565,2,5059.2674,4,2,1,421,Potential Loyalist
13403,4556,2,5059.2674,4,2,1,421,Potential Loyalist
13316,4559,2,5057.0685,4,2,1,421,Potential Loyalist
13453,4522,2,5057.0685,4,2,1,421,Potential Loyalist
13384,4366,2,5053.7424,1,2,1,121,Needs Attention
13288,4549,2,5053.7203,4,2,1,421,Potential Loyalist
13730,4341,2,5050.9799,1,2,1,121,Needs Attention
13400,4379,2,5048.1953,2,2,1,221,Needs Attention
13212,4378,2,5043.7643,2,2,1,221,Needs Attention
13226,4361,2,5043.7643,1,2,1,121,Needs Attention
28419,4432,2,5043.7284,3,2,1,321,Potential Loyalist
19987,4506,2,5043.7173,4,1,1,411,Potential Loyalist
13948,4521,2,5041.046,4,2,1,421,Potential Loyalist
13355,4542,2,5037.1785,4,1,1,411,Potential Loyalist
13325,4543,2,5037.1674,4,1,1,411,Potential Loyalist
13895,4538,2,5037.1674,4,1,1,411,Potential Loyalist
13280,4567,2,5037.1674,4,2,1,421,Potential Loyalist
13202,4595,2,5037.1674,5,1,1,511,Potential Loyalist
13174,4591,2,5037.1674,5,1,1,511,Potential Loyalist
12949,4413,2,5037.1674,2,2,1,221,Needs Attention
13462,4351,2,5036.6039,1,2,1,121,Needs Attention
28394,4458,2,5033.7944,3,2,1,321,Potential Loyalist
19988,4463,2,5033.7944,3,2,1,321,Potential Loyalist
28395,4437,2,5032.6784,3,2,1,321,Potential Loyalist
13733,4351,2,5031.6424,1,2,1,121,Needs Attention
12980,4596,2,5030.5374,5,1,1,511,Potential Loyalist
27459,4398,2,5030.1018,2,2,1,221,Needs Attention
12934,4590,2,5029.4435,5,1,1,511,Potential Loyalist
16308,4333,2,5029.4324,1,2,1,121,Needs Attention
13520,4633,2,5029.2524,5,1,1,511,Potential Loyalist
13526,4521,2,5027.4844,4,1,1,411,Potential Loyalist
11598,4607,2,5026.3131,5,1,1,511,Potential Loyalist
13911,4513,2,5026.1174,4,1,1,411,Potential Loyalist
13905,4510,2,5026.1174,4,1,1,411,Potential Loyalist
13949,4510,2,5026.1174,4,1,1,411,Potential Loyalist
13247,4369,2,5026.1174,2,2,1,221,Needs Attention
13385,4373,2,5026.0953,2,2,1,221,Needs Attention
13912,4540,2,5025.5649,4,1,1,411,Potential Loyalist
13353,4386,2,5024.9903,2,2,1,221,Needs Attention
13653,4534,2,5024.2058,4,2,1,421,Potential Loyalist
13340,4550,2,5023.9074,4,2,1,421,Potential Loyalist
27452,4394,2,5021.639,2,2,1,221,Needs Attention
19874,4500,2,5021.6173,3,1,1,311,Potential Loyalist
13357,4363,2,5020.935,1,2,1,121,Needs Attention
29927,4357,7,5020.0276,1,1,1,111,Lost
13315,4566,2,5018.3935,4,2,1,421,Potential Loyalist
27294,4413,2,5017.219,2,2,1,221,Needs Attention
27281,4401,2,5017.219,2,2,1,221,Needs Attention
11587,4591,2,5017.118,5,1,1,511,Potential Loyalist
28393,4477,2,5016.1034,3,1,1,311,Potential Loyalist
28418,4425,2,5016.1034,2,2,1,221,Needs Attention
16287,4356,2,5015.421,1,2,1,121,Needs Attention
13446,4520,2,5012.8906,4,1,1,411,Potential Loyalist
13886,4519,2,5012.8795,4,1,1,411,Potential Loyalist
13443,4527,2,5012.8795,4,2,1,421,Potential Loyalist
13224,4547,2,5012.316,4,2,1,421,Potential Loyalist
19298,4379,3,5011.4817,2,1,1,211,Needs Attention
28420,4404,2,5010.5784,2,2,1,221,Needs Attention
13279,4547,2,5009.5424,4,2,1,421,Potential Loyalist
13433,4529,2,5009.5424,4,2,1,421,Potential Loyalist
13865,4531,2,5009.5424,4,2,1,421,Potential Loyalist
13447,4522,2,5009.5424,4,2,1,421,Potential Loyalist
13487,4520,2,5009.5424,4,1,1,411,Potential Loyalist
19829,4482,2,5009.4623,3,1,1,311,Potential Loyalist
27542,4358,2,5008.9315,1,2,1,121,Needs Attention
27455,4392,2,5008.9315,2,2,1,221,Needs Attention
13725,4336,2,5008.4374,1,2,1,121,Needs Attention
13083,4576,2,5008.4374,4,2,1,421,Potential Loyalist
13528,4459,2,5006.7988,3,2,1,321,Potential Loyalist
20023,4441,2,5006.1694,3,2,1,321,Potential Loyalist
13527,4495,2,5004.5873,3,1,1,311,Potential Loyalist
13524,4584,2,5004.2684,4,1,1,411,Potential Loyalist
13994,4437,2,5004.2684,3,2,1,321,Potential Loyalist
13324,4561,2,5002.0947,4,2,1,421,Potential Loyalist
13449,4526,2,5001.8074,4,2,1,421,Potential Loyalist
13910,4526,2,5001.8074,4,2,1,421,Potential Loyalist
13382,4547,2,5001.0339,4,2,1,421,Potential Loyalist
13700,4330,2,5001.0339,1,2,1,121,Needs Attention
21266,4328,2,5000.2005,1,2,1,121,Needs Attention
19058,4368,2,4999.5532,2,2,1,221,Needs Attention
26695,4427,2,4999.5279,3,2,1,321,Potential Loyalist
13161,4366,2,4998.5035,1,2,1,121,Needs Attention
13734,4352,2,4997.3653,1,2,1,121,Needs Attention
13378,4568,2,4997.3653,4,2,1,421,Potential Loyalist
27092,4439,2,4994.0029,3,2,1,321,Potential Loyalist
27570,4378,2,4992.909,2,2,1,221,Needs Attention
27296,4413,2,4992.909,2,2,1,221,Needs Attention
26638,4445,2,4992.5539,3,2,1,321,Potential Loyalist
26328,4473,2,4992.5539,3,1,1,311,Potential Loyalist
13367,4567,2,4990.7685,4,2,1,421,Potential Loyalist
13237,4569,2,4990.7685,4,2,1,421,Potential Loyalist
13286,4544,2,4990.7685,4,1,1,411,Potential Loyalist
13735,4328,2,4990.7685,1,2,1,121,Needs Attention
27450,4405,2,4989.0415,2,2,1,221,Needs Attention
27527,4397,2,4989.0415,2,2,1,221,Needs Attention
26536,4420,2,4989.0415,2,2,1,221,Needs Attention
13521,4656,2,4988.8205,5,1,1,511,Potential Loyalist
12930,4578,2,4987.796,4,1,1,411,Potential Loyalist
12922,4390,2,4987.4314,2,2,1,221,Needs Attention
13326,4550,2,4985.2656,4,2,1,421,Potential Loyalist
13298,4552,2,4985.2545,4,2,1,421,Potential Loyalist
13976,4524,2,4985.2545,4,2,1,421,Potential Loyalist
13903,4538,2,4985.2545,4,1,1,411,Potential Loyalist
13243,4543,2,4985.2545,4,1,1,411,Potential Loyalist
13238,4542,2,4985.2545,4,1,1,411,Potential Loyalist
13477,4512,2,4985.2545,4,1,1,411,Potential Loyalist
16250,4328,2,4985.2545,1,2,1,121,Needs Attention
13383,4383,2,4985.2545,2,2,1,221,Needs Attention
15578,4392,2,4983.4391,2,2,1,221,Needs Attention
27093,4443,2,4982.975,3,2,1,321,Potential Loyalist
26609,4433,2,4982.975,3,2,1,321,Potential Loyalist
26610,4449,2,4982.975,3,2,1,321,Potential Loyalist
12947,4391,2,4980.8124,2,2,1,221,Needs Attention
13269,4361,2,4980.8124,1,2,1,121,Needs Attention
13807,4598,2,4979.9699,5,1,1,511,Potential Loyalist
16696,4624,2,4979.9699,5,1,1,511,Potential Loyalist
17064,4559,2,4979.9699,4,2,1,421,Potential Loyalist
27540,4384,2,4977.4279,2,2,1,221,Needs Attention
26708,4437,2,4977.4279,3,2,1,321,Potential Loyalist
13712,4339,2,4976.746,1,2,1,121,Needs Attention
13225,4358,2,4976.746,1,2,1,121,Needs Attention
11346,4648,2,4975.8684,5,1,1,511,Potential Loyalist
27017,4421,2,4974.8628,2,2,1,221,Needs Attention
13214,4378,2,4974.2156,2,2,1,221,Needs Attention
13210,4376,2,4974.2156,2,2,1,221,Needs Attention
13165,4376,2,4974.2156,2,2,1,221,Needs Attention
13464,4523,2,4974.2156,4,2,1,421,Potential Loyalist
13438,4528,2,4974.2156,4,2,1,421,Potential Loyalist
13250,4564,2,4974.2156,4,2,1,421,Potential Loyalist
13190,4571,2,4974.2156,4,2,1,421,Potential Loyalist
12942,4587,2,4974.2156,5,1,1,511,Potential Loyalist
13904,4514,2,4974.2156,4,1,1,411,Potential Loyalist
13442,4519,2,4973.4089,4,1,1,411,Potential Loyalist
13482,4349,2,4973.4089,1,2,1,121,Needs Attention
13726,4343,2,4973.4089,1,2,1,121,Needs Attention
13062,4396,2,4973.0774,2,2,1,221,Needs Attention
13492,4513,2,4973.0774,4,1,1,411,Potential Loyalist
13178,4584,2,4970.8785,4,1,1,411,Potential Loyalist
13177,4579,2,4970.8785,4,1,1,411,Potential Loyalist
13277,4569,2,4970.8785,4,2,1,421,Potential Loyalist
13426,4561,2,4970.8785,4,2,1,421,Potential Loyalist
13354,4561,2,4970.8785,4,2,1,421,Potential Loyalist
13346,4568,2,4970.8785,4,2,1,421,Potential Loyalist
13897,4530,2,4970.8785,4,2,1,421,Potential Loyalist
13283,4554,2,4970.8785,4,2,1,421,Potential Loyalist
13436,4535,2,4970.8785,4,2,1,421,Potential Loyalist
26201,4471,2,4970.7979,3,1,1,311,Potential Loyalist
17050,4556,2,4968.3342,4,2,1,421,Potential Loyalist
19989,4477,2,4967.5055,3,1,1,311,Potential Loyalist
20007,4448,2,4967.5055,3,2,1,321,Potential Loyalist
20000,4457,2,4967.5055,3,2,1,321,Potential Loyalist
12816,4372,2,4965.8902,2,2,1,221,Needs Attention
27201,4392,2,4964.3764,2,2,1,221,Needs Attention
13519,4691,2,4964.1554,5,1,1,511,Potential Loyalist
13203,4594,2,4963.1435,5,1,1,511,Potential Loyalist
13248,4380,2,4963.1435,2,2,1,221,Needs Attention
15214,4413,2,4962.422,2,2,1,221,Needs Attention
27279,4416,2,4961.98,2,2,1,221,Needs Attention
27418,4405,2,4961.98,2,2,1,221,Needs Attention
27447,4409,2,4961.98,2,2,1,221,Needs Attention
27460,4392,2,4961.98,2,2,1,221,Needs Attention
27117,4393,2,4961.98,2,2,1,221,Needs Attention
27541,4388,2,4961.98,2,2,1,221,Needs Attention
27096,4420,2,4961.98,2,2,1,221,Needs Attention
27407,4398,2,4961.98,2,2,1,221,Needs Attention
27273,4397,2,4961.98,2,2,1,221,Needs Attention
27427,4398,2,4961.98,2,2,1,221,Needs Attention
27568,4380,2,4961.98,2,2,1,221,Needs Attention
27572,4366,2,4961.98,1,2,1,121,Needs Attention
27573,4375,2,4961.98,2,2,1,221,Needs Attention
26245,4468,2,4961.98,3,2,1,321,Potential Loyalist
26534,4448,2,4961.98,3,2,1,321,Potential Loyalist
26642,4449,2,4961.98,3,2,1,321,Potential Loyalist
26611,4432,2,4961.98,3,2,1,321,Potential Loyalist
16155,4368,2,4960.973,1,2,1,121,Needs Attention
26342,4474,2,4960.864,3,1,1,311,Potential Loyalist
26313,4461,2,4958.3099,3,2,1,321,Potential Loyalist
26603,4429,2,4958.3099,3,2,1,321,Potential Loyalist
16596,4458,2,4957.6295,3,2,1,321,Potential Loyalist
12923,4415,2,4957.6295,2,2,1,221,Needs Attention
11576,4608,2,4957.4827,5,1,1,511,Potential Loyalist
15789,4365,2,4957.1055,1,2,1,121,Needs Attention
15588,4392,2,4957.1055,2,2,1,221,Needs Attention
27287,4393,2,4955.35,2,2,1,221,Needs Attention
26301,4464,2,4955.35,3,2,1,321,Potential Loyalist
27571,4367,2,4955.35,1,2,1,121,Needs Attention
27449,4412,2,4952.7628,2,2,1,221,Needs Attention
26727,4448,2,4952.7628,3,2,1,321,Potential Loyalist
17257,4424,2,4951.2067,2,2,1,221,Needs Attention
17332,4344,2,4951.2067,1,2,1,121,Needs Attention
17045,4580,2,4951.2067,4,1,1,411,Potential Loyalist
29274,4414,2,4949.9802,2,2,1,221,Needs Attention
13736,4337,2,4949.121,1,2,1,121,Needs Attention
13702,4352,2,4949.121,1,2,1,121,Needs Attention
13292,4544,2,4949.121,4,1,1,411,Potential Loyalist
26718,4438,2,4948.6979,3,2,1,321,Potential Loyalist
26325,4454,2,4948.6979,3,2,1,321,Potential Loyalist
12863,4357,2,4948.5764,1,2,1,121,Needs Attention
13362,4363,2,4946.5906,1,2,1,121,Needs Attention
13724,4348,2,4946.5906,1,2,1,121,Needs Attention
13461,4524,2,4946.5906,4,2,1,421,Potential Loyalist
13419,4566,2,4946.5906,4,2,1,421,Potential Loyalist
13351,4562,2,4946.5906,4,2,1,421,Potential Loyalist
12500,4443,2,4945.2945,3,2,1,321,Potential Loyalist
21311,4330,2,4942.199,1,2,1,121,Needs Attention
12218,4575,2,4941.9685,4,2,1,421,Potential Loyalist
16691,4618,2,4941.2728,5,1,1,511,Potential Loyalist
17229,4495,2,4941.2728,3,1,1,311,Potential Loyalist
16663,4647,2,4941.2728,5,1,1,511,Potential Loyalist
17312,4374,2,4941.2728,2,2,1,221,Needs Attention
28885,4355,2,4940.3331,1,2,1,121,Needs Attention
12237,4537,2,4939.7806,4,2,1,421,Potential Loyalist
15227,4389,2,4938.8619,2,2,1,221,Needs Attention
27537,4415,2,4938.764,2,2,1,221,Needs Attention
26532,4440,2,4938.764,3,2,1,321,Potential Loyalist
26491,4456,2,4938.7293,3,2,1,321,Potential Loyalist
26539,4436,2,4938.7293,3,2,1,321,Potential Loyalist
15586,4418,2,4938.6535,2,2,1,221,Needs Attention
15215,4405,2,4937.7569,2,2,1,221,Needs Attention
27274,4402,2,4937.3149,2,2,1,221,Needs Attention
27104,4408,2,4937.3149,2,2,1,221,Needs Attention
27453,4416,2,4937.3149,2,2,1,221,Needs Attention
27539,4362,2,4937.3149,1,2,1,121,Needs Attention
26247,4459,2,4937.3149,3,2,1,321,Potential Loyalist
26530,4458,2,4937.3149,3,2,1,321,Potential Loyalist
27199,4396,2,4937.3149,2,2,1,221,Needs Attention
27446,4401,2,4937.3149,2,2,1,221,Needs Attention
27543,4373,2,4937.3149,2,2,1,221,Needs Attention
26684,4441,2,4937.3149,3,2,1,321,Potential Loyalist
26703,4432,2,4937.3149,3,2,1,321,Potential Loyalist
26537,4424,2,4937.3149,2,2,1,221,Needs Attention
27103,4427,2,4937.3149,3,2,1,321,Potential Loyalist
26338,4450,2,4937.3149,3,2,1,321,Potential Loyalist
26602,4447,2,4937.3149,3,2,1,321,Potential Loyalist
26540,4442,2,4937.3149,3,2,1,321,Potential Loyalist
26490,4471,2,4937.3149,3,1,1,311,Potential Loyalist
17326,4387,2,4936.8749,2,2,1,221,Needs Attention
17046,4572,2,4936.8528,4,2,1,421,Potential Loyalist
14827,4345,2,4936.8528,1,2,1,121,Needs Attention
26723,4420,2,4936.1989,2,2,1,221,Needs Attention
30085,4388,8,4936.1176,2,1,1,211,Needs Attention
15716,4411,2,4936.0994,2,2,1,221,Needs Attention
15180,4395,2,4935.3606,2,2,1,221,Needs Attention
15152,4396,2,4933.348,2,2,1,221,Needs Attention
26324,4459,2,4933.25,3,2,1,321,Potential Loyalist
27116,4392,2,4933.25,2,2,1,221,Needs Attention
27114,4418,2,4933.25,2,2,1,221,Needs Attention
27569,4358,2,4933.25,1,2,1,121,Needs Attention
27097,4445,2,4933.25,3,2,1,321,Potential Loyalist
26511,4450,2,4933.25,3,2,1,321,Potential Loyalist
26320,4451,2,4933.25,3,2,1,321,Potential Loyalist
26538,4424,2,4933.25,2,2,1,221,Needs Attention
26641,4427,2,4933.25,3,2,1,321,Potential Loyalist
20051,4328,3,4933.0184,1,1,1,111,Lost
12860,4484,2,4932.8176,3,1,1,311,Potential Loyalist
11410,4655,2,4932.7955,5,1,1,511,Potential Loyalist
27439,4405,2,4930.6849,2,2,1,221,Needs Attention
27521,4411,2,4930.6849,2,2,1,221,Needs Attention
12827,4374,2,4929.8466,2,2,1,221,Needs Attention
12846,4368,2,4928.7195,1,2,1,121,Needs Attention
12736,4411,2,4928.7195,2,2,1,221,Needs Attention
11546,4619,2,4928.7195,5,1,1,511,Potential Loyalist
12856,4526,2,4928.7195,4,2,1,421,Potential Loyalist
15596,4393,2,4928.3423,2,2,1,221,Needs Attention
27574,4379,2,4924.0328,2,2,1,221,Needs Attention
26694,4446,2,4924.0328,3,2,1,321,Potential Loyalist
26319,4457,2,4924.0328,3,2,1,321,Potential Loyalist
26487,4473,2,4924.0328,3,1,1,311,Potential Loyalist
26292,4473,2,4924.0328,3,1,1,311,Potential Loyalist
26339,4475,2,4923.3161,3,1,1,311,Potential Loyalist
26650,4425,2,4923.3161,2,2,1,221,Needs Attention
27291,4392,2,4923.3161,2,2,1,221,Needs Attention
26705,4419,2,4923.3161,2,2,1,221,Needs Attention
27107,4395,2,4923.3161,2,2,1,221,Needs Attention
27195,4404,2,4923.3161,2,2,1,221,Needs Attention
27106,4413,2,4923.3161,2,2,1,221,Needs Attention
26293,4452,2,4922.8836,3,2,1,321,Potential Loyalist
26728,4447,2,4922.8836,3,2,1,321,Potential Loyalist
12270,4499,2,4922.298,3,1,1,311,Potential Loyalist
15785,4387,2,4922.0564,2,2,1,221,Needs Attention
11572,4623,2,4917.6585,5,1,1,511,Potential Loyalist
15722,4381,2,4915.668,2,2,1,221,Needs Attention
15181,4411,2,4915.4595,2,2,1,221,Needs Attention
15221,4395,2,4914.896,2,2,1,221,Needs Attention
12386,4504,2,4914.3435,4,1,1,411,Potential Loyalist
27280,4417,2,4914.0989,2,2,1,221,Needs Attention
27440,4402,2,4914.0989,2,2,1,221,Needs Attention
27105,4402,2,4914.0989,2,2,1,221,Needs Attention
15751,4362,2,4913.2716,1,2,1,121,Needs Attention
15207,4390,2,4913.2716,2,2,1,221,Needs Attention
15178,4404,2,4911.7894,2,2,1,221,Needs Attention
15179,4397,2,4911.6031,2,2,1,221,Needs Attention
14138,4536,2,4910.8632,4,2,1,421,Potential Loyalist
11409,4662,2,4910.6955,5,1,1,511,Potential Loyalist
15204,4402,2,4910.6955,2,2,1,221,Needs Attention
15723,4360,2,4910.6955,1,2,1,121,Needs Attention
15802,4367,2,4910.6955,1,2,1,121,Needs Attention
15733,4375,2,4910.1209,2,2,1,221,Needs Attention
15788,4384,2,4909.9345,2,2,1,221,Needs Attention
13557,4483,2,4909.9345,3,1,1,311,Potential Loyalist
17255,4442,2,4908.6753,3,2,1,321,Potential Loyalist
26326,4450,2,4908.5849,3,2,1,321,Potential Loyalist
26729,4425,2,4908.5849,2,2,1,221,Needs Attention
26604,4431,2,4908.5849,3,2,1,321,Potential Loyalist
26698,4438,2,4908.5849,3,2,1,321,Potential Loyalist
27295,4410,2,4908.5849,2,2,1,221,Needs Attention
27288,4391,2,4908.5849,2,2,1,221,Needs Attention
15756,4380,2,4907.7356,2,2,1,221,Needs Attention
12713,4392,2,4907.7245,2,2,1,221,Needs Attention
15184,4416,2,4907.7245,2,2,1,221,Needs Attention
11336,4685,2,4907.7245,5,1,1,511,Potential Loyalist
14824,4377,2,4907.5813,2,2,1,221,Needs Attention
12712,4422,2,4907.3694,2,2,1,221,Needs Attention
12484,4457,2,4907.3473,3,2,1,321,Potential Loyalist
15590,4389,2,4906.2534,2,2,1,221,Needs Attention
20375,4381,2,4904.4095,2,2,1,221,Needs Attention
12475,4455,2,4904.4095,3,2,1,321,Potential Loyalist
12521,4423,2,4904.4095,2,2,1,221,Needs Attention
11614,4595,2,4904.0544,5,1,1,511,Potential Loyalist
11378,4645,2,4902.2106,5,1,1,511,Potential Loyalist
12275,4479,2,4901.0945,3,1,1,311,Potential Loyalist
21272,4328,2,4901.0945,1,2,1,121,Needs Attention
15205,4390,2,4899.2271,2,2,1,221,Needs Attention
26649,4419,2,4898.651,2,2,1,221,Needs Attention
26327,4464,2,4898.651,3,2,1,321,Potential Loyalist
27073,4437,2,4898.651,3,2,1,321,Potential Loyalist
27074,4442,2,4898.651,3,2,1,321,Potential Loyalist
17247,4476,2,4898.1557,3,1,1,311,Potential Loyalist
28674,4638,2,4895.2495,5,1,1,511,Potential Loyalist
15601,4401,2,4894.673,2,2,1,221,Needs Attention
15719,4387,2,4894.673,2,2,1,221,Needs Attention
12826,4370,2,4893.3485,2,2,1,221,Needs Attention
17249,4421,2,4891.5478,2,2,1,221,Needs Attention
17277,4407,2,4891.5478,2,2,1,221,Needs Attention
16701,4611,2,4891.5478,5,1,1,511,Potential Loyalist
17069,4511,2,4891.5478,4,1,1,411,Potential Loyalist
12768,4491,2,4891.5478,3,1,1,311,Potential Loyalist
15734,4358,2,4891.1827,1,2,1,121,Needs Attention
17288,4416,2,4890.9953,2,2,1,221,Needs Attention
11379,4633,2,4890.7944,5,1,1,511,Potential Loyalist
15808,4368,2,4888.6065,2,2,1,221,Needs Attention
15799,4373,2,4887.8345,2,2,1,221,Needs Attention
15587,4398,2,4887.8345,2,2,1,221,Needs Attention
12825,4365,2,4883.0594,1,2,1,121,Needs Attention
12213,4599,2,4883.0594,5,1,1,511,Potential Loyalist
17065,4516,2,4881.6138,4,1,1,411,Potential Loyalist
16712,4585,2,4881.6138,4,1,1,411,Potential Loyalist
17071,4521,2,4881.6138,4,2,1,421,Potential Loyalist
17056,4548,2,4881.6138,4,2,1,421,Potential Loyalist
17079,4529,2,4881.6138,4,2,1,421,Potential Loyalist
17293,4395,2,4881.6138,2,2,1,221,Needs Attention
14149,4455,2,4881.6138,3,2,1,321,Potential Loyalist
12766,4534,2,4881.5917,4,2,1,421,Potential Loyalist
12276,4493,2,4880.0995,3,1,1,311,Potential Loyalist
12501,4438,2,4880.0995,3,2,1,321,Potential Loyalist
12546,4442,2,4880.0995,3,2,1,321,Potential Loyalist
12495,4460,2,4880.0995,3,2,1,321,Potential Loyalist
15589,4415,2,4880.0995,2,2,1,221,Needs Attention
15754,4368,2,4880.0995,2,2,1,221,Needs Attention
15725,4382,2,4880.0995,2,2,1,221,Needs Attention
15797,4383,2,4879.326,2,2,1,221,Needs Attention
12229,4547,2,4879.326,4,2,1,421,Potential Loyalist
11406,4650,2,4878.6173,5,1,1,511,Potential Loyalist
14838,4332,2,4878.2657,1,2,1,121,Needs Attention
28871,4570,2,4878.122,4,2,1,421,Potential Loyalist
12855,4528,2,4877.8453,4,2,1,421,Potential Loyalist
15764,4377,2,4876.7956,2,2,1,221,Needs Attention
11340,4688,2,4876.4294,5,1,1,511,Potential Loyalist
16159,4333,2,4874.8729,1,2,1,121,Needs Attention
12852,4382,2,4874.562,2,2,1,221,Needs Attention
15717,4378,2,4874.562,2,2,1,221,Needs Attention
20470,4374,2,4871.6021,2,2,1,221,Needs Attention
15752,4362,2,4871.6021,1,2,1,121,Needs Attention
20665,4344,2,4871.4569,1,2,1,121,Needs Attention
16708,4575,2,4869.4478,4,2,1,421,Potential Loyalist
13808,4547,2,4869.4478,4,2,1,421,Potential Loyalist
14148,4470,2,4869.4478,3,1,1,311,Potential Loyalist
14167,4471,2,4869.4478,3,1,1,311,Potential Loyalist
20708,4349,2,4869.0716,1,2,1,121,Needs Attention
11578,4619,2,4869.0606,5,1,1,511,Potential Loyalist
12850,4388,2,4869.0606,2,2,1,221,Needs Attention
12829,4360,2,4868.6944,1,2,1,121,Needs Attention
17259,4398,2,4867.2267,2,2,1,221,Needs Attention
13842,4518,2,4867.2267,4,1,1,411,Potential Loyalist
11345,4690,2,4866.5176,5,1,1,511,Potential Loyalist
11492,4640,2,4866.5065,5,1,1,511,Potential Loyalist
16169,4357,2,4866.5065,1,2,1,121,Needs Attention
12735,4412,2,4866.5065,2,2,1,221,Needs Attention
16176,4352,2,4866.5065,1,2,1,121,Needs Attention
15755,4378,2,4866.5065,2,2,1,221,Needs Attention
12479,4459,2,4863.5577,3,2,1,321,Potential Loyalist
15225,4393,2,4863.5577,2,2,1,221,Needs Attention
12487,4463,2,4863.5466,3,2,1,321,Potential Loyalist
12228,4549,2,4863.5466,4,2,1,421,Potential Loyalist
12266,4529,2,4863.5466,4,2,1,421,Potential Loyalist
12230,4525,2,4863.1694,4,2,1,421,Potential Loyalist
20483,4332,2,4862.0644,1,2,1,121,Needs Attention
28840,4629,2,4861.0056,5,1,1,511,Potential Loyalist
15753,4369,2,4860.9815,2,2,1,221,Needs Attention
15219,4416,2,4860.9815,2,2,1,221,Needs Attention
15218,4417,2,4860.9815,2,2,1,221,Needs Attention
15800,4359,2,4860.9815,1,2,1,121,Needs Attention
29238,4430,2,4859.9006,3,2,1,321,Potential Loyalist
14541,4428,2,4859.5138,3,2,1,321,Potential Loyalist
14709,4439,2,4859.5138,3,2,1,321,Potential Loyalist
14822,4363,2,4859.5138,1,2,1,121,Needs Attention
14769,4416,2,4859.5138,2,2,1,221,Needs Attention
14797,4392,2,4859.5138,2,2,1,221,Needs Attention
14147,4471,2,4859.5138,3,1,1,311,Potential Loyalist
14137,4510,2,4859.5138,4,1,1,411,Potential Loyalist
14139,4513,2,4859.5138,4,1,1,411,Potential Loyalist
14140,4506,2,4859.5138,4,1,1,411,Potential Loyalist
14834,4347,2,4859.5138,1,2,1,121,Needs Attention
13789,4683,2,4859.5138,5,1,1,511,Potential Loyalist
13790,4656,2,4859.5138,5,1,1,511,Potential Loyalist
13778,4665,2,4859.5138,5,1,1,511,Potential Loyalist
29279,4403,2,4859.326,2,2,1,221,Needs Attention
12861,4502,2,4855.4344,4,1,1,411,Potential Loyalist
15185,4403,2,4855.0381,2,2,1,221,Needs Attention
15729,4362,2,4855.0381,1,2,1,121,Needs Attention
12858,4367,2,4855.0381,1,2,1,121,Needs Attention
28842,4619,2,4854.906,5,1,1,511,Potential Loyalist
13561,4505,2,4854.6609,4,1,1,411,Potential Loyalist
15726,4368,2,4854.6609,2,2,1,221,Needs Attention
14823,4359,2,4853.9778,1,2,1,121,Needs Attention
17295,4388,2,4853.9778,2,2,1,221,Needs Attention
13774,4685,2,4853.9778,5,1,1,511,Potential Loyalist
12839,4530,2,4853.1802,4,2,1,421,Potential Loyalist
15171,4414,2,4853.1802,2,2,1,221,Needs Attention
21348,4345,2,4853.1802,1,2,1,121,Needs Attention
17320,4361,2,4852.8728,1,2,1,121,Needs Attention
15170,4410,2,4852.5077,2,2,1,221,Needs Attention
15182,4390,2,4852.5077,2,2,1,221,Needs Attention
15226,4400,2,4852.5077,2,2,1,221,Needs Attention
15597,4396,2,4852.5077,2,2,1,221,Needs Attention
16157,4383,2,4852.5077,2,2,1,221,Needs Attention
11570,4617,2,4852.5077,5,1,1,511,Potential Loyalist
14800,4388,2,4851.7125,2,2,1,221,Needs Attention
11571,4611,2,4851.701,5,1,1,511,Potential Loyalist
29111,4532,2,4850.497,4,2,1,421,Potential Loyalist
29032,4528,2,4850.497,4,2,1,421,Potential Loyalist
29252,4420,2,4850.497,2,2,1,221,Needs Attention
29255,4436,2,4850.497,3,2,1,321,Potential Loyalist
17328,4350,2,4848.4528,1,2,1,121,Needs Attention
17242,4458,2,4847.8892,3,2,1,321,Potential Loyalist
16180,4352,2,4846.937,1,2,1,121,Needs Attention
16675,4643,2,4845.4582,5,1,1,511,Potential Loyalist
17240,4469,2,4845.4582,3,1,1,311,Potential Loyalist
29264,4412,2,4844.972,2,2,1,221,Needs Attention
15192,4409,2,4844.4065,2,2,1,221,Needs Attention
15220,4393,2,4844.4065,2,2,1,221,Needs Attention
12857,4510,2,4844.4065,4,1,1,411,Potential Loyalist
11590,4547,2,4844.3955,4,2,1,421,Potential Loyalist
12747,4407,2,4844.3955,2,2,1,221,Needs Attention
17278,4417,2,4842.9388,2,2,1,221,Needs Attention
17299,4372,2,4842.9388,2,2,1,221,Needs Attention
17241,4457,2,4842.9388,3,2,1,321,Potential Loyalist
17248,4446,2,4842.9388,3,2,1,321,Potential Loyalist
17048,4550,2,4842.9388,4,2,1,421,Potential Loyalist
14801,4376,2,4842.9278,2,2,1,221,Needs Attention
14789,4401,2,4842.9278,2,2,1,221,Needs Attention
15135,4418,2,4841.4356,2,2,1,221,Needs Attention
12225,4555,2,4841.4356,4,2,1,421,Potential Loyalist
11613,4576,2,4841.4356,4,1,1,411,Potential Loyalist
11583,4592,2,4841.4356,5,1,1,511,Potential Loyalist
15801,4359,2,4841.423,1,2,1,121,Needs Attention
28673,4650,2,4840.0106,5,1,1,511,Potential Loyalist
13836,4515,2,4839.9443,4,1,1,411,Potential Loyalist
13829,4565,2,4839.9443,4,2,1,421,Potential Loyalist
14795,4404,2,4839.9443,2,2,1,221,Needs Attention
14772,4393,2,4839.9443,2,2,1,221,Needs Attention
17246,4456,2,4839.9443,3,2,1,321,Potential Loyalist
15784,4374,2,4838.8926,2,2,1,221,Needs Attention
15767,4383,2,4838.8926,2,2,1,221,Needs Attention
12624,4421,2,4838.8815,2,2,1,221,Needs Attention
12388,4458,2,4838.8815,3,2,1,321,Potential Loyalist
15150,4416,2,4838.8815,2,2,1,221,Needs Attention
12499,4451,2,4838.8815,3,2,1,321,Potential Loyalist
11582,4608,2,4838.8815,5,1,1,511,Potential Loyalist
11339,4665,2,4838.8815,5,1,1,511,Potential Loyalist
16664,4660,2,4837.4138,5,1,1,511,Potential Loyalist
16707,4594,2,4837.4138,5,1,1,511,Potential Loyalist
12232,4529,2,4835.9216,4,2,1,421,Potential Loyalist
15732,4371,2,4835.9216,2,2,1,221,Needs Attention
15228,4404,2,4834.4394,2,2,1,221,Needs Attention
29222,4461,2,4833.9441,3,2,1,321,Potential Loyalist
29138,4523,2,4833.9441,4,2,1,421,Potential Loyalist
21138,4352,2,4830.373,1,2,1,121,Needs Attention
24666,4369,2,4829.5241,2,2,1,221,Needs Attention
28667,4680,2,4829.5241,5,1,1,511,Potential Loyalist
17510,4338,2,4828.5628,1,2,1,121,Needs Attention
24759,4354,2,4828.397,1,2,1,121,Needs Attention
15793,4358,2,4827.8426,1,2,1,121,Needs Attention
15595,4412,2,4827.8426,2,2,1,221,Needs Attention
15765,4372,2,4827.8426,2,2,1,221,Needs Attention
16158,4381,2,4827.8426,2,2,1,221,Needs Attention
11588,4558,2,4827.8426,4,2,1,421,Potential Loyalist
11564,4613,2,4827.8426,5,1,1,511,Potential Loyalist
13562,4504,2,4827.8426,4,1,1,411,Potential Loyalist
15183,4399,2,4827.4131,2,2,1,221,Needs Attention
15145,4391,2,4827.4131,2,2,1,221,Needs Attention
24664,4459,2,4827.281,3,2,1,321,Potential Loyalist
12548,4449,2,4826.7044,3,2,1,321,Potential Loyalist
12226,4568,2,4826.7044,4,2,1,421,Potential Loyalist
12854,4534,2,4825.5552,4,2,1,421,Potential Loyalist
12813,4363,2,4825.5552,1,2,1,121,Needs Attention
15585,4403,2,4825.5552,2,2,1,221,Needs Attention
15143,4409,2,4824.8827,2,2,1,221,Needs Attention
15223,4408,2,4824.8827,2,2,1,221,Needs Attention
15757,4358,2,4824.8827,1,2,1,121,Needs Attention
12867,4337,2,4824.8827,1,2,1,121,Needs Attention
12378,4484,2,4824.8827,3,1,1,311,Potential Loyalist
15786,4374,2,4824.5055,2,2,1,221,Needs Attention
29167,4480,2,4823.1483,3,1,1,311,Potential Loyalist
19454,4330,3,4822.1076,1,1,1,111,Lost
17504,4352,2,4820.8278,1,2,1,121,Needs Attention
17256,4424,2,4820.8278,2,2,1,221,Needs Attention
12833,4384,2,4816.7705,2,2,1,221,Needs Attention
15724,4364,2,4816.7705,1,2,1,121,Needs Attention
13795,4628,2,4815.3138,5,1,1,511,Potential Loyalist
29960,4357,4,4814.2344,1,1,1,111,Lost
16662,4673,2,4813.0596,5,1,1,511,Potential Loyalist
13844,4537,2,4813.0596,4,1,1,411,Potential Loyalist
14819,4365,2,4813.0596,1,2,1,121,Needs Attention
14803,4387,2,4813.0596,2,2,1,221,Needs Attention
17294,4381,2,4813.0596,2,2,1,221,Needs Attention
29278,4398,2,4812.9491,2,2,1,221,Needs Attention
29237,4466,2,4812.9491,3,2,1,321,Potential Loyalist
29242,4438,2,4812.9491,3,2,1,321,Potential Loyalist
29019,4537,2,4812.9491,4,1,1,411,Potential Loyalist
28859,4541,2,4812.9491,4,1,1,411,Potential Loyalist
28854,4562,2,4812.9491,4,2,1,421,Potential Loyalist
28869,4566,2,4812.9491,4,2,1,421,Potential Loyalist
28770,4641,2,4812.9491,5,1,1,511,Potential Loyalist
28847,4588,2,4812.9491,5,1,1,511,Potential Loyalist
29223,4470,2,4812.9491,3,1,1,311,Potential Loyalist
29048,4518,2,4812.9491,4,1,1,411,Potential Loyalist
28672,4680,2,4812.9491,5,1,1,511,Potential Loyalist
24671,4345,2,4811.8331,1,2,1,121,Needs Attention
12853,4512,2,4811.2565,4,1,1,411,Potential Loyalist
12231,4517,2,4811.2565,4,1,1,411,Potential Loyalist
19439,4354,3,4806.6266,1,1,1,111,Lost
29128,4538,2,4806.3191,4,1,1,411,Potential Loyalist
24496,4535,2,4806.3191,4,2,1,421,Potential Loyalist
17334,4349,2,4804.2749,1,2,1,121,Needs Attention
17049,4553,2,4804.2749,4,2,1,421,Potential Loyalist
17055,4550,2,4804.2749,4,2,1,421,Potential Loyalist
17047,4598,2,4804.2749,5,1,1,511,Potential Loyalist
12764,4596,2,4804.2749,5,1,1,511,Potential Loyalist
17233,4506,2,4804.2749,4,1,1,411,Potential Loyalist
17232,4504,2,4804.2749,4,1,1,411,Potential Loyalist
17258,4416,2,4804.2749,2,2,1,221,Needs Attention
19476,4347,3,4802.7923,1,1,1,111,Lost
15591,4401,2,4802.748,2,2,1,221,Needs Attention
15144,4409,2,4800.2176,2,2,1,221,Needs Attention
15576,4396,2,4800.2176,2,2,1,221,Needs Attention
15151,4395,2,4800.2176,2,2,1,221,Needs Attention
16156,4372,2,4800.2176,2,2,1,221,Needs Attention
11470,4638,2,4800.2176,5,1,1,511,Potential Loyalist
11605,4631,2,4800.2176,5,1,1,511,Potential Loyalist
11382,4643,2,4800.2176,5,1,1,511,Potential Loyalist
11577,4619,2,4800.2176,5,1,1,511,Potential Loyalist
11561,4620,2,4800.2176,5,1,1,511,Potential Loyalist
29168,4486,2,4799.667,3,1,1,311,Potential Loyalist
24757,4328,2,4799.667,1,2,1,121,Needs Attention
29239,4425,2,4799.667,2,2,1,221,Needs Attention
19438,4354,3,4793.3776,1,1,1,111,Lost
28678,4648,2,4793.0039,5,1,1,511,Potential Loyalist
28844,4608,2,4793.0039,5,1,1,511,Potential Loyalist
17824,4539,2,4789.7441,4,1,1,411,Potential Loyalist
21980,4396,2,4789.7441,2,2,1,221,Needs Attention
29166,4538,2,4789.7331,4,1,1,411,Potential Loyalist
29174,4490,2,4789.7331,3,1,1,311,Potential Loyalist
24431,4558,2,4789.7331,4,2,1,421,Potential Loyalist
28870,4564,2,4789.7331,4,2,1,421,Potential Loyalist
28841,4614,2,4789.7331,5,1,1,511,Potential Loyalist
29203,4504,2,4789.7331,4,1,1,411,Potential Loyalist
29175,4503,2,4789.7331,4,1,1,411,Potential Loyalist
29011,4517,2,4789.7331,4,1,1,411,Potential Loyalist
29201,4508,2,4789.7331,4,1,1,411,Potential Loyalist
24392,4588,2,4784.2191,5,1,1,511,Potential Loyalist
28828,4615,2,4784.2191,5,1,1,511,Potential Loyalist
24344,4633,2,4784.2191,5,1,1,511,Potential Loyalist
24418,4573,2,4784.2191,4,2,1,421,Potential Loyalist
28769,4647,2,4784.2191,5,1,1,511,Potential Loyalist
29276,4396,2,4784.2191,2,2,1,221,Needs Attention
29258,4420,2,4784.2191,2,2,1,221,Needs Attention
29275,4417,2,4784.2191,2,2,1,221,Needs Attention
29236,4452,2,4784.2191,3,2,1,321,Potential Loyalist
19365,4335,3,4775.6866,1,1,1,111,Lost
28671,4672,2,4774.2852,5,1,1,511,Potential Loyalist
28845,4572,2,4774.2852,4,2,1,421,Potential Loyalist
29202,4489,2,4774.2852,3,1,1,311,Potential Loyalist
29004,4543,2,4774.2852,4,1,1,411,Potential Loyalist
29044,4535,2,4774.2852,4,2,1,421,Potential Loyalist
28846,4601,2,4774.2852,5,1,1,511,Potential Loyalist
29204,4502,2,4774.2852,4,1,1,411,Potential Loyalist
29221,4506,2,4774.2852,4,1,1,411,Potential Loyalist
29265,4408,2,4774.2852,2,2,1,221,Needs Attention
29261,4404,2,4774.2852,2,2,1,221,Needs Attention
29225,4463,2,4774.2852,3,2,1,321,Potential Loyalist
19339,4372,3,4769.0676,2,1,1,211,Needs Attention
19420,4350,3,4767.9406,1,1,1,111,Lost
19340,4348,3,4766.8466,1,1,1,111,Lost
19364,4355,3,4765.7637,1,1,1,111,Lost
30064,4357,6,4748.4513,1,1,1,111,Lost
19453,4342,3,4716.0277,1,1,1,111,Lost
20993,4576,2,4709.5543,4,1,1,411,Potential Loyalist
14945,4679,2,4707.5653,5,1,1,511,Potential Loyalist
17513,4679,2,4707.5653,5,1,1,511,Potential Loyalist
16944,4687,2,4700.4601,5,1,1,511,Potential Loyalist
17779,4337,3,4696.4793,1,1,1,111,Lost
19325,4372,3,4690.9662,2,1,1,211,Needs Attention
22951,4608,2,4687.7526,5,1,1,511,Potential Loyalist
20160,4637,2,4682.1282,5,1,1,511,Potential Loyalist
22178,4373,2,4677.8187,2,2,1,221,Needs Attention
20818,4616,2,4674.9567,5,1,1,511,Potential Loyalist
21192,4458,2,4673.3987,3,2,1,321,Potential Loyalist
20816,4615,2,4672.7357,5,1,1,511,Potential Loyalist
24598,4347,2,4672.2826,1,2,1,121,Needs Attention
22230,4422,2,4666.6692,2,2,1,221,Needs Attention
16570,4672,2,4662.3487,5,1,1,511,Potential Loyalist
23408,4517,2,4661.7962,4,1,1,411,Potential Loyalist
17741,4606,2,4660.1166,5,1,1,511,Potential Loyalist
18906,4692,2,4660.0282,5,1,1,511,Potential Loyalist
20823,4599,2,4659.5088,5,1,1,511,Potential Loyalist
14978,4522,2,4651.1771,4,2,1,421,Potential Loyalist
17898,4490,2,4650.1826,3,1,1,311,Potential Loyalist
23421,4482,2,4650.1826,3,1,1,311,Potential Loyalist
21189,4467,2,4650.1826,3,2,1,321,Potential Loyalist
22958,4334,2,4650.1826,1,2,1,121,Needs Attention
23665,4401,2,4649.0887,2,2,1,221,Needs Attention
24303,4414,2,4649.0887,2,2,1,221,Needs Attention
22940,4685,2,4649.0887,5,1,1,511,Potential Loyalist
20418,4634,2,4649.0003,5,1,1,511,Potential Loyalist
15050,4509,2,4647.8953,4,1,1,411,Potential Loyalist
17873,4494,2,4644.6687,3,1,1,311,Potential Loyalist
23538,4492,2,4639.1547,3,1,1,311,Potential Loyalist
17742,4600,2,4639.1547,5,1,1,511,Potential Loyalist
21976,4400,2,4639.1547,2,2,1,221,Needs Attention
23645,4453,2,4639.1547,3,2,1,321,Potential Loyalist
21229,4427,2,4639.1547,3,2,1,321,Potential Loyalist
16493,4336,2,4637.9613,1,2,1,121,Needs Attention
20990,4589,2,4636.8232,5,1,1,511,Potential Loyalist
17086,4646,2,4634.7347,5,1,1,511,Potential Loyalist
17980,4399,2,4634.7347,2,2,1,221,Needs Attention
22988,4350,2,4634.7347,1,2,1,121,Needs Attention
14967,4545,2,4634.6242,4,2,1,421,Potential Loyalist
24371,4386,2,4634.1712,2,2,1,221,Needs Attention
20994,4598,2,4631.8507,5,1,1,511,Potential Loyalist
14927,4666,2,4630.2042,5,1,1,511,Potential Loyalist
22748,4329,2,4628.0053,1,2,1,121,Needs Attention
21710,4377,2,4626.8892,2,2,1,221,Needs Attention
18902,4667,2,4625.7842,5,1,1,511,Potential Loyalist
20814,4617,2,4625.7842,5,1,1,511,Potential Loyalist
16685,4346,2,4622.4692,1,2,1,121,Needs Attention
22114,4540,2,4622.4692,4,1,1,411,Potential Loyalist
14979,4537,2,4622.4692,4,1,1,411,Potential Loyalist
20819,4618,2,4620.8449,5,1,1,511,Potential Loyalist
24661,4665,2,4620.8449,5,1,1,511,Potential Loyalist
17651,4361,3,4619.1514,1,1,1,111,Lost
17107,4654,2,4618.1597,5,1,1,511,Potential Loyalist
22954,4608,2,4618.1597,5,1,1,511,Potential Loyalist
23534,4495,2,4618.1597,3,1,1,311,Potential Loyalist
23432,4494,2,4618.1597,3,1,1,311,Potential Loyalist
17777,4533,2,4618.1597,4,2,1,421,Potential Loyalist
24367,4373,2,4618.1597,2,2,1,221,Needs Attention
24481,4340,2,4618.1597,1,2,1,121,Needs Attention
22937,4338,2,4618.1597,1,2,1,121,Needs Attention
23659,4428,2,4618.1597,3,2,1,321,Potential Loyalist
20983,4574,2,4617.4967,4,2,1,421,Potential Loyalist
15055,4490,2,4616.9663,3,1,1,311,Potential Loyalist
20423,4610,2,4616.4028,5,1,1,511,Potential Loyalist
17778,4348,3,4614.212,1,1,1,111,Lost
24480,4337,2,4614.0491,1,2,1,121,Needs Attention
21984,4384,2,4614.0491,2,2,1,221,Needs Attention
16484,4384,2,4613.9607,2,2,1,221,Needs Attention
22934,4345,2,4611.5187,1,2,1,121,Needs Attention
24378,4362,2,4611.5187,1,2,1,121,Needs Attention
17629,4655,2,4611.5187,5,1,1,511,Potential Loyalist
22938,4345,2,4611.5187,1,2,1,121,Needs Attention
16345,4400,2,4611.4303,2,2,1,221,Needs Attention
14990,4519,2,4611.375,4,1,1,411,Potential Loyalist
18203,4370,2,4610.3363,2,2,1,221,Needs Attention
21230,4426,2,4609.6402,2,2,1,221,Needs Attention
17512,4686,2,4608.4468,5,1,1,511,Potential Loyalist
22932,4676,2,4607.1097,5,1,1,511,Potential Loyalist
21191,4456,2,4607.1097,3,2,1,321,Potential Loyalist
22907,4363,2,4607.1097,1,2,1,121,Needs Attention
24596,4343,2,4606.5572,1,2,1,121,Needs Attention
23348,4510,2,4604.8776,4,1,1,411,Potential Loyalist
20159,4652,2,4604.7892,5,1,1,511,Potential Loyalist
19771,4653,2,4604.7892,5,1,1,511,Potential Loyalist
18907,4675,2,4604.7892,5,1,1,511,Potential Loyalist
19766,4649,2,4604.7892,5,1,1,511,Potential Loyalist
22041,4334,2,4604.7892,1,2,1,121,Needs Attention
22267,4416,2,4604.7892,2,2,1,221,Needs Attention
21939,4591,2,4600.3803,5,1,1,511,Potential Loyalist
22050,4523,2,4597.3857,4,2,1,421,Potential Loyalist
17834,4347,3,4595.3828,1,1,1,111,Lost
17902,4504,2,4594.9437,4,1,1,411,Potential Loyalist
23431,4509,2,4594.9437,4,1,1,411,Potential Loyalist
24307,4392,2,4594.9437,2,2,1,221,Needs Attention
16684,4355,2,4594.8553,1,2,1,121,Needs Attention
22117,4495,2,4594.8553,3,1,1,311,Potential Loyalist
22118,4483,2,4594.8553,3,1,1,311,Potential Loyalist
18201,4401,2,4594.2917,2,2,1,221,Needs Attention
16686,4332,2,4594.2917,1,2,1,121,Needs Attention
15054,4501,2,4591.5182,3,1,1,311,Potential Loyalist
17635,4613,2,4589.4297,5,1,1,511,Potential Loyalist
14952,4612,2,4589.3413,5,1,1,511,Potential Loyalist
14951,4654,2,4589.3413,5,1,1,511,Potential Loyalist
20154,4645,2,4589.3413,5,1,1,511,Potential Loyalist
20984,4599,2,4589.3413,5,1,1,511,Potential Loyalist
20158,4659,2,4589.3413,5,1,1,511,Potential Loyalist
19271,4670,2,4589.3413,5,1,1,511,Potential Loyalist
19763,4682,2,4589.3413,5,1,1,511,Potential Loyalist
23859,4690,2,4589.3413,5,1,1,511,Potential Loyalist
20151,4634,2,4588.7667,5,1,1,511,Potential Loyalist
17511,4670,2,4586.3357,5,1,1,511,Potential Loyalist
18200,4418,2,4586.3357,2,2,1,221,Needs Attention
20996,4588,2,4585.739,5,1,1,511,Potential Loyalist
20989,4573,2,4584.3578,4,2,1,421,Potential Loyalist
22713,4331,2,4583.75,1,2,1,121,Needs Attention
22299,4389,2,4580.8218,2,2,1,221,Needs Attention
18193,4476,2,4580.8218,3,1,1,311,Potential Loyalist
14956,4613,2,4580.8218,5,1,1,511,Potential Loyalist
17096,4654,2,4579.4958,5,1,1,511,Potential Loyalist
17847,4510,2,4579.4958,4,1,1,411,Potential Loyalist
23332,4518,2,4579.4958,4,1,1,411,Potential Loyalist
23420,4518,2,4579.4958,4,1,1,411,Potential Loyalist
23648,4473,2,4579.4958,3,1,1,311,Potential Loyalist
23539,4475,2,4579.4958,3,1,1,311,Potential Loyalist
23331,4540,2,4579.4958,4,1,1,411,Potential Loyalist
23121,4547,2,4579.4958,4,2,1,421,Potential Loyalist
23120,4552,2,4579.4958,4,2,1,421,Potential Loyalist
24300,4392,2,4579.4958,2,2,1,221,Needs Attention
24468,4365,2,4579.4958,1,2,1,121,Needs Attention
17998,4412,2,4579.4958,2,2,1,221,Needs Attention
22030,4359,2,4579.4958,1,2,1,121,Needs Attention
24301,4406,2,4579.4958,2,2,1,221,Needs Attention
21257,4404,2,4579.4958,2,2,1,221,Needs Attention
24458,4382,2,4579.4958,2,2,1,221,Needs Attention
21983,4375,2,4579.4958,2,2,1,221,Needs Attention
24366,4370,2,4579.4958,2,2,1,221,Needs Attention
22943,4340,2,4579.4958,1,2,1,121,Needs Attention
24586,4329,2,4579.4958,1,2,1,121,Needs Attention
21195,4449,2,4579.4958,3,2,1,321,Potential Loyalist
23655,4433,2,4579.4958,3,2,1,321,Potential Loyalist
21199,4431,2,4579.4958,3,2,1,321,Potential Loyalist
23656,4436,2,4579.4958,3,2,1,321,Potential Loyalist
21659,4382,2,4578.8328,2,2,1,221,Needs Attention
20820,4618,2,4578.8328,5,1,1,511,Potential Loyalist
24386,4687,2,4578.8328,5,1,1,511,Potential Loyalist
18903,4679,2,4578.8328,5,1,1,511,Potential Loyalist
17515,4572,2,4578.3024,4,2,1,421,Potential Loyalist
18202,4370,2,4578.3024,2,2,1,221,Needs Attention
15073,4457,2,4578.3024,3,2,1,321,Potential Loyalist
18198,4393,2,4578.2913,2,2,1,221,Needs Attention
14997,4479,2,4578.2913,3,1,1,311,Potential Loyalist
20152,4654,2,4577.7388,5,1,1,511,Potential Loyalist
21921,4342,2,4577.7388,1,2,1,121,Needs Attention
22128,4484,2,4577.1642,3,1,1,311,Potential Loyalist
17514,4656,2,4577.1642,5,1,1,511,Potential Loyalist
22008,4347,2,4576.0592,1,2,1,121,Needs Attention
20156,4634,2,4574.4238,5,1,1,511,Potential Loyalist
20426,4622,2,4574.4238,5,1,1,511,Potential Loyalist
20992,4595,2,4574.4238,5,1,1,511,Potential Loyalist
20822,4622,2,4568.6557,5,1,1,511,Potential Loyalist
18204,4373,2,4567.2303,2,2,1,221,Needs Attention
22732,4351,2,4567.2303,1,2,1,121,Needs Attention
15063,4468,2,4567.2303,3,2,1,321,Potential Loyalist
18196,4456,2,4567.2303,3,2,1,321,Potential Loyalist
21727,4360,2,4566.1253,1,2,1,121,Needs Attention
20424,4615,2,4566.1253,5,1,1,511,Potential Loyalist
20420,4627,2,4566.1253,5,1,1,511,Potential Loyalist
20987,4585,2,4566.1253,5,1,1,511,Potential Loyalist
18900,4669,2,4566.1253,5,1,1,511,Potential Loyalist
19264,4664,2,4566.1253,5,1,1,511,Potential Loyalist
19765,4691,2,4566.1253,5,1,1,511,Potential Loyalist
19270,4682,2,4560.6113,5,1,1,511,Potential Loyalist
20995,4577,2,4560.6113,4,1,1,411,Potential Loyalist
19770,4638,2,4560.6113,5,1,1,511,Potential Loyalist
20812,4631,2,4560.6113,5,1,1,511,Potential Loyalist
21741,4629,2,4560.6113,5,1,1,511,Potential Loyalist
17647,4385,3,4555.647,2,1,1,211,Needs Attention
17648,4370,3,4555.6249,2,1,1,211,Needs Attention
17766,4362,3,4552.321,1,1,1,111,Lost
18899,4675,2,4550.6774,5,1,1,511,Potential Loyalist
19269,4666,2,4550.6774,5,1,1,511,Potential Loyalist
20416,4632,2,4550.6774,5,1,1,511,Potential Loyalist
20157,4652,2,4550.6774,5,1,1,511,Potential Loyalist
20425,4627,2,4550.6774,5,1,1,511,Potential Loyalist
20815,4625,2,4550.6774,5,1,1,511,Potential Loyalist
20821,4602,2,4550.6774,5,1,1,511,Potential Loyalist
21768,4586,2,4550.6774,5,1,1,511,Potential Loyalist
20817,4616,2,4550.6774,5,1,1,511,Potential Loyalist
20988,4599,2,4550.6774,5,1,1,511,Potential Loyalist
20985,4595,2,4550.6774,5,1,1,511,Potential Loyalist
20991,4573,2,4550.6774,4,2,1,421,Potential Loyalist
14969,4566,2,4550.6774,4,2,1,421,Potential Loyalist
18189,4544,2,4550.6774,4,1,1,411,Potential Loyalist
22058,4355,2,4550.6774,1,2,1,121,Needs Attention
16483,4365,2,4550.6774,1,2,1,121,Needs Attention
21813,4332,2,4550.6774,1,2,1,121,Needs Attention
17780,4347,3,4544.6081,1,1,1,111,Lost
17767,4341,3,4532.442,1,1,1,111,Lost
29758,4449,4,4512.0247,3,1,1,311,Potential Loyalist
12253,4493,2,4493.9577,3,1,1,311,Potential Loyalist
29541,4843,5,4481.7148,5,1,1,511,Potential Loyalist
12021,4557,2,4468.0234,4,2,1,421,Potential Loyalist
23410,4533,2,4438.2685,4,2,1,421,Potential Loyalist
24597,4345,2,4430.5003,1,2,1,121,Needs Attention
29765,4478,3,4423.1145,3,1,1,311,Potential Loyalist
29400,4615,2,4411.6684,5,1,1,511,Potential Loyalist
29403,4597,2,4411.0938,5,1,1,511,Potential Loyalist
23593,4475,2,4408.9639,3,1,1,311,Potential Loyalist
12241,4519,2,4408.3534,4,1,1,411,Potential Loyalist
22909,4381,2,4398.4774,2,2,1,221,Needs Attention
23653,4460,2,4392.411,3,2,1,321,Potential Loyalist
22942,4354,2,4388.5435,1,2,1,121,Needs Attention
23544,4459,2,4387.9689,3,2,1,321,Potential Loyalist
24381,4360,2,4387.4274,1,2,1,121,Needs Attention
12245,4526,2,4383.8224,4,2,1,421,Potential Loyalist
24364,4360,2,4381.9024,1,2,1,121,Needs Attention
12240,4536,2,4381.303,4,2,1,421,Potential Loyalist
12250,4499,2,4381.303,3,1,1,311,Potential Loyalist
29398,4651,2,4380.7394,5,1,1,511,Potential Loyalist
16046,4356,3,4379.2698,1,1,1,111,Lost
24459,4370,2,4376.941,2,2,1,221,Needs Attention
22939,4344,2,4376.941,1,2,1,121,Needs Attention
17945,4447,2,4376.941,3,2,1,321,Potential Loyalist
23661,4436,2,4376.941,3,2,1,321,Potential Loyalist
23106,4583,2,4371.3939,4,1,1,411,Potential Loyalist
23425,4499,2,4366.4324,3,1,1,311,Potential Loyalist
22935,4353,2,4366.4324,1,2,1,121,Needs Attention
23436,4501,2,4365.3274,3,1,1,311,Potential Loyalist
12013,4622,2,4364.7169,5,1,1,511,Potential Loyalist
29391,4645,2,4364.7169,5,1,1,511,Potential Loyalist
12014,4541,2,4364.7169,4,1,1,411,Potential Loyalist
12242,4528,2,4363.6119,4,2,1,421,Potential Loyalist
12246,4523,2,4361.7113,4,2,1,421,Potential Loyalist
24368,4374,2,4360.9074,2,2,1,221,Needs Attention
21996,4366,2,4360.9074,1,2,1,121,Needs Attention
22936,4343,2,4360.9074,1,2,1,121,Needs Attention
24304,4401,2,4360.9074,2,2,1,221,Needs Attention
24283,4399,2,4360.9074,2,2,1,221,Needs Attention
24377,4385,2,4359.8135,2,2,1,221,Needs Attention
24305,4415,2,4359.8135,2,2,1,221,Needs Attention
24475,4334,2,4359.8135,1,2,1,121,Needs Attention
23649,4452,2,4359.8135,3,2,1,321,Potential Loyalist
23119,4544,2,4359.8135,4,1,1,411,Potential Loyalist
22987,4351,2,4355.946,1,2,1,121,Needs Attention
23664,4393,2,4355.3935,2,2,1,221,Needs Attention
18045,4392,2,4355.3935,2,2,1,221,Needs Attention
17952,4392,2,4355.3935,2,2,1,221,Needs Attention
17761,4549,2,4355.3935,4,2,1,421,Potential Loyalist
12248,4499,2,4353.678,3,1,1,311,Potential Loyalist
12252,4484,2,4352.5398,3,1,1,311,Potential Loyalist
23640,4477,2,4349.8795,3,1,1,311,Potential Loyalist
23343,4534,2,4349.8795,4,2,1,421,Potential Loyalist
17762,4561,2,4349.8795,4,2,1,421,Potential Loyalist
23116,4574,2,4349.8795,4,2,1,421,Potential Loyalist
23429,4500,2,4349.8795,3,1,1,311,Potential Loyalist
23423,4505,2,4349.8795,4,1,1,411,Potential Loyalist
17789,4517,2,4349.8795,4,1,1,411,Potential Loyalist
16569,4685,2,4349.8795,5,1,1,511,Potential Loyalist
23658,4420,2,4349.8795,2,2,1,221,Needs Attention
21231,4397,2,4349.8795,2,2,1,221,Needs Attention
21258,4403,2,4349.8795,2,2,1,221,Needs Attention
21979,4411,2,4349.8795,2,2,1,221,Needs Attention
22926,4339,2,4349.8795,1,2,1,121,Needs Attention
21985,4376,2,4349.8795,2,2,1,221,Needs Attention
21228,4449,2,4349.8795,3,2,1,321,Potential Loyalist
21222,4443,2,4349.8795,3,2,1,321,Potential Loyalist
29399,4621,2,4349.7994,5,1,1,511,Potential Loyalist
21200,4441,2,4345.4595,3,2,1,321,Potential Loyalist
17947,4438,2,4345.4595,3,2,1,321,Potential Loyalist
17963,4406,2,4345.4595,2,2,1,221,Needs Attention
17989,4417,2,4345.4595,2,2,1,221,Needs Attention
17941,4432,2,4344.3324,3,2,1,321,Potential Loyalist
23117,4580,2,4344.3324,4,1,1,411,Potential Loyalist
17765,4561,2,4338.8185,4,2,1,421,Potential Loyalist
16937,4674,2,4338.8185,5,1,1,511,Potential Loyalist
12251,4490,2,4337.0919,3,1,1,311,Potential Loyalist
17796,4526,2,4332.7299,4,2,1,421,Potential Loyalist
23409,4521,2,4328.8845,4,2,1,421,Potential Loyalist
23533,4489,2,4328.8845,3,1,1,311,Potential Loyalist
17928,4484,2,4328.8845,3,1,1,311,Potential Loyalist
23435,4481,2,4328.8845,3,1,1,311,Potential Loyalist
22966,4582,2,4328.8845,4,1,1,411,Potential Loyalist
17848,4508,2,4328.8845,4,1,1,411,Potential Loyalist
22950,4657,2,4328.8845,5,1,1,511,Potential Loyalist
21197,4439,2,4328.8845,3,2,1,321,Potential Loyalist
23660,4435,2,4328.8845,3,2,1,321,Potential Loyalist
23651,4469,2,4328.8845,3,2,1,321,Potential Loyalist
23662,4416,2,4328.8845,2,2,1,221,Needs Attention
18027,4412,2,4328.8845,2,2,1,221,Needs Attention
21256,4396,2,4328.8845,2,2,1,221,Needs Attention
24463,4388,2,4328.8845,2,2,1,221,Needs Attention
22004,4388,2,4328.8845,2,2,1,221,Needs Attention
24282,4391,2,4328.8845,2,2,1,221,Needs Attention
22959,4331,2,4328.8845,1,2,1,121,Needs Attention
22033,4372,2,4328.8845,2,2,1,221,Needs Attention
22933,4352,2,4328.8845,1,2,1,121,Needs Attention
12243,4520,2,4326.053,4,1,1,411,Potential Loyalist
23118,4544,2,4324.7739,4,2,1,421,Potential Loyalist
22927,4338,2,4324.7739,1,2,1,121,Needs Attention
24590,4333,2,4322.2435,1,2,1,121,Needs Attention
21194,4440,2,4322.2435,3,2,1,321,Potential Loyalist
23422,4488,2,4322.2435,3,1,1,311,Potential Loyalist
22946,4637,2,4322.2435,5,1,1,511,Potential Loyalist
20716,4346,3,4321.9755,1,1,1,111,Lost
17769,4536,2,4320.365,4,2,1,421,Potential Loyalist
17799,4539,2,4317.8345,4,1,1,411,Potential Loyalist
23652,4470,2,4317.8345,3,1,1,311,Potential Loyalist
21259,4395,2,4317.8345,2,2,1,221,Needs Attention
17934,4459,2,4317.282,3,2,1,321,Potential Loyalist
17768,4557,2,4317.282,4,2,1,421,Potential Loyalist
21193,4446,2,4315.6024,3,2,1,321,Potential Loyalist
22953,4605,2,4308.9393,5,1,1,511,Potential Loyalist
23107,4583,2,4305.6685,4,1,1,411,Potential Loyalist
17929,4470,2,4305.6685,3,1,1,311,Potential Loyalist
24592,4349,2,4305.6685,1,2,1,121,Needs Attention
17764,4556,2,4305.6685,4,2,1,421,Potential Loyalist
17942,4424,2,4305.6685,2,2,1,221,Needs Attention
22031,4366,2,4305.6685,1,2,1,121,Needs Attention
17784,4521,2,4300.1545,4,2,1,421,Potential Loyalist
22961,4607,2,4300.1545,5,1,1,511,Potential Loyalist
17082,4643,2,4300.1545,5,1,1,511,Potential Loyalist
17722,4619,2,4290.2206,5,1,1,511,Potential Loyalist
21180,4473,2,4290.2206,3,1,1,311,Potential Loyalist
17940,4472,2,4290.2206,3,1,1,311,Potential Loyalist
23433,4497,2,4290.2206,3,1,1,311,Potential Loyalist
23344,4534,2,4290.2206,4,2,1,421,Potential Loyalist
23434,4490,2,4290.2206,3,1,1,311,Potential Loyalist
17893,4493,2,4290.2206,3,1,1,311,Potential Loyalist
22931,4671,2,4290.2206,5,1,1,511,Potential Loyalist
22910,4369,2,4290.2206,2,2,1,221,Needs Attention
21986,4372,2,4290.2206,2,2,1,221,Needs Attention
22032,4385,2,4290.2206,2,2,1,221,Needs Attention
24601,4337,2,4290.2206,1,2,1,121,Needs Attention
24602,4337,2,4290.2206,1,2,1,121,Needs Attention
24587,4342,2,4290.2206,1,2,1,121,Needs Attention
24482,4341,2,4290.2206,1,2,1,121,Needs Attention
23545,4462,2,4290.2206,3,2,1,321,Potential Loyalist
24302,4393,2,4290.2206,2,2,1,221,Needs Attention
24474,4356,2,4290.2206,1,2,1,121,Needs Attention
21982,4405,2,4290.2206,2,2,1,221,Needs Attention
23663,4411,2,4290.2206,2,2,1,221,Needs Attention
17946,4428,2,4290.2206,3,2,1,321,Potential Loyalist
21206,4447,2,4290.2206,3,2,1,321,Potential Loyalist
14010,4632,2,4266.8356,5,1,1,511,Potential Loyalist
15014,4527,2,4266.261,4,2,1,421,Potential Loyalist
15037,4458,2,4261.2995,3,2,1,321,Potential Loyalist
15043,4444,2,4250.8131,3,2,1,321,Potential Loyalist
14128,4626,2,4239.1995,5,1,1,511,Potential Loyalist
14134,4567,2,4237.7505,4,2,1,421,Potential Loyalist
14011,4646,2,4234.2381,5,1,1,511,Potential Loyalist
16025,4350,2,4234.2381,1,2,1,121,Needs Attention
16027,4351,2,4228.1716,1,2,1,121,Needs Attention
15029,4529,2,4228.1716,4,2,1,421,Potential Loyalist
15041,4472,2,4228.1716,3,1,1,311,Potential Loyalist
15028,4513,2,4228.1716,4,1,1,411,Potential Loyalist
29630,4388,6,4222.0066,2,1,1,211,Needs Attention
14130,4572,2,4214.5344,4,2,1,421,Potential Loyalist
14127,4620,2,4209.573,5,1,1,511,Potential Loyalist
14131,4601,2,4207.1766,5,1,1,511,Potential Loyalist
14523,4536,2,4207.1766,4,2,1,421,Potential Loyalist
15648,4363,2,4207.1766,1,2,1,121,Needs Attention
15643,4392,2,4207.1766,2,2,1,221,Needs Attention
16029,4350,2,4207.1766,1,2,1,121,Needs Attention
16028,4341,2,4207.1766,1,2,1,121,Needs Attention
15040,4453,2,4207.1766,3,2,1,321,Potential Loyalist
15042,4438,2,4207.1766,3,2,1,321,Potential Loyalist
16026,4337,2,4203.5065,1,2,1,121,Needs Attention
15646,4378,2,4203.5065,2,2,1,221,Needs Attention
15439,4401,2,4203.5065,2,2,1,221,Needs Attention
15015,4535,2,4203.5065,4,2,1,421,Potential Loyalist
14132,4561,2,4203.5065,4,2,1,421,Potential Loyalist
15644,4382,2,4203.066,2,2,1,221,Needs Attention
15044,4449,2,4202.9319,3,2,1,321,Potential Loyalist
16045,4338,3,4201.6217,1,1,1,111,Lost
15435,4435,2,4200.5356,3,2,1,321,Potential Loyalist
15032,4481,2,4199.0865,3,1,1,311,Potential Loyalist
15033,4478,2,4196.1266,3,1,1,311,Potential Loyalist
14316,4392,3,4196.092,2,1,1,211,Needs Attention
15438,4398,2,4186.491,2,2,1,221,Needs Attention
15030,4493,2,4183.9606,3,1,1,311,Potential Loyalist
15036,4464,2,4182.5115,3,2,1,321,Potential Loyalist
15645,4385,2,4182.5115,2,2,1,221,Needs Attention
15642,4396,2,4168.5127,2,2,1,221,Needs Attention
15262,4434,2,4168.5127,3,2,1,321,Potential Loyalist
15425,4432,2,4168.5127,3,2,1,321,Potential Loyalist
15436,4424,2,4168.5127,2,2,1,221,Needs Attention
15035,4453,2,4168.5127,3,2,1,321,Potential Loyalist
14125,4646,2,4168.5127,5,1,1,511,Potential Loyalist
14007,4682,2,4168.5127,5,1,1,511,Potential Loyalist
14133,4565,2,4159.2955,4,2,1,421,Potential Loyalist
15647,4388,2,4159.2955,2,2,1,221,Needs Attention
16054,4338,3,4154.0956,1,1,1,111,Lost
14855,4530,2,4153.7815,4,2,1,421,Potential Loyalist
16053,4333,3,4146.3828,1,1,1,111,Lost
14129,4585,2,4143.8476,4,1,1,411,Potential Loyalist
16031,4352,2,4143.8476,1,2,1,121,Needs Attention
15038,4452,2,4143.8476,3,2,1,321,Potential Loyalist
16033,4329,3,4136.4488,1,1,1,111,Lost
14260,4446,3,4106.4338,3,1,1,311,Potential Loyalist
29640,4388,6,4068.4736,2,1,1,211,Needs Attention
24604,4691,2,4068.3891,5,1,1,511,Potential Loyalist
14101,4465,3,4066.2876,3,1,1,311,Potential Loyalist
14102,4477,3,4052.2888,3,1,1,311,Potential Loyalist
16011,4402,2,4041.2723,2,2,1,221,Needs Attention
14306,4416,3,4036.8188,2,1,1,211,Needs Attention
14305,4412,3,4035.6791,2,1,1,211,Needs Attention
14345,4339,3,4022.1098,1,1,1,111,Lost
29848,4388,3,4022.0953,2,1,1,211,Needs Attention
14303,4427,3,4018.7837,3,1,1,311,Potential Loyalist
14259,4433,3,4012.1758,3,1,1,311,Potential Loyalist
29838,4357,7,4010.9492,1,1,1,111,Lost
24605,4670,2,4008.7301,5,1,1,511,Potential Loyalist
23540,4581,2,4007.6362,4,1,1,411,Potential Loyalist
24360,4563,2,4007.6362,4,2,1,421,Potential Loyalist
24502,4492,2,4003.7687,3,1,1,311,Potential Loyalist
24503,4479,2,3997.7022,3,1,1,311,Potential Loyalist
24462,4538,2,3997.7022,4,1,1,411,Potential Loyalist
24244,4546,2,3997.7022,4,2,1,421,Potential Loyalist
23572,4570,2,3997.7022,4,2,1,421,Potential Loyalist
23529,4625,2,3997.7022,5,1,1,511,Potential Loyalist
23413,4632,2,3997.7022,5,1,1,511,Potential Loyalist
14103,4439,3,3991.5028,3,1,1,311,Potential Loyalist
14066,4469,3,3991.4681,3,1,1,311,Potential Loyalist
29920,4418,8,3980.787,2,1,1,211,Needs Attention
24362,4568,2,3978.8509,4,2,1,421,Potential Loyalist
23547,4571,2,3976.7072,4,2,1,421,Potential Loyalist
23416,4630,2,3976.7072,5,1,1,511,Potential Loyalist
23524,4620,2,3976.7072,5,1,1,511,Potential Loyalist
14304,4396,3,3973.5008,2,1,1,211,Needs Attention
23415,4607,2,3965.6572,5,1,1,511,Potential Loyalist
29819,4662,5,3964.3645,5,1,1,511,Potential Loyalist
23412,4640,2,3963.4251,5,1,1,511,Potential Loyalist
14346,4355,3,3959.502,1,1,1,111,Lost
28648,5208,1,3953.9884,5,5,1,551,Champion
29150,5209,1,3953.9884,5,5,1,551,Champion
29155,5212,1,3953.9884,5,5,1,551,Champion
29147,5213,1,3953.9884,5,5,1,551,Champion
29144,5216,1,3953.9884,5,5,1,551,Champion
29207,5216,1,3953.9884,5,5,1,551,Champion
29208,5217,1,3953.9884,5,5,1,551,Champion
29156,5218,1,3953.9884,5,5,1,551,Champion
29148,5219,1,3953.9884,5,5,1,551,Champion
29145,5221,1,3953.9884,5,5,1,551,Champion
29198,5223,1,3953.9884,5,5,1,551,Champion
29157,5223,1,3953.9884,5,5,1,551,Champion
29254,5223,1,3953.9884,5,5,1,551,Champion
29163,5229,1,3953.9884,5,5,1,551,Champion
29158,5230,1,3953.9884,5,5,1,551,Champion
29169,5231,1,3953.9884,5,5,1,551,Champion
22971,5231,1,3953.9884,5,5,1,551,Champion
29146,5232,1,3953.9884,5,5,1,551,Champion
29141,5232,1,3953.9884,5,5,1,551,Champion
22975,5234,1,3953.9884,5,5,1,551,Champion
29140,5234,1,3953.9884,5,5,1,551,Champion
29142,5234,1,3953.9884,5,5,1,551,Champion
29151,5236,1,3953.9884,5,5,1,551,Champion
29170,5237,1,3953.9884,5,5,1,551,Champion
29143,5238,1,3953.9884,5,5,1,551,Champion
29070,5241,1,3953.9884,5,5,1,551,Champion
28826,5242,1,3953.9884,5,5,1,551,Champion
29059,5244,1,3953.9884,5,5,1,551,Champion
29106,5244,1,3953.9884,5,5,1,551,Champion
28805,5245,1,3953.9884,5,5,1,551,Champion
29132,5247,1,3953.9884,5,5,1,551,Champion
29008,5247,1,3953.9884,5,5,1,551,Champion
28823,5248,1,3953.9884,5,5,1,551,Champion
28824,5248,1,3953.9884,5,5,1,551,Champion
29010,5248,1,3953.9884,5,5,1,551,Champion
29016,5249,1,3953.9884,5,5,1,551,Champion
28820,5249,1,3953.9884,5,5,1,551,Champion
28989,5249,1,3953.9884,5,5,1,551,Champion
28831,5250,1,3953.9884,5,5,1,551,Champion
29060,5250,1,3953.9884,5,5,1,551,Champion
28843,5251,1,3953.9884,5,5,1,551,Champion
28990,5251,1,3953.9884,5,5,1,551,Champion
28835,5251,1,3953.9884,5,5,1,551,Champion
28993,5252,1,3953.9884,5,5,1,551,Champion
28851,5252,1,3953.9884,5,5,1,551,Champion
28849,5253,1,3953.9884,5,5,1,551,Champion
29110,5253,1,3953.9884,5,5,1,551,Champion
28830,5254,1,3953.9884,5,5,1,551,Champion
29017,5255,1,3953.9884,5,5,1,551,Champion
28966,5256,1,3953.9884,5,5,1,551,Champion
28856,5258,1,3953.9884,5,5,1,551,Champion
29108,5259,1,3953.9884,5,5,1,551,Champion
28821,5259,1,3953.9884,5,5,1,551,Champion
28838,5259,1,3953.9884,5,5,1,551,Champion
29136,5260,1,3953.9884,5,5,1,551,Champion
28807,5260,1,3953.9884,5,5,2,552,Champion
29056,5260,1,3953.9884,5,5,2,552,Champion
28833,5260,1,3953.9884,5,5,2,552,Champion
28852,5262,1,3953.9884,5,5,2,552,Champion
29058,5264,1,3953.9884,5,5,2,552,Champion
29139,5264,1,3953.9884,5,5,2,552,Champion
28825,5265,1,3953.9884,5,5,2,552,Champion
28857,5265,1,3953.9884,5,5,2,552,Champion
28804,5266,1,3953.9884,5,5,2,552,Champion
28997,5267,1,3953.9884,5,5,2,552,Champion
28827,5268,1,3953.9884,5,5,2,552,Champion
28853,5268,1,3953.9884,5,5,2,552,Champion
29126,5269,1,3953.9884,5,5,2,552,Champion
28988,5269,1,3953.9884,5,5,2,552,Champion
28829,5270,1,3953.9884,5,5,2,552,Champion
28661,5272,1,3953.9884,5,5,2,552,Champion
28839,5240,1,3953.9884,5,5,2,552,Champion
28822,5240,1,3953.9884,5,5,2,552,Champion
28625,5274,1,3953.9884,5,5,2,552,Champion
28651,5289,1,3953.9884,5,5,2,552,Champion
28644,5289,1,3953.9884,5,5,2,552,Champion
28629,5290,1,3953.9884,5,5,2,552,Champion
28765,5290,1,3953.9884,5,5,2,552,Champion
28658,5291,1,3953.9884,5,5,2,552,Champion
28675,5293,1,3953.9884,5,5,2,552,Champion
28655,5293,1,3953.9884,5,5,2,552,Champion
28628,5293,1,3953.9884,5,5,2,552,Champion
28654,5293,1,3953.9884,5,5,2,552,Champion
28650,5293,1,3953.9884,5,5,2,552,Champion
28774,5294,1,3953.9884,5,5,2,552,Champion
28772,5294,1,3953.9884,5,5,2,552,Champion
28792,5295,1,3953.9884,5,5,2,552,Champion
28761,5296,1,3953.9884,5,5,2,552,Champion
28645,5296,1,3953.9884,5,5,2,552,Champion
28794,5297,1,3953.9884,5,5,2,552,Champion
28627,5297,1,3953.9884,5,5,2,552,Champion
28790,5297,1,3953.9884,5,5,2,552,Champion
28653,5299,1,3953.9884,5,5,2,552,Champion
28676,5280,1,3953.9884,5,5,2,552,Champion
28670,5280,1,3953.9884,5,5,2,552,Champion
28799,5282,1,3953.9884,5,5,2,552,Champion
28797,5282,1,3953.9884,5,5,2,552,Champion
28643,5282,1,3953.9884,5,5,2,552,Champion
28635,5284,1,3953.9884,5,5,2,552,Champion
28621,5285,1,3953.9884,5,5,2,552,Champion
28795,5285,1,3953.9884,5,5,2,552,Champion
28763,5285,1,3953.9884,5,5,2,552,Champion
28775,5286,1,3953.9884,5,5,2,552,Champion
28619,5287,1,3953.9884,5,5,2,552,Champion
28657,5275,1,3953.9884,5,5,2,552,Champion
28618,5277,1,3953.9884,5,5,2,552,Champion
28649,5277,1,3953.9884,5,5,2,552,Champion
28660,5300,1,3953.9884,5,5,2,552,Champion
28293,5305,1,3953.9884,5,5,2,552,Champion
28294,5305,1,3953.9884,5,5,2,552,Champion
28295,5305,1,3953.9884,5,5,2,552,Champion
28573,5310,1,3953.9884,5,5,2,552,Champion
28270,5311,1,3953.9884,5,5,2,552,Champion
28583,5312,1,3953.9884,5,5,2,552,Champion
28362,5312,1,3953.9884,5,5,2,552,Champion
28586,5313,1,3953.9884,5,5,2,552,Champion
28340,5314,1,3953.9884,5,5,2,552,Champion
28355,5314,1,3953.9884,5,5,2,552,Champion
28584,5315,1,3953.9884,5,5,2,552,Champion
28223,5315,1,3953.9884,5,5,2,552,Champion
28299,5316,1,3953.9884,5,5,2,552,Champion
28221,5316,1,3953.9884,5,5,2,552,Champion
28588,5318,1,3953.9884,5,5,2,552,Champion
28339,5319,1,3953.9884,5,5,2,552,Champion
28587,5320,1,3953.9884,5,5,2,552,Champion
28271,5324,1,3953.9884,5,5,2,552,Champion
28200,5325,1,3953.9884,5,5,2,552,Champion
28598,5329,1,3953.9884,5,5,2,552,Champion
28199,5329,1,3953.9884,5,5,2,552,Champion
28222,5331,1,3953.9884,5,5,2,552,Champion
28166,5342,1,3953.9884,5,5,2,552,Champion
28180,5343,1,3953.9884,5,5,2,552,Champion
28148,5343,1,3953.9884,5,5,2,552,Champion
28170,5344,1,3953.9884,5,5,2,552,Champion
28162,5345,1,3953.9884,5,5,2,552,Champion
28149,5346,1,3953.9884,5,5,2,552,Champion
28150,5347,1,3953.9884,5,5,2,552,Champion
28096,5347,1,3953.9884,5,5,2,552,Champion
28164,5348,1,3953.9884,5,5,2,552,Champion
28097,5353,1,3953.9884,5,5,2,552,Champion
28183,5355,1,3953.9884,5,5,2,552,Champion
28112,5355,1,3953.9884,5,5,2,552,Champion
28179,5355,1,3953.9884,5,5,2,552,Champion
28185,5356,1,3953.9884,5,5,2,552,Champion
28088,5356,1,3953.9884,5,5,2,552,Champion
28186,5357,1,3953.9884,5,5,2,552,Champion
28182,5357,1,3953.9884,5,5,2,552,Champion
28181,5358,1,3953.9884,5,5,2,552,Champion
28168,5358,1,3953.9884,5,5,2,552,Champion
28172,5359,1,3953.9884,5,5,2,552,Champion
28145,5360,1,3953.9884,5,5,2,552,Champion
28041,5363,1,3953.9884,5,5,2,552,Champion
27917,5372,1,3953.9884,5,5,2,552,Champion
27759,5373,1,3953.9884,5,5,2,552,Champion
27678,5373,1,3953.9884,5,5,2,552,Champion
28044,5374,1,3953.9884,5,5,2,552,Champion
28022,5375,1,3953.9884,5,5,2,552,Champion
28047,5375,1,3953.9884,5,5,2,552,Champion
27681,5375,1,3953.9884,5,5,2,552,Champion
28042,5378,1,3953.9884,5,5,2,552,Champion
28017,5379,1,3953.9884,5,5,2,552,Champion
28039,5381,1,3953.9884,5,5,2,552,Champion
28040,5382,1,3953.9884,5,5,2,552,Champion
28014,5386,1,3953.9884,5,5,2,552,Champion
27726,5386,1,3953.9884,5,5,2,552,Champion
28018,5391,1,3953.9884,5,5,2,552,Champion
27673,5393,1,3953.9884,5,5,2,552,Champion
28147,5332,1,3953.9884,5,5,2,552,Champion
28171,5335,1,3953.9884,5,5,2,552,Champion
28142,5336,1,3953.9884,5,5,2,552,Champion
28167,5337,1,3953.9884,5,5,2,552,Champion
28163,5339,1,3953.9884,5,5,2,552,Champion
28184,5340,1,3953.9884,5,5,2,552,Champion
27605,5395,1,3953.9884,5,5,2,552,Champion
27611,5395,1,3953.9884,5,5,2,552,Champion
28656,5180,1,3953.9884,5,5,2,552,Champion
28051,5181,1,3953.9884,5,5,2,552,Champion
28626,5183,1,3953.9884,5,5,2,552,Champion
28574,5183,1,3953.9884,5,5,2,552,Champion
28173,5183,1,3953.9884,5,5,2,552,Champion
28354,5183,1,3953.9884,5,5,2,552,Champion
29340,5183,1,3953.9884,5,5,2,552,Champion
27672,5184,1,3953.9884,5,5,2,552,Champion
29354,5186,1,3953.9884,5,5,2,552,Champion
28177,5187,1,3953.9884,5,5,2,552,Champion
29280,5187,1,3953.9884,5,5,2,552,Champion
28647,5189,1,3953.9884,5,5,2,552,Champion
28646,5189,1,3953.9884,5,5,2,552,Champion
27752,5190,1,3953.9884,5,5,2,552,Champion
28624,5192,1,3953.9884,5,5,2,552,Champion
29335,5194,1,3953.9884,5,5,2,552,Champion
29350,5194,1,3953.9884,5,5,2,552,Champion
28130,5195,1,3953.9884,5,5,2,552,Champion
28169,5195,1,3953.9884,5,5,2,552,Champion
29334,5195,1,3953.9884,5,5,2,552,Champion
28176,5196,1,3953.9884,5,5,2,552,Champion
28013,5196,1,3953.9884,5,5,2,552,Champion
28652,5169,1,3953.9884,5,5,2,552,Champion
23806,5121,1,3953.9884,5,5,2,552,Champion
23566,5144,1,3953.9884,5,5,2,552,Champion
27649,5405,1,3953.9884,5,5,2,552,Champion
27614,5405,1,3953.9884,5,5,2,552,Champion
27578,5407,1,3953.9884,5,5,2,552,Champion
27604,5414,1,3953.9884,5,5,2,552,Champion
27666,5415,1,3953.9884,5,5,2,552,Champion
27577,5415,1,3953.9884,5,5,2,552,Champion
27612,5418,1,3953.9884,5,5,2,552,Champion
27601,5419,1,3953.9884,5,5,2,552,Champion
28129,5196,1,3953.9884,5,5,2,552,Champion
28198,5197,1,3953.9884,5,5,2,552,Champion
28165,5197,1,3953.9884,5,5,2,552,Champion
28161,5198,1,3953.9884,5,5,2,552,Champion
28197,5198,1,3953.9884,5,5,2,552,Champion
28092,5198,1,3953.9884,5,5,2,552,Champion
28620,5198,1,3953.9884,5,5,2,552,Champion
29285,5199,1,3953.9884,5,5,2,552,Champion
29326,5199,1,3953.9884,5,5,2,552,Champion
29352,5201,1,3953.9884,5,5,2,552,Champion
28178,5203,1,3953.9884,5,5,2,552,Champion
28363,5203,1,3953.9884,5,5,2,552,Champion
28036,5206,1,3953.9884,5,5,2,552,Champion
28778,5207,1,3953.9884,5,5,2,552,Champion
28630,5207,1,3953.9884,5,5,2,552,Champion
24501,5060,1,3953.9884,5,5,2,552,Champion
24646,5066,1,3953.9884,5,5,2,552,Champion
24491,5070,1,3953.9884,5,5,2,552,Champion
24493,5085,1,3953.9884,5,5,2,552,Champion
23411,4659,2,3953.4912,5,1,2,512,Potential Loyalist
19502,4623,2,3939.72,5,1,2,512,Potential Loyalist
23526,4604,2,3938.0433,5,1,2,512,Potential Loyalist
24504,4498,2,3938.0433,3,1,2,312,Potential Loyalist
23571,4601,2,3938.0433,5,1,2,512,Potential Loyalist
24484,4507,2,3938.0433,4,1,2,412,Potential Loyalist
24506,4490,2,3938.0433,3,1,2,312,Potential Loyalist
24476,4540,2,3938.0433,4,1,2,412,Potential Loyalist
19448,4644,2,3915.9846,5,1,2,512,Potential Loyalist
19477,4660,2,3904.8131,5,1,2,512,Potential Loyalist
29855,4843,3,3901.348,5,1,2,512,Potential Loyalist
19511,4556,2,3894.415,4,2,2,422,Potential Loyalist
19493,4655,2,3884.4811,5,1,2,512,Potential Loyalist
19424,4670,2,3880.492,5,1,2,512,Potential Loyalist
19360,4689,2,3880.492,5,1,2,512,Potential Loyalist
29648,4418,4,3876.8885,2,1,2,212,Needs Attention
14472,4482,2,3871.5857,3,1,2,312,Potential Loyalist
19341,4687,2,3866.1491,5,1,2,512,Potential Loyalist
19499,4656,2,3859.497,5,1,2,512,Potential Loyalist
19440,4638,2,3859.497,5,1,2,512,Potential Loyalist
23104,4670,2,3856.486,5,1,2,512,Potential Loyalist
29495,4388,3,3854.4489,2,1,2,212,Needs Attention
19467,4626,2,3851.3421,5,1,2,512,Potential Loyalist
19506,4544,2,3845.8171,4,1,2,412,Potential Loyalist
19437,4680,2,3845.8171,5,1,2,512,Potential Loyalist
19433,4674,2,3844.0491,5,1,2,512,Potential Loyalist
19361,4665,2,3844.0491,5,1,2,512,Potential Loyalist
19359,4683,2,3844.0491,5,1,2,512,Potential Loyalist
19455,4650,2,3844.0491,5,1,2,512,Potential Loyalist
19459,4645,2,3844.0491,5,1,2,512,Potential Loyalist
19471,4619,2,3844.0491,5,1,2,512,Potential Loyalist
19500,4608,2,3844.0491,5,1,2,512,Potential Loyalist
19416,4680,2,3841.4082,5,1,2,512,Potential Loyalist
19418,4687,2,3841.4082,5,1,2,512,Potential Loyalist
19435,4663,2,3820.8331,5,1,2,512,Potential Loyalist
29583,4388,5,3820.3709,2,1,2,212,Needs Attention
14081,4641,2,3814.1699,5,1,2,512,Potential Loyalist
19510,4559,2,3814.1699,4,2,2,422,Potential Loyalist
19479,4629,2,3805.3852,5,1,2,512,Potential Loyalist
19382,4670,2,3805.3852,5,1,2,512,Potential Loyalist
19362,4671,2,3805.3852,5,1,2,512,Potential Loyalist
19940,4330,2,3801.6724,1,2,2,122,Needs Attention
19912,4361,2,3787.2632,1,2,2,122,Needs Attention
20713,4360,2,3781.2327,1,2,2,122,Needs Attention
14473,4485,2,3772.3788,3,1,2,312,Potential Loyalist
14456,4508,2,3763.5278,4,1,2,412,Potential Loyalist
18167,4442,2,3762.9753,3,2,2,322,Potential Loyalist
14453,4485,2,3758.5332,3,1,2,312,Potential Loyalist
23418,4616,2,3757.0249,5,1,2,512,Potential Loyalist
29449,5288,1,3756.989,5,5,2,552,Champion
28414,5280,1,3756.989,5,5,2,552,Champion
29448,5300,1,3756.989,5,5,2,552,Champion
29475,5241,1,3756.989,5,5,2,552,Champion
29410,5273,1,3756.989,5,5,2,552,Champion
29476,5219,1,3756.989,5,5,2,552,Champion
20075,5085,1,3756.989,5,5,2,552,Champion
28389,5423,1,3756.989,5,5,2,552,Champion
25857,5402,1,3756.989,5,5,2,552,Champion
29385,5402,1,3756.989,5,5,2,552,Champion
25861,5415,1,3756.989,5,5,2,552,Champion
28470,5174,1,3756.989,5,5,2,552,Champion
18157,4436,2,3756.3453,3,2,2,322,Potential Loyalist
26299,4344,2,3753.5616,1,2,2,122,Needs Attention
14434,4504,2,3753.0192,4,1,2,412,Potential Loyalist
14253,4528,2,3751.3617,4,2,2,422,Potential Loyalist
29516,4388,4,3751.0654,2,1,2,212,Needs Attention
14498,4500,2,3750.7982,3,1,2,312,Potential Loyalist
14240,4512,2,3747.4832,4,1,2,412,Potential Loyalist
23414,4614,2,3747.091,5,1,2,512,Potential Loyalist
24361,4552,2,3747.091,4,2,2,422,Potential Loyalist
14447,4499,2,3740.8642,3,1,2,312,Potential Loyalist
14470,4499,2,3737.5492,3,1,2,312,Potential Loyalist
19067,4413,2,3735.9028,2,2,2,222,Needs Attention
14255,4528,2,3734.7978,4,2,2,422,Potential Loyalist
14452,4501,2,3732.0242,4,1,2,412,Potential Loyalist
14290,4516,2,3732.0242,4,1,2,412,Potential Loyalist
14120,4512,2,3731.4607,4,1,2,412,Potential Loyalist
14289,4527,2,3731.4607,4,2,2,422,Potential Loyalist
29474,5251,1,3729.364,5,5,2,552,Champion
29467,5266,1,3729.364,5,5,2,552,Champion
29466,5255,1,3729.364,5,5,2,552,Champion
28407,5287,1,3729.364,5,5,2,552,Champion
19802,5394,1,3729.364,5,5,2,552,Champion
28390,5397,1,3729.364,5,5,2,552,Champion
28401,5341,1,3729.364,5,5,2,552,Champion
29481,5196,1,3729.364,5,5,2,552,Champion
28458,5170,1,3729.364,5,5,2,552,Champion
28491,5098,1,3729.364,5,5,2,552,Champion
28492,5108,1,3729.364,5,5,2,552,Champion
28471,5157,1,3729.364,5,5,2,552,Champion
28478,5168,1,3729.364,5,5,2,552,Champion
28449,5204,1,3729.364,5,5,2,552,Champion
28443,5206,1,3729.364,5,5,2,552,Champion
28504,5070,1,3729.364,5,5,2,552,Champion
14382,4527,2,3728.1678,4,2,2,422,Potential Loyalist
14419,4493,2,3725.3942,3,1,2,312,Potential Loyalist
26283,4339,2,3725.2309,1,2,2,122,Needs Attention
14442,4492,2,3724.3003,3,1,2,312,Potential Loyalist
14448,4486,2,3724.3003,3,1,2,312,Potential Loyalist
17216,4420,2,3724.2892,2,2,2,222,Needs Attention
19917,4378,2,3723.1953,2,2,2,222,Needs Attention
14421,4486,2,3723.1953,3,1,2,312,Potential Loyalist
14440,4490,2,3720.9521,3,1,2,312,Potential Loyalist
24585,4507,2,3719.4549,4,1,2,412,Potential Loyalist
14298,4518,2,3719.0626,4,1,2,412,Potential Loyalist
14451,4498,2,3715.7918,3,1,2,312,Potential Loyalist
14374,4539,2,3715.7918,4,1,2,412,Potential Loyalist
26276,4368,2,3714.9197,1,2,2,122,Needs Attention
23105,4689,2,3714.4935,5,1,2,512,Potential Loyalist
14112,4536,2,3714.3332,4,2,2,422,Potential Loyalist
14411,4481,2,3713.2613,3,1,2,312,Potential Loyalist
14481,4481,2,3713.2613,3,1,2,312,Potential Loyalist
19918,4328,2,3713.2503,1,2,2,122,Needs Attention
14457,4483,2,3712.6867,3,1,2,312,Potential Loyalist
14044,4535,2,3710.2778,4,2,2,422,Potential Loyalist
14464,4506,2,3710.2778,4,1,2,412,Potential Loyalist
26302,4341,2,3709.9362,1,2,2,122,Needs Attention
14400,4495,2,3709.9242,3,1,2,312,Potential Loyalist
24372,4511,2,3708.427,4,1,2,412,Potential Loyalist
24485,4495,2,3708.427,3,1,2,312,Potential Loyalist
24465,4535,2,3708.427,4,2,2,422,Potential Loyalist
24457,4525,2,3708.427,4,2,2,422,Potential Loyalist
14471,4498,2,3707.7474,3,1,2,312,Potential Loyalist
14449,4507,2,3707.7363,4,1,2,412,Potential Loyalist
26296,4332,2,3707.5398,1,2,2,122,Needs Attention
19916,4370,2,3706.5982,2,2,2,222,Needs Attention
29926,4478,3,3704.5709,3,1,2,312,Potential Loyalist
29547,4478,3,3704.5709,3,1,2,312,Potential Loyalist
14117,4526,2,3704.3992,4,2,2,422,Potential Loyalist
14438,4483,2,3704.3992,3,1,2,312,Potential Loyalist
14356,4533,2,3704.3992,4,2,2,422,Potential Loyalist
14288,4522,2,3703.2942,4,2,2,422,Potential Loyalist
14242,4536,2,3703.2942,4,2,2,422,Potential Loyalist
17188,4477,2,3702.2113,3,1,2,312,Potential Loyalist
14484,4507,2,3696.6642,4,1,2,412,Potential Loyalist
18176,4429,2,3696.6642,3,2,2,322,Potential Loyalist
14394,4487,2,3695.8907,3,1,2,312,Potential Loyalist
18183,4438,2,3694.41,3,2,2,322,Potential Loyalist
14477,4482,2,3693.3603,3,1,2,312,Potential Loyalist
14256,4529,2,3693.3603,4,2,2,422,Potential Loyalist
14433,4502,2,3693.3603,4,1,2,412,Potential Loyalist
13057,4381,2,3692.7001,2,2,2,222,Needs Attention
14813,4342,2,3692.7001,1,2,2,122,Needs Attention
26298,4349,2,3690.9869,1,2,2,122,Needs Attention
19029,4437,2,3690.0453,3,2,2,322,Potential Loyalist
20054,4589,2,3688.5323,5,1,2,512,Potential Loyalist
14357,4528,2,3688.1668,4,2,2,422,Potential Loyalist
23531,4626,2,3687.6972,5,1,2,512,Potential Loyalist
23532,4619,2,3687.432,5,1,2,512,Potential Loyalist
23523,4628,2,3687.432,5,1,2,512,Potential Loyalist
23542,4583,2,3687.432,4,1,2,412,Potential Loyalist
23417,4603,2,3687.432,5,1,2,512,Potential Loyalist
23546,4577,2,3687.432,4,1,2,412,Potential Loyalist
23574,4563,2,3687.432,4,2,2,422,Potential Loyalist
23541,4574,2,3687.432,4,2,2,422,Potential Loyalist
24478,4483,2,3687.432,3,1,2,312,Potential Loyalist
24466,4535,2,3687.432,4,2,2,422,Potential Loyalist
24467,4537,2,3687.432,4,1,2,412,Potential Loyalist
23573,4543,2,3687.432,4,1,2,412,Potential Loyalist
23311,4658,2,3687.432,5,1,2,512,Potential Loyalist
14297,4511,2,3685.6363,4,1,2,412,Potential Loyalist
19911,4379,2,3685.6253,2,2,2,222,Needs Attention
26281,4341,2,3685.4398,1,2,2,122,Needs Attention
26120,4358,2,3685.4398,1,2,2,122,Needs Attention
23310,4683,2,3683.3214,5,1,2,512,Potential Loyalist
18185,4436,2,3682.2882,3,2,2,322,Potential Loyalist
24365,4568,2,3680.791,4,2,2,422,Potential Loyalist
17195,4476,2,3680.3876,3,1,2,312,Potential Loyalist
14380,4514,2,3680.1224,4,1,2,412,Potential Loyalist
14381,4522,2,3680.1113,4,2,2,422,Potential Loyalist
18164,4420,2,3680.1113,2,2,2,222,Needs Attention
19057,4411,2,3671.6028,2,2,2,222,Needs Attention
19034,4426,2,3671.6028,3,2,2,322,Potential Loyalist
26277,4356,2,3669.9919,1,2,2,122,Needs Attention
26303,4328,2,3669.9919,1,2,2,122,Needs Attention
19035,4396,2,3669.0724,2,2,2,222,Needs Attention
19046,4400,2,3669.0724,2,2,2,222,Needs Attention
14377,4533,2,3669.0724,4,2,2,422,Potential Loyalist
14412,4503,2,3669.0724,4,1,2,412,Potential Loyalist
14420,4508,2,3669.0724,4,1,2,412,Potential Loyalist
26241,4380,2,3668.8759,2,2,2,222,Needs Attention
14292,4513,2,3668.2657,4,1,2,412,Potential Loyalist
14121,4531,2,3668.2657,4,2,2,422,Potential Loyalist
14005,4538,2,3667.9342,4,1,2,412,Potential Loyalist
18171,4447,2,3667.9342,3,2,2,322,Potential Loyalist
17196,4460,2,3666.785,3,2,2,322,Potential Loyalist
19038,4415,2,3666.785,2,2,2,222,Needs Attention
14116,4518,2,3665.7353,4,1,2,412,Potential Loyalist
14485,4497,2,3660.5307,3,1,2,312,Potential Loyalist
14439,4490,2,3660.5307,3,1,2,312,Potential Loyalist
17187,4478,2,3658.0003,3,1,2,312,Potential Loyalist
14461,4496,2,3658.0003,3,1,2,312,Potential Loyalist
14486,4509,2,3658.0003,4,1,2,412,Potential Loyalist
19040,4417,2,3658.0003,2,2,2,222,Needs Attention
19030,4427,2,3658.0003,3,2,2,322,Potential Loyalist
26285,4348,2,3656.7098,1,2,2,122,Needs Attention
26286,4339,2,3655.526,1,2,2,122,Needs Attention
24281,4557,2,3648.7681,4,2,2,422,Potential Loyalist
23575,4549,2,3648.7681,4,2,2,422,Potential Loyalist
24461,4537,2,3648.7681,4,1,2,412,Potential Loyalist
24460,4539,2,3648.7681,4,1,2,412,Potential Loyalist
24505,4497,2,3648.7681,3,1,2,312,Potential Loyalist
24477,4504,2,3648.7681,4,1,2,412,Potential Loyalist
23525,4607,2,3648.7681,5,1,2,512,Potential Loyalist
26121,4364,2,3646.7759,1,2,2,122,Needs Attention
26252,4366,2,3646.7412,1,2,2,122,Needs Attention
26295,4353,2,3645.3268,1,2,2,122,Needs Attention
26238,4378,2,3645.3268,2,2,2,222,Needs Attention
26280,4337,2,3645.3268,1,2,2,122,Needs Attention
26300,4352,2,3645.3268,1,2,2,122,Needs Attention
14115,4530,2,3643.9778,4,2,2,422,Potential Loyalist
14006,4537,2,3641.4474,4,1,2,412,Potential Loyalist
14239,4537,2,3641.4474,4,1,2,412,Potential Loyalist
14392,4480,2,3641.4474,3,1,2,312,Potential Loyalist
13999,4517,2,3641.4474,4,1,2,412,Potential Loyalist
17206,4469,2,3641.4474,3,1,2,312,Potential Loyalist
19065,4415,2,3641.4474,2,2,2,222,Needs Attention
26290,4342,2,3641.2619,1,2,2,122,Needs Attention
26234,4381,2,3638.6968,2,2,2,222,Needs Attention
13056,4406,2,3637.4612,2,2,2,222,Needs Attention
14170,4477,2,3637.4612,3,1,2,312,Potential Loyalist
16531,4346,2,3637.4391,1,2,2,122,Needs Attention
16461,4363,2,3632.4887,1,2,2,122,Needs Attention
14802,4382,2,3632.4887,2,2,2,222,Needs Attention
26297,4335,2,3632.0447,1,2,2,122,Needs Attention
20879,4425,2,3629.1516,2,2,2,222,Needs Attention
20718,4386,2,3628.1902,2,2,2,222,Needs Attention
13039,4434,2,3627.5272,3,2,2,322,Potential Loyalist
16275,4468,2,3627.5272,3,2,2,322,Potential Loyalist
13979,4603,2,3627.5272,5,1,2,512,Potential Loyalist
13870,4639,2,3627.5272,5,1,2,512,Potential Loyalist
13984,4622,2,3627.5272,5,1,2,512,Potential Loyalist
13882,4654,2,3627.5051,5,1,2,512,Potential Loyalist
13917,4630,2,3627.5051,5,1,2,512,Potential Loyalist
14141,4484,2,3627.5051,3,1,2,312,Potential Loyalist
16324,4650,2,3627.5051,5,1,2,512,Potential Loyalist
13745,4681,2,3627.5051,5,1,2,512,Potential Loyalist
20931,4348,2,3616.8529,1,2,2,122,Needs Attention
26305,4340,2,3616.5968,1,2,2,122,Needs Attention
16329,4428,2,3615.6595,3,2,2,322,Potential Loyalist
14539,4419,2,3615.3612,2,2,2,222,Needs Attention
16444,4620,2,3615.3612,5,1,2,512,Potential Loyalist
16465,4385,2,3615.328,2,2,2,222,Needs Attention
20811,4538,2,3613.7037,4,1,2,412,Potential Loyalist
20209,4407,2,3611.7459,2,2,2,222,Needs Attention
17792,4466,2,3609.8251,3,2,2,322,Potential Loyalist
29839,4357,4,3609.1572,1,1,2,112,Lost
20150,4593,2,3606.7402,5,1,2,512,Potential Loyalist
26304,4337,2,3606.6629,1,2,2,122,Needs Attention
16945,4337,2,3605.4272,1,2,2,122,Needs Attention
17966,4360,2,3605.4272,1,2,2,122,Needs Attention
14169,4460,2,3605.4272,3,2,2,322,Potential Loyalist
14779,4401,2,3605.4272,2,2,2,222,Needs Attention
17828,4444,2,3605.4272,3,2,2,322,Potential Loyalist
13812,4537,2,3605.4272,4,1,2,412,Potential Loyalist
13801,4549,2,3605.4272,4,2,2,422,Potential Loyalist
16512,4556,2,3605.4272,4,2,2,422,Potential Loyalist
13800,4555,2,3605.4272,4,2,2,422,Potential Loyalist
16405,4646,2,3605.4272,5,1,2,512,Potential Loyalist
20712,4530,2,3603.7697,4,2,2,422,Potential Loyalist
20863,4455,2,3603.7697,3,2,2,322,Potential Loyalist
16509,4379,2,3600.963,2,2,2,222,Needs Attention
16407,4401,2,3591.3716,2,2,2,222,Needs Attention
17793,4437,2,3591.3716,3,2,2,322,Potential Loyalist
13746,4667,2,3591.3716,5,1,2,512,Potential Loyalist
20807,4328,2,3590.4876,1,2,2,122,Needs Attention
13854,4650,2,3588.8412,5,1,2,512,Potential Loyalist
15346,4467,2,3588.2113,3,2,2,322,Potential Loyalist
20546,4372,2,3587.4359,2,2,2,222,Needs Attention
20656,4372,2,3586.7191,2,2,2,222,Needs Attention
15845,4432,2,3585.6809,3,2,2,322,Potential Loyalist
15780,4432,2,3585.6809,3,2,2,322,Potential Loyalist
16445,4379,2,3583.3272,2,2,2,222,Needs Attention
13839,4520,2,3583.3272,4,1,2,412,Potential Loyalist
16410,4407,2,3583.2609,2,2,2,222,Needs Attention
20318,4390,2,3582.2991,2,2,2,222,Needs Attention
28751,4335,2,3581.172,1,2,2,122,Needs Attention
20892,4410,2,3580.5537,2,2,2,222,Needs Attention
20717,4511,2,3580.5537,4,1,2,412,Potential Loyalist
20710,4574,2,3580.5537,4,2,2,422,Potential Loyalist
20711,4544,2,3580.5537,4,2,2,422,Potential Loyalist
20862,4488,2,3580.5537,3,1,2,312,Potential Loyalist
15944,4448,2,3574.6088,3,2,2,322,Potential Loyalist
20864,4433,2,3573.8905,3,2,2,322,Potential Loyalist
20921,4389,2,3573.8905,2,2,2,222,Needs Attention
20917,4394,2,3573.8905,2,2,2,222,Needs Attention
20670,4340,2,3567.568,1,2,2,122,Needs Attention
20373,4378,2,3565.7241,2,2,2,222,Needs Attention
20350,4378,2,3565.7241,2,2,2,222,Needs Attention
28520,4373,2,3565.7241,2,2,2,222,Needs Attention
20188,4391,2,3565.7241,2,2,2,222,Needs Attention
20922,4378,2,3565.1058,2,2,2,222,Needs Attention
20825,4499,2,3565.1058,3,1,2,312,Potential Loyalist
21148,4349,2,3562.054,1,2,2,122,Needs Attention
21284,4332,2,3562.054,1,2,2,122,Needs Attention
15852,4437,2,3561.393,3,2,2,322,Potential Loyalist
15499,4451,2,3561.393,3,2,2,322,Potential Loyalist
13925,4623,2,3558.973,5,1,2,512,Potential Loyalist
20680,4330,2,3557.634,1,2,2,122,Needs Attention
20208,4417,2,3557.634,2,2,2,222,Needs Attention
28562,4378,2,3557.2046,2,2,2,222,Needs Attention
28756,4353,2,3556.5069,1,2,2,122,Needs Attention
16820,4347,2,3555.658,1,2,2,122,Needs Attention
28553,4387,2,3554.6741,2,2,2,222,Needs Attention
20052,4612,2,3551.5013,5,1,2,512,Potential Loyalist
28506,4389,2,3550.993,2,2,2,222,Needs Attention
28750,4333,2,3550.993,1,2,2,122,Needs Attention
15203,4459,2,3548.6523,3,2,2,322,Potential Loyalist
15781,4438,2,3546.9838,3,2,2,322,Potential Loyalist
15193,4451,2,3546.9727,3,2,2,322,Potential Loyalist
20206,4390,2,3541.059,2,2,2,222,Needs Attention
28713,4343,2,3541.059,1,2,2,122,Needs Attention
21305,4337,2,3541.059,1,2,2,122,Needs Attention
28569,4374,2,3541.059,2,2,2,222,Needs Attention
15328,4459,2,3535.3813,3,2,2,322,Potential Loyalist
15534,4442,2,3535.3813,3,2,2,322,Potential Loyalist
20651,4380,2,3534.418,2,2,2,222,Needs Attention
15851,4442,2,3534.2984,3,2,2,322,Potential Loyalist
15348,4466,2,3534.2873,3,2,2,322,Potential Loyalist
15501,4461,2,3533.768,3,2,2,322,Potential Loyalist
15992,4447,2,3530.3977,3,2,2,322,Potential Loyalist
20736,4335,2,3530.009,1,2,2,122,Needs Attention
16836,4338,2,3529.138,1,2,2,122,Needs Attention
20186,4413,2,3527.0602,2,2,2,222,Needs Attention
28740,4357,2,3527.0602,1,2,2,122,Needs Attention
20165,4440,2,3526.5172,3,2,2,322,Potential Loyalist
19910,4410,2,3523.2484,2,2,2,222,Needs Attention
11089,4368,2,3523.0494,2,2,2,222,Needs Attention
15379,4465,2,3518.8063,3,2,2,322,Potential Loyalist
15364,4472,2,3518.2538,3,1,2,312,Potential Loyalist
11264,4356,2,3516.4084,1,2,2,122,Needs Attention
15491,4478,2,3515.5134,3,1,2,312,Potential Loyalist
20173,4586,2,3515.3678,5,1,2,512,Potential Loyalist
15167,4464,2,3514.9388,3,2,2,322,Potential Loyalist
15484,4452,2,3513.8448,3,2,2,322,Potential Loyalist
15985,4445,2,3513.8448,3,2,2,322,Potential Loyalist
15770,4439,2,3513.8227,3,2,2,322,Potential Loyalist
15888,4432,2,3512.7398,3,2,2,322,Potential Loyalist
15371,4477,2,3512.7398,3,1,2,312,Potential Loyalist
15367,4472,2,3511.6459,3,1,2,312,Potential Loyalist
15778,4426,2,3511.6459,3,2,2,322,Potential Loyalist
15374,4457,2,3511.6459,3,2,2,322,Potential Loyalist
19076,4404,2,3511.6459,2,2,2,222,Needs Attention
19903,4372,2,3511.6238,2,2,2,222,Needs Attention
20170,4401,2,3511.0693,2,2,2,222,Needs Attention
11088,4374,2,3510.3419,2,2,2,222,Needs Attention
15771,4422,2,3508.3198,2,2,2,222,Needs Attention
15952,4438,2,3508.3198,3,2,2,322,Potential Loyalist
15194,4460,2,3507.2038,3,2,2,322,Potential Loyalist
21517,4355,2,3506.1319,1,2,2,122,Needs Attention
15521,4437,2,3506.1098,3,2,2,322,Potential Loyalist
19924,4395,2,3505.0048,2,2,2,222,Needs Attention
15429,4477,2,3503.0711,3,1,2,312,Potential Loyalist
16339,4683,2,3502.3951,5,1,2,512,Potential Loyalist
20669,4352,2,3502.3951,1,2,2,122,Needs Attention
20468,4368,2,3502.3951,2,2,2,222,Needs Attention
23992,4474,2,3500.4412,3,1,2,312,Potential Loyalist
20149,4472,2,3497.7872,3,1,2,312,Potential Loyalist
16678,4452,2,3494.3526,3,2,2,322,Potential Loyalist
20560,4380,2,3493.9438,2,2,2,222,Needs Attention
15769,4441,2,3491.7448,3,2,2,322,Potential Loyalist
15196,4474,2,3491.1813,3,1,2,312,Potential Loyalist
15949,4449,2,3489.5569,3,2,2,322,Potential Loyalist
15976,4433,2,3489.5569,3,2,2,322,Potential Loyalist
20866,4341,2,3489.5569,1,2,2,122,Needs Attention
15195,4453,2,3486.2198,3,2,2,322,Potential Loyalist
15500,4453,2,3485.1148,3,2,2,322,Potential Loyalist
20555,4379,2,3485.1148,2,2,2,222,Needs Attention
15320,4462,2,3484.0209,3,2,2,322,Potential Loyalist
15481,4461,2,3484.0209,3,2,2,322,Potential Loyalist
15389,4456,2,3484.0209,3,2,2,322,Potential Loyalist
15842,4433,2,3484.0209,3,2,2,322,Potential Loyalist
15322,4459,2,3484.0098,3,2,2,322,Potential Loyalist
21508,4344,2,3484.0098,1,2,2,122,Needs Attention
14602,4503,2,3481.3448,4,1,2,412,Potential Loyalist
20042,4628,2,3481.1901,5,1,2,512,Potential Loyalist
20172,4361,2,3481.1901,1,2,2,122,Needs Attention
20164,4429,2,3481.1901,3,2,2,322,Potential Loyalist
20049,4455,2,3481.1901,3,2,2,322,Potential Loyalist
15918,4422,2,3480.6948,2,2,2,222,Needs Attention
15972,4419,2,3479.5788,2,2,2,222,Needs Attention
15155,4507,2,3479.5788,4,1,2,412,Potential Loyalist
15399,4452,2,3478.7832,3,2,2,322,Potential Loyalist
20576,4353,2,3478.4959,1,2,2,122,Needs Attention
15396,4452,2,3478.4848,3,2,2,322,Potential Loyalist
15934,4439,2,3478.4848,3,2,2,322,Potential Loyalist
15350,4455,2,3475.5124,3,2,2,322,Potential Loyalist
15380,4462,2,3475.5124,3,2,2,322,Potential Loyalist
15937,4419,2,3475.5124,2,2,2,222,Needs Attention
15843,4432,2,3472.9819,3,2,2,322,Potential Loyalist
15200,4470,2,3472.9819,3,1,2,312,Potential Loyalist
20060,4471,2,3472.4054,3,1,2,312,Potential Loyalist
20048,4481,2,3472.4054,3,1,2,312,Potential Loyalist
20167,4422,2,3472.4054,2,2,2,222,Needs Attention
16103,4473,2,3472.2636,3,1,2,312,Potential Loyalist
15365,4463,2,3472.1642,3,2,2,322,Potential Loyalist
15989,4440,2,3470.7167,3,2,2,322,Potential Loyalist
15739,4448,2,3469.9984,3,2,2,322,Potential Loyalist
19052,4390,2,3469.9984,2,2,2,222,Needs Attention
20584,4361,2,3469.9984,1,2,2,122,Needs Attention
15349,4474,2,3469.6338,3,1,2,312,Potential Loyalist
20561,4337,2,3468.6926,1,2,2,122,Needs Attention
19033,4392,2,3468.6705,2,2,2,222,Needs Attention
19945,4366,2,3467.4569,1,2,2,122,Needs Attention
19922,4382,2,3467.4569,2,2,2,222,Needs Attention
11083,4378,2,3466.7387,2,2,2,222,Needs Attention
11168,4370,2,3465.932,2,2,2,222,Needs Attention
15329,4464,2,3464.1198,3,2,2,322,Potential Loyalist
15983,4448,2,3464.1198,3,2,2,322,Potential Loyalist
15394,4451,2,3464.1198,3,2,2,322,Potential Loyalist
15844,4423,2,3464.1198,2,2,2,222,Needs Attention
15302,4469,2,3464.1198,3,1,2,312,Potential Loyalist
15899,4449,2,3463.0148,3,2,2,322,Potential Loyalist
15398,4465,2,3461.9319,3,2,2,322,Potential Loyalist
20548,4365,2,3460.8048,1,2,2,122,Needs Attention
19899,4390,2,3456.3848,2,2,2,222,Needs Attention
15369,4468,2,3456.3848,3,2,2,322,Potential Loyalist
15411,4455,2,3456.3848,3,2,2,322,Potential Loyalist
15388,4478,2,3456.3848,3,1,2,312,Potential Loyalist
15961,4433,2,3455.6113,3,2,2,322,Potential Loyalist
15991,4443,2,3455.6113,3,2,2,322,Potential Loyalist
20590,4371,2,3455.6113,2,2,2,222,Needs Attention
11167,4358,2,3454.5947,1,2,2,122,Needs Attention
19931,4378,2,3454.1306,2,2,2,222,Needs Attention
15667,4372,2,3453.4787,2,2,2,222,Needs Attention
20556,4384,2,3453.0809,2,2,2,222,Needs Attention
15540,4419,2,3453.0809,2,2,2,222,Needs Attention
15984,4421,2,3453.0809,2,2,2,222,Needs Attention
15768,4423,2,3453.0809,2,2,2,222,Needs Attention
15166,4491,2,3453.0809,3,1,2,312,Potential Loyalist
15482,4475,2,3452.5173,3,1,2,312,Potential Loyalist
15873,4431,2,3451.9427,3,2,2,322,Potential Loyalist
17815,4517,2,3451.777,4,1,2,412,Potential Loyalist
15417,4469,2,3447.8874,3,1,2,312,Potential Loyalist
15483,4471,2,3447.8874,3,1,2,312,Potential Loyalist
16754,4476,2,3446.0531,3,1,2,312,Potential Loyalist
15959,4438,2,3445.3569,3,2,2,322,Potential Loyalist
15542,4438,2,3445.3459,3,2,2,322,Potential Loyalist
15954,4433,2,3445.3459,3,2,2,322,Potential Loyalist
15964,4426,2,3445.3459,3,2,2,322,Potential Loyalist
21509,4334,2,3445.3459,1,2,2,122,Needs Attention
15492,4459,2,3444.7823,3,2,2,322,Potential Loyalist
15737,4449,2,3444.5392,3,2,2,322,Potential Loyalist
19930,4361,2,3442.3734,1,2,2,122,Needs Attention
15280,4459,2,3442.0088,3,2,2,322,Potential Loyalist
15351,4464,2,3442.0088,3,2,2,322,Potential Loyalist
15404,4467,2,3442.0088,3,2,2,322,Potential Loyalist
15518,4439,2,3442.0088,3,2,2,322,Potential Loyalist
15897,4445,2,3442.0088,3,2,2,322,Potential Loyalist
20569,4343,2,3441.0344,1,2,2,122,Needs Attention
20592,4341,2,3440.1082,1,2,2,122,Needs Attention
15517,4452,2,3439.843,3,2,2,322,Potential Loyalist
15321,4472,2,3439.843,3,1,2,312,Potential Loyalist
19943,4380,2,3439.8319,2,2,2,222,Needs Attention
15568,4419,2,3439.8319,2,2,2,222,Needs Attention
19069,4403,2,3439.8319,2,2,2,222,Needs Attention
11042,4400,2,3439.1247,2,2,2,222,Needs Attention
11082,4380,2,3437.4451,2,2,2,222,Needs Attention
16938,4332,2,3436.6081,1,2,2,122,Needs Attention
16406,4659,2,3436.6081,5,1,2,512,Potential Loyalist
15969,4436,2,3436.4948,3,2,2,322,Potential Loyalist
15965,4431,2,3435.3898,3,2,2,322,Potential Loyalist
16491,4462,2,3432.4947,3,2,2,322,Potential Loyalist
15372,4461,2,3431.3234,3,2,2,322,Potential Loyalist
20549,4388,2,3431.3234,2,2,2,222,Needs Attention
19944,4369,2,3431.3234,2,2,2,222,Needs Attention
15941,4438,2,3431.3234,3,2,2,322,Potential Loyalist
15841,4445,2,3431.3234,3,2,2,322,Potential Loyalist
19051,4396,2,3430.548,2,2,2,222,Needs Attention
17933,4492,2,3429.1576,3,1,2,312,Potential Loyalist
15419,4478,2,3428.793,3,1,2,312,Potential Loyalist
15915,4419,2,3428.793,2,2,2,222,Needs Attention
13722,4400,2,3428.5941,2,2,2,222,Needs Attention
21516,4345,2,3427.9863,1,2,2,122,Needs Attention
15345,4476,2,3427.6548,3,1,2,312,Potential Loyalist
16098,4462,2,3426.9255,3,2,2,322,Potential Loyalist
14664,4490,2,3426.1059,3,1,2,312,Potential Loyalist
29604,4418,8,3425.9024,2,1,2,212,Needs Attention
15493,4465,2,3425.4559,3,2,2,322,Potential Loyalist
15565,4420,2,3425.4559,2,2,2,222,Needs Attention
20598,4373,2,3425.4559,2,2,2,222,Needs Attention
15535,4445,2,3425.4559,3,2,2,322,Potential Loyalist
15968,4423,2,3425.4559,2,2,2,222,Needs Attention
15990,4427,2,3425.4559,3,2,2,322,Potential Loyalist
15455,4404,2,3424.7155,2,2,2,222,Needs Attention
13855,4633,2,3420.5524,5,1,2,512,Potential Loyalist
20575,4341,2,3420.0173,1,2,2,122,Needs Attention
16446,4383,2,3417.801,2,2,2,222,Needs Attention
15948,4435,2,3417.7209,3,2,2,322,Potential Loyalist
13085,4530,2,3414.2291,4,2,2,422,Potential Loyalist
13059,4691,2,3414.2291,5,1,2,512,Potential Loyalist
15666,4375,2,3413.6766,2,2,2,222,Needs Attention
19041,4407,2,3413.4315,2,2,2,222,Needs Attention
15750,4423,2,3412.2069,2,2,2,222,Needs Attention
15462,4400,2,3410.9362,2,2,2,222,Needs Attention
13849,4680,2,3408.4195,5,1,2,512,Potential Loyalist
14656,4496,2,3407.8844,3,1,2,312,Potential Loyalist
13889,4634,2,3407.8449,5,1,2,512,Potential Loyalist
13939,4622,2,3407.8449,5,1,2,512,Potential Loyalist
13055,4441,2,3407.8449,3,2,2,322,Potential Loyalist
18000,4400,2,3403.7205,2,2,2,222,Needs Attention
17753,4549,2,3403.7205,4,2,2,422,Potential Loyalist
15199,4459,2,3403.6984,3,2,2,322,Potential Loyalist
19902,4393,2,3403.6984,2,2,2,222,Needs Attention
20577,4352,2,3403.6984,1,2,2,122,Needs Attention
15914,4440,2,3403.6984,3,2,2,322,Potential Loyalist
15840,4434,2,3403.6984,3,2,2,322,Potential Loyalist
15023,4483,2,3402.923,3,1,2,312,Potential Loyalist
11084,4365,2,3401.8641,1,2,2,122,Needs Attention
13716,4429,2,3401.5326,3,2,2,322,Potential Loyalist
19941,4350,2,3401.2544,1,2,2,122,Needs Attention
15569,4422,2,3401.168,2,2,2,222,Needs Attention
15980,4434,2,3401.168,3,2,2,322,Potential Loyalist
15303,4450,2,3401.168,3,2,2,322,Potential Loyalist
15480,4458,2,3401.168,3,2,2,322,Potential Loyalist
29943,4357,3,3400.8402,1,1,2,112,Lost
29537,4357,3,3399.2753,1,1,2,112,Lost
14601,4498,2,3399.0444,3,1,2,312,Potential Loyalist
14657,4501,2,3399.0444,3,1,2,312,Potential Loyalist
13806,4542,2,3398.4303,4,1,2,412,Potential Loyalist
17639,4491,2,3397.911,3,1,2,312,Potential Loyalist
20567,4355,2,3396.8565,1,2,2,122,Needs Attention
15004,4474,2,3396.0076,3,1,2,312,Potential Loyalist
23993,4472,2,3394.9137,3,1,2,312,Potential Loyalist
16946,4332,2,3393.491,1,2,2,122,Needs Attention
16452,4378,2,3393.4689,2,2,2,222,Needs Attention
14796,4361,2,3393.4689,1,2,2,122,Needs Attention
13938,4614,2,3393.4689,5,1,2,512,Potential Loyalist
17937,4473,2,3391.0462,3,1,2,312,Potential Loyalist
16810,4388,2,3386.4162,2,2,2,222,Needs Attention
18175,4422,2,3385.7955,2,2,2,222,Needs Attention
18143,4440,2,3384.6794,3,2,2,322,Potential Loyalist
19028,4404,2,3384.6794,2,2,2,222,Needs Attention
13779,4582,2,3384.6178,4,1,2,412,Potential Loyalist
16758,4456,2,3383.8858,3,2,2,322,Potential Loyalist
13718,4424,2,3383.8747,2,2,2,222,Needs Attention
23321,4494,2,3382.2062,3,1,2,312,Potential Loyalist
13871,4636,2,3381.8774,5,1,2,512,Potential Loyalist
13067,4571,2,3380.5376,4,2,2,422,Potential Loyalist
20564,4351,2,3380.2815,1,2,2,122,Needs Attention
14926,4617,2,3379.4326,5,1,2,512,Potential Loyalist
14998,4471,2,3379.4326,3,1,2,312,Potential Loyalist
17798,4517,2,3379.4326,4,1,2,412,Potential Loyalist
16201,4488,2,3379.1039,3,1,2,312,Potential Loyalist
16654,4471,2,3377.2336,3,1,2,312,Potential Loyalist
14596,4487,2,3376.9334,3,1,2,312,Potential Loyalist
14599,4501,2,3374.7565,3,1,2,312,Potential Loyalist
15674,4383,2,3373.9187,2,2,2,222,Needs Attention
26115,4492,2,3373.3441,3,1,2,312,Potential Loyalist
30038,4357,4,3373.0239,1,1,2,112,Lost
24179,4442,2,3372.8026,3,2,2,322,Potential Loyalist
22580,4536,2,3371.6976,4,2,2,422,Potential Loyalist
15003,4459,2,3368.6589,3,2,2,322,Potential Loyalist
15649,4402,2,3368.3826,2,2,2,222,Needs Attention
15659,4399,2,3367.8301,2,2,2,222,Needs Attention
24165,4465,2,3366.7583,3,2,2,322,Potential Loyalist
24160,4464,2,3366.7583,3,2,2,322,Potential Loyalist
25048,4610,2,3366.7583,5,1,2,512,Potential Loyalist
13915,4629,2,3365.3135,5,1,2,512,Potential Loyalist
13747,4670,2,3365.3135,5,1,2,512,Potential Loyalist
17948,4464,2,3365.0566,3,2,2,322,Potential Loyalist
17896,4506,2,3364.493,4,1,2,412,Potential Loyalist
29567,4388,4,3363.9539,2,1,2,212,Needs Attention
18163,4426,2,3363.6844,3,2,2,322,Potential Loyalist
17968,4453,2,3362.8797,3,2,2,322,Potential Loyalist
17889,4485,2,3362.8797,3,1,2,312,Potential Loyalist
18137,4439,2,3362.5794,3,2,2,322,Potential Loyalist
13884,4648,2,3362.5178,5,1,2,512,Potential Loyalist
23322,4481,2,3362.3162,3,1,2,312,Potential Loyalist
24176,4439,2,3362.3162,3,2,2,322,Potential Loyalist
24007,4458,2,3362.3162,3,2,2,322,Potential Loyalist
17969,4444,2,3359.5426,3,2,2,322,Potential Loyalist
14944,4537,2,3359.5426,4,1,2,412,Potential Loyalist
14584,4491,2,3359.2423,3,1,2,312,Potential Loyalist
30018,4418,8,3358.5076,2,1,2,212,Needs Attention
17790,4561,2,3358.4376,4,2,2,422,Potential Loyalist
16267,4364,2,3356.2497,1,2,2,122,Needs Attention
16546,4343,2,3355.3685,1,2,2,122,Needs Attention
14510,4486,2,3355.187,3,1,2,312,Potential Loyalist
14603,4481,2,3352.6455,3,1,2,312,Potential Loyalist
19942,4337,2,3352.6455,1,2,2,122,Needs Attention
20552,4353,2,3352.6455,1,2,2,122,Needs Attention
18132,4438,2,3352.6455,3,2,2,322,Potential Loyalist
18621,4622,2,3351.8297,5,1,2,512,Potential Loyalist
13066,4613,2,3351.8076,5,1,2,512,Potential Loyalist
13714,4469,2,3351.8076,3,1,2,312,Potential Loyalist
21359,4549,2,3350.7026,4,2,2,422,Potential Loyalist
13058,4670,2,3350.7026,5,1,2,512,Potential Loyalist
13877,4632,2,3348.186,5,1,2,512,Potential Loyalist
16561,4335,2,3348.186,1,2,2,122,Needs Attention
19027,4415,2,3347.1315,2,2,2,222,Needs Attention
16541,4346,2,3345.9649,1,2,2,122,Needs Attention
18627,4511,2,3345.1887,4,1,2,412,Potential Loyalist
15622,4417,2,3345.1887,2,2,2,222,Needs Attention
17849,4446,2,3343.2135,3,2,2,322,Potential Loyalist
29752,4388,3,3342.4645,2,1,2,212,Needs Attention
14648,4507,2,3341.5402,4,1,2,412,Potential Loyalist
18131,4439,2,3338.623,3,2,2,322,Potential Loyalist
16272,4464,2,3338.252,3,2,2,322,Potential Loyalist
13793,4598,2,3338.252,5,1,2,512,Potential Loyalist
13892,4628,2,3338.252,5,1,2,512,Potential Loyalist
13927,4611,2,3338.252,5,1,2,512,Potential Loyalist
13906,4608,2,3338.252,5,1,2,512,Potential Loyalist
16470,4559,2,3338.252,4,2,2,422,Potential Loyalist
17782,4494,2,3338.252,3,1,2,312,Potential Loyalist
13883,4660,2,3338.252,5,1,2,512,Potential Loyalist
13662,4673,2,3338.252,5,1,2,512,Potential Loyalist
17627,4520,2,3338.2299,4,1,2,412,Potential Loyalist
14555,4399,2,3338.2299,2,2,2,222,Needs Attention
16428,4412,2,3338.2299,2,2,2,222,Needs Attention
17097,4351,2,3338.2299,1,2,2,122,Needs Attention
16318,4445,2,3338.2299,3,2,2,322,Potential Loyalist
17813,4534,2,3337.4316,4,2,2,422,Potential Loyalist
20558,4344,2,3336.0926,1,2,2,122,Needs Attention
19904,4408,2,3335.2859,2,2,2,222,Needs Attention
24274,4389,2,3335.2547,2,2,2,222,Needs Attention
24170,4437,2,3335.2547,3,2,2,322,Potential Loyalist
13705,4455,2,3335.2547,3,2,2,322,Potential Loyalist
21001,4570,2,3335.2547,4,2,2,422,Potential Loyalist
22175,4568,2,3335.2547,4,2,2,422,Potential Loyalist
22412,4528,2,3335.2547,4,2,2,422,Potential Loyalist
22575,4529,2,3335.2547,4,2,2,422,Potential Loyalist
22406,4534,2,3335.2547,4,2,2,422,Potential Loyalist
25981,4525,2,3335.2547,4,2,2,422,Potential Loyalist
26040,4501,2,3335.2547,3,1,2,312,Potential Loyalist
25104,4588,2,3335.2547,5,1,2,512,Potential Loyalist
17978,4347,2,3334.9039,1,2,2,122,Needs Attention
14154,4454,2,3334.8928,3,2,2,322,Potential Loyalist
17644,4685,2,3334.1497,5,1,2,512,Potential Loyalist
14538,4432,2,3333.7989,3,2,2,322,Potential Loyalist
19901,4404,2,3332.7555,2,2,2,222,Needs Attention
14585,4486,2,3332.7555,3,1,2,312,Potential Loyalist
14572,4487,2,3332.7555,3,1,2,312,Potential Loyalist
16271,4341,2,3330.8126,1,2,2,122,Needs Attention
13840,4481,2,3326.086,3,1,2,312,Potential Loyalist
13799,4593,2,3326.086,5,1,2,512,Potential Loyalist
16277,4472,2,3326.086,3,1,2,312,Potential Loyalist
24960,4611,2,3324.7462,5,1,2,512,Potential Loyalist
17115,4528,2,3323.8649,4,2,2,422,Potential Loyalist
22174,4570,2,3323.6522,4,2,2,422,Potential Loyalist
23100,4497,2,3322.8677,3,1,2,312,Potential Loyalist
24171,4429,2,3321.9726,3,2,2,322,Potential Loyalist
24162,4472,2,3320.3372,3,1,2,312,Potential Loyalist
14524,4473,2,3316.152,3,1,2,312,Potential Loyalist
16562,4515,2,3316.152,4,1,2,412,Potential Loyalist
17094,4516,2,3316.152,4,1,2,412,Potential Loyalist
13811,4511,2,3316.152,4,1,2,412,Potential Loyalist
13766,4630,2,3316.152,5,1,2,512,Potential Loyalist
13667,4643,2,3316.152,5,1,2,512,Potential Loyalist
17626,4523,2,3316.152,4,2,2,422,Potential Loyalist
16553,4540,2,3316.152,4,1,2,412,Potential Loyalist
16328,4429,2,3316.152,3,2,2,322,Potential Loyalist
16317,4432,2,3316.152,3,2,2,322,Potential Loyalist
18620,4341,2,3316.152,1,2,2,122,Needs Attention
16550,4342,2,3316.152,1,2,2,122,Needs Attention
16573,4339,2,3316.152,1,2,2,122,Needs Attention
17965,4412,2,3316.152,2,2,2,222,Needs Attention
16417,4406,2,3316.152,2,2,2,222,Needs Attention
14798,4365,2,3316.152,1,2,2,122,Needs Attention
16530,4355,2,3316.152,1,2,2,122,Needs Attention
18028,4356,2,3316.152,1,2,2,122,Needs Attention
17960,4397,2,3316.152,2,2,2,222,Needs Attention
14701,4412,2,3316.1299,2,2,2,222,Needs Attention
17979,4334,2,3316.1299,1,2,2,122,Needs Attention
16447,4541,2,3316.1299,4,1,2,412,Potential Loyalist
17632,4497,2,3316.1299,3,1,2,312,Potential Loyalist
16260,4471,2,3316.1299,3,1,2,312,Potential Loyalist
15022,4441,2,3314.9002,3,2,2,322,Potential Loyalist
24241,4448,2,3312.0387,3,2,2,322,Potential Loyalist
22572,4510,2,3312.0387,4,1,2,412,Potential Loyalist
22168,4541,2,3312.0387,4,1,2,412,Potential Loyalist
23325,4486,2,3312.0387,3,1,2,312,Potential Loyalist
21361,4570,2,3312.0387,4,2,2,422,Potential Loyalist
14501,4496,2,3308.4676,3,1,2,312,Potential Loyalist
15006,4502,2,3308.4676,4,1,2,412,Potential Loyalist
20562,4334,2,3308.4676,1,2,2,122,Needs Attention
16278,4350,2,3306.5247,1,2,2,122,Needs Attention
15656,4404,2,3306.5247,2,2,2,222,Needs Attention
15064,4451,2,3306.5247,3,2,2,322,Potential Loyalist
21379,4549,2,3306.5247,4,2,2,422,Potential Loyalist
21002,4542,2,3306.5247,4,1,2,412,Potential Loyalist
16554,4341,2,3304.5274,1,2,2,122,Needs Attention
14348,4486,2,3303.2645,3,1,2,312,Potential Loyalist
21349,4679,2,3303.2645,5,1,2,512,Potential Loyalist
16311,4686,2,3302.0964,5,1,2,512,Potential Loyalist
13742,4664,2,3302.0964,5,1,2,512,Potential Loyalist
18026,4354,2,3302.0964,1,2,2,122,Needs Attention
13862,4642,2,3299.577,5,1,2,512,Potential Loyalist
17085,4524,2,3299.566,4,2,2,422,Potential Loyalist
25287,4542,2,3296.5908,4,1,2,412,Potential Loyalist
22404,4539,2,3296.5908,4,1,2,412,Potential Loyalist
22401,4556,2,3296.5908,4,2,2,422,Potential Loyalist
23099,4495,2,3296.5908,3,1,2,312,Potential Loyalist
22410,4515,2,3296.5908,4,1,2,412,Potential Loyalist
17795,4515,2,3296.5908,4,1,2,412,Potential Loyalist
24000,4461,2,3296.5908,3,2,2,322,Potential Loyalist
17981,4421,2,3296.5908,2,2,2,222,Needs Attention
16305,4342,2,3296.5908,1,2,2,122,Needs Attention
24174,4424,2,3296.5908,2,2,2,222,Needs Attention
23995,4456,2,3296.5908,3,2,2,322,Potential Loyalist
24001,4469,2,3296.5908,3,2,2,322,Potential Loyalist
24161,4469,2,3296.5908,3,2,2,322,Potential Loyalist
24251,4442,2,3296.5908,3,2,2,322,Potential Loyalist
24167,4443,2,3296.5908,3,2,2,322,Potential Loyalist
17812,4426,2,3296.5825,2,2,2,222,Needs Attention
17829,4427,2,3296.5825,3,2,2,322,Potential Loyalist
13856,4643,2,3295.1349,5,1,2,512,Potential Loyalist
13890,4613,2,3295.1349,5,1,2,512,Potential Loyalist
16427,4659,2,3287.3999,5,1,2,512,Potential Loyalist
14818,4354,2,3286.2507,1,2,2,122,Needs Attention
26619,4461,2,3284.9105,3,2,2,322,Potential Loyalist
26646,4344,2,3284.9105,1,2,2,122,Needs Attention
14708,4390,2,3277.466,2,2,2,222,Needs Attention
17977,4386,2,3277.466,2,2,2,222,Needs Attention
13029,4496,2,3271.952,3,1,2,312,Potential Loyalist
29858,4784,3,3270.506,5,1,2,512,Potential Loyalist
13744,4667,2,3269.6978,5,1,2,512,Potential Loyalist
16420,4405,2,3269.6978,2,2,2,222,Needs Attention
15208,4433,2,3261.4719,3,2,2,322,Potential Loyalist
13741,4682,2,3260.9131,5,1,2,512,Potential Loyalist
15266,4371,2,3243.5835,2,2,2,222,Needs Attention
14671,4468,2,3242.4785,3,2,2,322,Potential Loyalist
22172,4546,2,3240.1943,4,2,2,422,Potential Loyalist
15210,4415,2,3233.6606,2,2,2,222,Needs Attention
21384,4547,2,3227.7299,4,2,2,422,Potential Loyalist
14670,4505,2,3226.4781,4,1,2,412,Potential Loyalist
15169,4438,2,3226.4781,3,2,2,322,Potential Loyalist
15209,4419,2,3222.7969,2,2,2,222,Needs Attention
29754,4357,1,3221.3554,1,3,2,132,At Risk
29700,4357,4,3219.6374,1,1,2,112,Lost
26322,4632,2,3218.0469,5,1,2,512,Potential Loyalist
15575,4348,2,3216.5441,1,2,2,122,Needs Attention
15211,4367,2,3216.5441,1,2,2,122,Needs Attention
15580,4343,2,3216.5441,1,2,2,122,Needs Attention
15582,4347,2,3212.8519,1,2,2,122,Needs Attention
23313,4480,2,3211.166,3,1,2,312,Potential Loyalist
29672,4418,6,3205.1588,2,1,2,212,Needs Attention
14347,4493,2,3204.9306,3,1,2,312,Potential Loyalist
15265,4388,2,3201.813,2,2,2,222,Needs Attention
26634,4368,2,3200.8752,1,2,2,122,Needs Attention
26626,4423,2,3195.3613,2,2,2,222,Needs Attention
26575,4523,2,3193.9012,4,2,2,422,Potential Loyalist
26606,4513,2,3193.9012,4,1,2,412,Potential Loyalist
26647,4351,2,3193.3818,1,2,2,122,Needs Attention
21423,4433,2,3191.8569,3,2,2,322,Potential Loyalist
17750,4581,2,3191.8285,4,1,2,412,Potential Loyalist
26633,4391,2,3186.7187,2,2,2,222,Needs Attention
26608,4516,2,3184.3223,4,1,2,412,Potential Loyalist
26617,4494,2,3184.3223,3,1,2,312,Potential Loyalist
26312,4684,2,3184.3223,5,1,2,512,Potential Loyalist
26308,4667,2,3168.8744,5,1,2,512,Potential Loyalist
29847,4357,6,3167.0972,1,1,2,112,Lost
26601,4538,2,3163.3273,4,1,2,412,Potential Loyalist
26317,4645,2,3163.3273,5,1,2,512,Potential Loyalist
26329,4615,2,3160.7622,5,1,2,512,Potential Loyalist
24778,4638,2,3158.6343,5,1,2,512,Potential Loyalist
15267,4331,2,3153.204,1,2,2,122,Needs Attention
15027,4433,2,3153.193,3,2,2,322,Potential Loyalist
26632,4429,2,3147.8794,3,2,2,322,Potential Loyalist
26513,4516,2,3147.8794,4,1,2,412,Potential Loyalist
26499,4568,2,3147.8794,4,2,2,422,Potential Loyalist
26307,4678,2,3147.8794,5,1,2,512,Potential Loyalist
28904,4614,2,3147.679,5,1,2,512,Potential Loyalist
26546,4517,2,3146.7634,4,1,2,412,Potential Loyalist
17772,4557,2,3144.8328,4,2,2,422,Potential Loyalist
25991,4532,2,3144.3024,4,2,2,422,Potential Loyalist
24270,4407,2,3143.1864,2,2,2,222,Needs Attention
26623,4471,2,3139.7893,3,1,2,312,Potential Loyalist
15268,4344,2,3139.2052,1,2,2,122,Needs Attention
26579,4538,2,3138.6622,4,1,2,412,Potential Loyalist
26635,4385,2,3138.6622,2,2,2,222,Needs Attention
17717,4620,2,3138.2139,5,1,2,512,Potential Loyalist
22571,4534,2,3132.6999,4,2,2,422,Potential Loyalist
23316,4480,2,3132.6999,3,1,2,312,Potential Loyalist
15229,4377,2,3131.093,2,2,2,222,Needs Attention
14995,4488,2,3129.396,3,1,2,312,Potential Loyalist
17715,4654,2,3128.8435,5,1,2,512,Potential Loyalist
26625,4464,2,3124.6634,3,2,2,322,Potential Loyalist
26520,4536,2,3124.6287,4,2,2,422,Potential Loyalist
26618,4480,2,3123.2143,3,1,2,312,Potential Loyalist
26624,4453,2,3123.2143,3,2,2,322,Potential Loyalist
26315,4638,2,3122.0983,5,1,2,512,Potential Loyalist
26581,4516,2,3119.1494,4,1,2,412,Potential Loyalist
26545,4535,2,3119.1494,4,2,2,422,Potential Loyalist
26311,4674,2,3119.1494,5,1,2,512,Potential Loyalist
16290,4356,2,3118.3239,1,2,2,122,Needs Attention
26521,4530,2,3118.0002,4,2,2,422,Potential Loyalist
26330,4624,2,3118.0002,5,1,2,512,Potential Loyalist
22583,4496,2,3117.7714,3,1,2,312,Potential Loyalist
26622,4476,2,3116.5843,3,1,2,312,Potential Loyalist
19294,4347,2,3116.5282,1,2,2,122,Needs Attention
15213,4363,2,3114.5401,1,2,2,122,Needs Attention
15456,4423,2,3111.1524,2,2,2,222,Needs Attention
13068,4594,2,3111.1524,5,1,2,512,Potential Loyalist
26485,4584,2,3109.2155,4,1,2,412,Potential Loyalist
26484,4584,2,3109.2155,4,1,2,412,Potential Loyalist
26607,4537,2,3109.2155,4,1,2,412,Potential Loyalist
26510,4541,2,3109.2155,4,1,2,412,Potential Loyalist
26631,4427,2,3109.2155,3,2,2,322,Potential Loyalist
26681,4350,2,3109.2155,1,2,2,122,Needs Attention
17958,4456,2,3106.7324,3,2,2,322,Potential Loyalist
24178,4443,2,3105.6385,3,2,2,322,Potential Loyalist
13060,4651,2,3102.8428,5,1,2,512,Potential Loyalist
14957,4523,2,3101.771,4,2,2,422,Potential Loyalist
24003,4476,2,3101.2185,3,1,2,312,Potential Loyalist
20998,4576,2,3101.1964,4,2,2,422,Potential Loyalist
17700,4672,2,3100.1135,5,1,2,512,Potential Loyalist
26644,4339,2,3099.9983,1,2,2,122,Needs Attention
26676,4329,2,3099.9983,1,2,2,122,Needs Attention
16273,4356,2,3097.8924,1,2,2,122,Needs Attention
15665,4388,2,3097.8924,2,2,2,222,Needs Attention
15067,4446,2,3097.8924,3,2,2,322,Potential Loyalist
14960,4537,2,3097.8924,4,1,2,412,Potential Loyalist
17841,4510,2,3097.8924,4,1,2,412,Potential Loyalist
14851,4636,2,3096.7543,5,1,2,512,Potential Loyalist
15463,4399,2,3096.7543,2,2,2,222,Needs Attention
26486,4583,2,3094.4843,4,1,2,412,Potential Loyalist
26351,4589,2,3094.4843,5,1,2,512,Potential Loyalist
26331,4592,2,3094.4843,5,1,2,512,Potential Loyalist
26343,4580,2,3094.4843,4,1,2,412,Potential Loyalist
26600,4516,2,3094.4843,4,1,2,412,Potential Loyalist
26616,4495,2,3094.4843,3,1,2,312,Potential Loyalist
26509,4544,2,3094.4843,4,1,2,412,Potential Loyalist
26645,4348,2,3094.4843,1,2,2,122,Needs Attention
26309,4670,2,3094.4843,5,1,2,512,Potential Loyalist
26306,4664,2,3094.4843,5,1,2,512,Potential Loyalist
23101,4491,2,3088.4889,3,1,2,312,Potential Loyalist
17775,4534,2,3087.2678,4,2,2,422,Potential Loyalist
17743,4600,2,3086.8424,5,1,2,512,Potential Loyalist
18021,4389,2,3086.8424,2,2,2,222,Needs Attention
18633,4402,2,3086.8203,2,2,2,222,Needs Attention
17972,4447,2,3084.6435,3,2,2,322,Potential Loyalist
17974,4426,2,3084.5661,3,2,2,322,Potential Loyalist
26627,4434,2,3084.5504,3,2,2,322,Potential Loyalist
26344,4586,2,3084.5504,5,1,2,512,Potential Loyalist
26614,4527,2,3084.5504,4,2,2,422,Potential Loyalist
17720,4584,2,3083.5385,4,1,2,412,Potential Loyalist
24168,4424,2,3083.5274,2,2,2,222,Needs Attention
23994,4458,2,3083.5274,3,2,2,322,Potential Loyalist
24166,4442,2,3082.4224,3,2,2,322,Potential Loyalist
17892,4481,2,3080.2014,3,1,2,312,Potential Loyalist
14948,4522,2,3079.1074,4,2,2,422,Potential Loyalist
13721,4417,2,3079.1074,2,2,2,222,Needs Attention
14267,4405,2,3078.9803,2,2,2,222,Needs Attention
22399,4566,2,3077.4831,4,2,2,422,Potential Loyalist
15061,4478,2,3073.6045,3,1,2,312,Potential Loyalist
17943,4462,2,3073.6045,3,2,2,322,Potential Loyalist
16252,4384,2,3073.6045,2,2,2,222,Needs Attention
15002,4466,2,3073.6045,3,2,2,322,Potential Loyalist
15457,4430,2,3073.6045,3,2,2,322,Potential Loyalist
17897,4460,2,3071.7978,3,2,2,322,Potential Loyalist
16268,4341,2,3070.5989,1,2,2,122,Needs Attention
16269,4345,2,3070.5989,1,2,2,122,Needs Attention
14946,4525,2,3070.2674,4,2,2,422,Potential Loyalist
16289,4330,2,3070.2674,1,2,2,122,Needs Attention
17990,4407,2,3070.2674,2,2,2,222,Needs Attention
13715,4433,2,3070.2674,3,2,2,322,Potential Loyalist
17962,4459,2,3069.1624,3,2,2,322,Potential Loyalist
17752,4511,2,3067.9303,4,1,2,412,Potential Loyalist
15663,4361,2,3062.5545,1,2,2,122,Needs Attention
16270,4354,2,3062.5324,1,2,2,122,Needs Attention
24173,4427,2,3062.5324,3,2,2,322,Potential Loyalist
15070,4428,2,3061.7589,3,2,2,322,Potential Loyalist
24248,4428,2,3061.4274,3,2,2,322,Potential Loyalist
15664,4364,2,3061.4274,1,2,2,122,Needs Attention
24257,4410,2,3061.4274,2,2,2,222,Needs Attention
22411,4516,2,3061.4274,4,1,2,412,Potential Loyalist
23097,4479,2,3061.4274,3,1,2,312,Potential Loyalist
22408,4533,2,3061.4274,4,2,2,422,Potential Loyalist
21389,4568,2,3061.4274,4,2,2,422,Potential Loyalist
17109,4622,2,3060.1842,5,1,2,512,Potential Loyalist
16288,4346,2,3059.2285,1,2,2,122,Needs Attention
17755,4557,2,3059.2285,4,2,2,422,Potential Loyalist
17098,4674,2,3059.2285,5,1,2,512,Potential Loyalist
17744,4572,2,3055.9135,4,2,2,422,Potential Loyalist
14272,4406,2,3055.7642,2,2,2,222,Needs Attention
19289,4379,2,3055.7642,2,2,2,222,Needs Attention
17932,4454,2,3055.7642,3,2,2,322,Potential Loyalist
19283,4364,2,3054.6703,1,2,2,122,Needs Attention
17803,4538,2,3050.9299,4,1,2,412,Potential Loyalist
17095,4616,2,3050.2503,5,1,2,512,Potential Loyalist
24164,4464,2,3049.8249,3,2,2,322,Potential Loyalist
16197,4386,2,3045.9795,2,2,2,222,Needs Attention
24159,4465,2,3045.9795,3,2,2,322,Potential Loyalist
24005,4467,2,3045.9795,3,2,2,322,Potential Loyalist
24249,4422,2,3045.9795,2,2,2,222,Needs Attention
15451,4431,2,3045.9795,3,2,2,322,Potential Loyalist
24242,4444,2,3045.9795,3,2,2,322,Potential Loyalist
23998,4472,2,3045.9795,3,1,2,312,Potential Loyalist
24163,4471,2,3045.9795,3,1,2,312,Potential Loyalist
22582,4496,2,3045.9795,3,1,2,312,Potential Loyalist
26200,4505,2,3045.9795,4,1,2,412,Potential Loyalist
22986,4493,2,3045.9795,3,1,2,312,Potential Loyalist
22407,4532,2,3045.9795,4,2,2,422,Potential Loyalist
16259,4348,2,3045.9795,1,2,2,122,Needs Attention
15072,4424,2,3044.8745,2,2,2,222,Needs Attention
14354,4387,2,3044.7363,2,2,2,222,Needs Attention
19286,4375,2,3044.7363,2,2,2,222,Needs Attention
14088,4548,2,3044.7363,4,2,2,422,Potential Loyalist
17754,4524,2,3044.7363,4,2,2,422,Potential Loyalist
17827,4484,2,3044.7363,3,1,2,312,Potential Loyalist
14965,4486,2,3042.9739,3,1,2,312,Potential Loyalist
18625,4398,2,3042.9739,2,2,2,222,Needs Attention
15655,4397,2,3042.9739,2,2,2,222,Needs Attention
17890,4481,2,3042.6424,3,1,2,312,Potential Loyalist
17830,4484,2,3040.3163,3,1,2,312,Potential Loyalist
17646,4551,2,3040.3163,4,2,2,422,Potential Loyalist
17773,4511,2,3040.3163,4,1,2,412,Potential Loyalist
14083,4615,2,3040.3163,5,1,2,512,Potential Loyalist
16942,4642,2,3040.3163,5,1,2,512,Potential Loyalist
17944,4459,2,3040.3163,3,2,2,322,Potential Loyalist
19285,4369,2,3040.3163,2,2,2,222,Needs Attention
17900,4466,2,3040.3163,3,2,2,322,Potential Loyalist
17831,4503,2,3039.1892,4,1,2,412,Potential Loyalist
26202,4500,2,3038.0014,3,1,2,312,Potential Loyalist
25971,4554,2,3038.0014,4,2,2,422,Potential Loyalist
22581,4535,2,3038.0014,4,2,2,422,Potential Loyalist
24266,4415,2,3038.0014,2,2,2,222,Needs Attention
17959,4453,2,3037.46,3,2,2,322,Potential Loyalist
15071,4428,2,3034.9406,3,2,2,322,Potential Loyalist
15454,4442,2,3034.9406,3,2,2,322,Potential Loyalist
15651,4361,2,3034.9406,1,2,2,122,Needs Attention
15460,4393,2,3034.9406,2,2,2,222,Needs Attention
14966,4487,2,3034.9406,3,1,2,312,Potential Loyalist
16051,4347,2,3034.9406,1,2,2,122,Needs Attention
14848,4647,2,3034.9406,5,1,2,512,Potential Loyalist
22409,4534,2,3034.377,4,2,2,422,Potential Loyalist
24009,4468,2,3034.377,3,2,2,322,Potential Loyalist
17794,4524,2,3034.1339,4,2,2,422,Potential Loyalist
22170,4567,2,3033.5925,4,2,2,422,Potential Loyalist
21387,4542,2,3033.5925,4,1,2,412,Potential Loyalist
23323,4481,2,3033.5925,3,1,2,312,Potential Loyalist
23098,4483,2,3033.5925,3,1,2,312,Potential Loyalist
24271,4394,2,3033.5925,2,2,2,222,Needs Attention
24002,4464,2,3032.6974,3,2,2,322,Potential Loyalist
24252,4416,2,3032.6974,2,2,2,222,Needs Attention
23996,4467,2,3032.6974,3,2,2,322,Potential Loyalist
23314,4492,2,3032.6974,3,1,2,312,Potential Loyalist
25989,4539,2,3032.6974,4,1,2,412,Potential Loyalist
20997,4594,2,3032.6974,5,1,2,512,Potential Loyalist
24004,4471,2,3032.6974,3,1,2,312,Potential Loyalist
17747,4577,2,3031.6035,4,1,2,412,Potential Loyalist
22577,4510,2,3031.062,4,1,2,412,Potential Loyalist
24175,4431,2,3031.062,3,2,2,322,Potential Loyalist
19257,4388,2,3027.5867,2,2,2,222,Needs Attention
24250,4425,2,3026.0343,2,2,2,222,Needs Attention
22400,4548,2,3025.2939,4,2,2,422,Potential Loyalist
13704,4532,2,3023.8685,4,2,2,422,Potential Loyalist
17714,4565,2,3023.7413,4,2,2,422,Potential Loyalist
17641,4554,2,3023.7413,4,2,2,422,Potential Loyalist
17739,4524,2,3023.7413,4,2,2,422,Potential Loyalist
17891,4472,2,3023.7413,3,1,2,312,Potential Loyalist
17634,4578,2,3023.7413,4,1,2,412,Potential Loyalist
19284,4388,2,3023.7413,2,2,2,222,Needs Attention
14268,4390,2,3023.7413,2,2,2,222,Needs Attention
18047,4407,2,3023.7413,2,2,2,222,Needs Attention
19321,4355,2,3023.7413,1,2,2,122,Needs Attention
19288,4382,2,3023.7413,2,2,2,222,Needs Attention
29638,4357,4,3023.2808,1,1,2,112,Lost
20999,4585,2,3022.7635,4,1,2,412,Potential Loyalist
22578,4522,2,3022.7635,4,2,2,422,Potential Loyalist
25408,4542,2,3022.7635,4,1,2,412,Potential Loyalist
22173,4564,2,3022.7635,4,2,2,422,Potential Loyalist
21380,4568,2,3022.7635,4,2,2,422,Potential Loyalist
24272,4415,2,3022.7635,2,2,2,222,Needs Attention
24169,4448,2,3022.7635,3,2,2,322,Potential Loyalist
24172,4443,2,3022.7635,3,2,2,322,Potential Loyalist
19188,4366,2,3019.6307,1,2,2,122,Needs Attention
17950,4474,2,3019.6307,3,1,2,312,Potential Loyalist
17080,4633,2,3019.6307,5,1,2,512,Potential Loyalist
17633,4595,2,3019.6307,5,1,2,512,Potential Loyalist
13069,4594,2,3018.3545,5,1,2,512,Potential Loyalist
16052,4331,2,3018.3545,1,2,2,122,Needs Attention
15079,4431,2,3018.3545,3,2,2,322,Potential Loyalist
29829,4418,4,3017.5686,2,1,2,212,Needs Attention
23324,4502,2,3017.2495,4,1,2,412,Potential Loyalist
23320,4499,2,3017.2495,3,1,2,312,Potential Loyalist
23999,4476,2,3017.2495,3,1,2,312,Potential Loyalist
26113,4489,2,3017.2495,3,1,2,312,Potential Loyalist
23102,4494,2,3017.2495,3,1,2,312,Potential Loyalist
22579,4537,2,3017.2495,4,1,2,412,Potential Loyalist
24008,4460,2,3017.2495,3,2,2,322,Potential Loyalist
19314,4335,2,3017.1003,1,2,2,122,Needs Attention
17787,4494,2,3012.6913,3,1,2,312,Potential Loyalist
22402,4543,2,3007.3156,4,1,2,412,Potential Loyalist
21000,4543,2,3007.3156,4,1,2,412,Potential Loyalist
25992,4527,2,3007.3156,4,2,2,422,Potential Loyalist
22576,4528,2,3007.3156,4,2,2,422,Potential Loyalist
22573,4530,2,3007.3156,4,2,2,422,Potential Loyalist
22171,4555,2,3007.3156,4,2,2,422,Potential Loyalist
25288,4552,2,3007.3156,4,2,2,422,Potential Loyalist
14925,4602,2,3007.3156,5,1,2,512,Potential Loyalist
14930,4601,2,3007.3156,5,1,2,512,Potential Loyalist
16253,4369,2,3007.3156,2,2,2,222,Needs Attention
24273,4396,2,3007.3156,2,2,2,222,Needs Attention
24177,4448,2,3007.3156,3,2,2,322,Potential Loyalist
24247,4446,2,3007.3156,3,2,2,322,Potential Loyalist
24006,4457,2,3007.3156,3,2,2,322,Potential Loyalist
17756,4539,2,3000.5253,4,1,2,412,Potential Loyalist
17770,4537,2,3000.5253,4,1,2,412,Potential Loyalist
17894,4455,2,2995.0113,3,2,2,322,Potential Loyalist
17885,4465,2,2985.0774,3,2,2,322,Potential Loyalist
14109,4463,2,2985.0774,3,2,2,322,Potential Loyalist
19316,4357,2,2985.0774,1,2,2,122,Needs Attention
19254,4362,2,2985.0774,1,2,2,122,Needs Attention
19274,4367,2,2985.0774,1,2,2,122,Needs Attention
17716,4554,2,2985.0774,4,2,2,422,Potential Loyalist
17099,4618,2,2985.0774,5,1,2,512,Potential Loyalist
16161,4483,2,2983.5534,3,1,2,312,Potential Loyalist
13025,4331,2,2972.8916,1,2,2,122,Needs Attention
21400,4551,2,2971.2231,4,2,2,422,Potential Loyalist
15830,4602,2,2961.8195,5,1,2,512,Potential Loyalist
13036,4352,2,2958.1605,1,2,2,122,Needs Attention
29412,4609,2,2952.427,5,1,2,512,Potential Loyalist
21331,4679,2,2951.3331,5,1,2,512,Potential Loyalist
15790,4632,2,2948.5595,5,1,2,512,Potential Loyalist
13021,4350,2,2948.5595,1,2,2,122,Needs Attention
12578,4394,2,2948.2265,2,2,2,222,Needs Attention
12575,4420,2,2948.2265,2,2,2,222,Needs Attention
12573,4447,2,2948.2265,3,2,2,322,Potential Loyalist
13024,4355,2,2944.8894,1,2,2,122,Needs Attention
12589,4378,2,2944.8894,2,2,2,222,Needs Attention
13156,4329,2,2943.3771,1,2,2,122,Needs Attention
29603,4357,4,2942.1874,1,1,2,112,Lost
21501,4681,2,2940.8466,5,1,2,512,Potential Loyalist
12570,4466,2,2932.7344,3,2,2,322,Potential Loyalist
12576,4428,2,2931.6405,3,2,2,322,Potential Loyalist
21595,4559,2,2927.7619,4,2,2,422,Potential Loyalist
21655,4607,2,2926.1155,5,1,2,512,Potential Loyalist
21354,4595,2,2924.2716,5,1,2,512,Potential Loyalist
12583,4407,2,2924.2716,2,2,2,222,Needs Attention
12581,4400,2,2924.2716,2,2,2,222,Needs Attention
15831,4626,2,2924.2259,5,1,2,512,Potential Loyalist
21652,4660,2,2923.8944,5,1,2,512,Potential Loyalist
15792,4605,2,2923.1666,5,1,2,512,Potential Loyalist
16160,4521,2,2921.6955,4,2,2,422,Potential Loyalist
13022,4347,2,2921.6402,1,2,2,122,Needs Attention
13018,4372,2,2919.8295,2,2,2,222,Needs Attention
21658,4405,2,2919.2881,2,2,2,222,Needs Attention
16163,4443,2,2918.7356,3,2,2,322,Potential Loyalist
12571,4474,2,2918.7356,3,1,2,312,Potential Loyalist
27937,4613,1,2918.5592,5,5,2,552,Champion
29388,4656,2,2916.2935,5,1,2,512,Potential Loyalist
16164,4433,2,2916.1815,3,2,2,322,Potential Loyalist
12588,4383,2,2916.1815,2,2,2,222,Needs Attention
22430,4693,1,2916.0287,5,5,2,552,Champion
13518,4343,2,2915.3859,1,2,2,122,Needs Attention
13035,4355,2,2915.0544,1,2,2,122,Needs Attention
21582,4568,2,2915.0544,4,2,2,422,Potential Loyalist
12586,4363,2,2913.2327,1,2,2,122,Needs Attention
12584,4370,2,2909.8956,2,2,2,222,Needs Attention
12585,4380,2,2905.1205,2,2,2,222,Needs Attention
21336,4585,2,2904.3264,5,1,2,512,Potential Loyalist
12574,4427,2,2902.1606,3,2,2,322,Potential Loyalist
21352,4591,2,2901.0556,5,1,2,512,Potential Loyalist
21629,4397,2,2899.6065,2,2,2,222,Needs Attention
21642,4400,2,2895.5416,2,2,2,222,Needs Attention
21620,4512,2,2895.5416,4,1,2,412,Potential Loyalist
20036,4674,1,2893.5751,5,5,2,552,Champion
21621,4503,2,2891.6284,4,1,2,412,Potential Loyalist
21332,4650,2,2891.6284,5,1,2,512,Potential Loyalist
12577,4427,2,2888.5565,3,2,2,322,Potential Loyalist
21622,4432,2,2886.3244,3,2,2,322,Potential Loyalist
12572,4436,2,2885.6077,3,2,2,322,Potential Loyalist
28757,4667,2,2885.6077,5,1,2,512,Potential Loyalist
15832,4594,2,2885.6077,5,1,2,512,Potential Loyalist
15833,4567,2,2885.6077,4,2,2,422,Potential Loyalist
21618,4658,2,2885.2305,5,1,2,512,Potential Loyalist
21613,4520,2,2884.689,4,1,2,412,Potential Loyalist
17949,4358,3,2879.9035,1,1,2,112,Lost
28758,4685,2,2876.3905,5,1,2,512,Potential Loyalist
20037,4663,1,2868.5248,5,5,2,552,Champion
18011,4400,2,2862.3459,2,2,2,222,Needs Attention
12580,4397,2,2860.9426,2,2,2,222,Needs Attention
12579,4406,2,2860.9426,2,2,2,222,Needs Attention
13020,4340,2,2860.9426,1,2,2,122,Needs Attention
29389,4618,2,2860.9426,5,1,2,512,Potential Loyalist
29390,4619,2,2860.9426,5,1,2,512,Potential Loyalist
21589,4551,2,2860.9426,4,2,2,422,Potential Loyalist
21614,4521,2,2860.9426,4,2,2,422,Potential Loyalist
14730,4329,2,2859.8155,1,2,2,122,Needs Attention
27944,4542,1,2849.6956,4,4,2,442,Champion
16373,4584,1,2849.1652,4,5,2,452,Champion
21104,4553,2,2836.4798,4,2,2,422,Potential Loyalist
20834,4677,2,2836.4798,5,1,2,512,Potential Loyalist
21040,4666,2,2836.4798,5,1,2,512,Potential Loyalist
22501,4520,1,2836.314,4,5,2,452,Champion
29743,4540,4,2835.6847,4,1,2,412,Potential Loyalist
20346,4580,1,2834.2366,4,5,2,452,Champion
16790,4331,1,2834.2366,1,3,2,132,At Risk
16118,4396,1,2833.1206,2,3,2,232,At Risk
16366,4375,1,2832.5018,2,3,2,232,At Risk
24573,4550,1,2832.5018,4,4,2,442,Champion
20405,4552,1,2832.5018,4,4,2,442,Champion
22647,4449,1,2832.5018,3,3,2,332,Loyal
19319,4334,2,2831.5184,1,2,2,122,Needs Attention
20848,4634,2,2827.0984,5,1,2,512,Potential Loyalist
20850,4616,2,2825.4188,5,1,2,512,Potential Loyalist
24847,4522,1,2820.8661,4,4,2,442,Champion
17973,4440,2,2819.2509,3,2,2,322,Potential Loyalist
19296,4333,2,2815.4848,1,2,2,122,Needs Attention
19276,4330,2,2815.4848,1,2,2,122,Needs Attention
21036,4539,2,2815.4848,4,1,2,412,Potential Loyalist
21056,4667,2,2815.4848,5,1,2,512,Potential Loyalist
20837,4664,2,2815.4848,5,1,2,512,Potential Loyalist
20982,4690,2,2814.3909,5,1,2,512,Potential Loyalist
20852,4584,2,2814.3909,4,1,2,412,Potential Loyalist
20324,4602,1,2810.5012,5,5,2,552,Champion
26399,4632,1,2810.5012,5,5,2,552,Champion
23606,4674,1,2810.5012,5,5,2,552,Champion
20869,4547,2,2809.9709,4,2,2,422,Potential Loyalist
21053,4523,2,2809.9709,4,2,2,422,Potential Loyalist
19297,4332,2,2809.9709,1,2,2,122,Needs Attention
20545,4464,1,2809.2526,3,3,2,332,Loyal
20838,4645,2,2808.8438,5,1,2,512,Potential Loyalist
16778,4390,1,2808.1586,2,3,2,232,At Risk
21106,4566,2,2804.4569,4,2,2,422,Potential Loyalist
21027,4534,2,2804.4569,4,2,2,422,Potential Loyalist
19318,4344,2,2804.4569,1,2,2,122,Needs Attention
19280,4344,2,2804.4569,1,2,2,122,Needs Attention
19315,4354,2,2804.4569,1,2,2,122,Needs Attention
25774,4443,1,2803.7386,3,2,2,322,Potential Loyalist
23765,4607,1,2802.0701,5,5,2,552,Champion
19293,4352,2,2800.0369,1,2,2,122,Needs Attention
21044,4535,2,2800.0369,4,2,2,422,Potential Loyalist
21034,4527,2,2800.0369,4,2,2,422,Potential Loyalist
20886,4565,2,2800.0369,4,2,2,422,Potential Loyalist
21105,4560,2,2800.0369,4,2,2,422,Potential Loyalist
21071,4506,2,2800.0369,4,1,2,412,Potential Loyalist
20832,4666,2,2800.0369,5,1,2,512,Potential Loyalist
24534,4628,1,2799.9927,5,5,2,552,Champion
19313,4335,2,2799.4734,1,2,2,122,Needs Attention
29532,4966,1,2798.9022,5,5,2,552,Champion
28902,4481,1,2795.5727,3,4,2,342,Loyal
16140,4606,1,2793.8047,5,5,2,552,Champion
20339,4604,1,2793.8047,5,5,2,552,Champion
20412,4565,1,2793.8047,4,4,2,442,Champion
20385,4555,1,2793.8047,4,4,2,442,Champion
21011,4521,2,2793.3959,4,1,2,412,Potential Loyalist
20890,4518,2,2793.3959,4,1,2,412,Potential Loyalist
27924,4602,1,2791.1637,5,5,2,552,Champion
16231,4679,1,2791.1637,5,5,2,552,Champion
22690,4392,1,2788.9316,2,3,2,232,At Risk
20476,4537,1,2786.0476,4,4,2,442,Champion
19661,4375,1,2786.0034,2,3,2,232,At Risk
19282,4343,2,2785.6056,1,2,2,122,Needs Attention
20345,4588,1,2785.5172,5,5,2,552,Champion
26381,4670,1,2785.5172,5,5,2,552,Champion
24860,4523,1,2784.9426,4,4,2,442,Champion
22595,4503,1,2784.5227,4,5,2,452,Champion
30032,4754,2,2783.822,5,1,2,512,Potential Loyalist
13472,4515,1,2783.4729,4,5,2,452,Champion
21668,4518,2,2783.4619,4,1,2,412,Potential Loyalist
20851,4583,2,2783.4619,4,1,2,412,Potential Loyalist
20875,4549,2,2783.4619,4,2,2,422,Potential Loyalist
20885,4549,2,2783.4619,4,2,2,422,Potential Loyalist
20880,4555,2,2783.4619,4,2,2,422,Potential Loyalist
20872,4548,2,2783.4619,4,2,2,422,Potential Loyalist
20933,4528,2,2783.4619,4,2,2,422,Potential Loyalist
19292,4339,2,2783.4619,1,2,2,122,Needs Attention
19309,4340,2,2783.4619,1,2,2,122,Needs Attention
19181,4369,2,2783.4619,2,2,2,222,Needs Attention
19256,4370,2,2783.4619,2,2,2,222,Needs Attention
16004,4436,1,2782.6663,3,3,2,332,Loyal
25762,4443,1,2781.3071,3,2,2,322,Potential Loyalist
21018,4540,2,2779.3513,4,1,2,412,Potential Loyalist
21093,4629,2,2779.3513,5,1,2,512,Potential Loyalist
20975,4514,2,2779.3513,4,1,2,412,Potential Loyalist
20465,4534,1,2778.9977,4,4,2,442,Champion
16361,4620,1,2778.9977,5,5,2,552,Champion
16237,4629,1,2778.9977,5,5,2,552,Champion
22449,4635,1,2778.9977,5,5,2,552,Champion
24066,4409,1,2778.9977,2,3,2,232,At Risk
24549,4575,1,2778.9977,4,4,2,442,Champion
25769,4668,1,2778.9977,5,5,2,552,Champion
25776,4400,1,2778.6441,2,3,2,232,At Risk
20824,4692,2,2776.8209,5,1,2,512,Potential Loyalist
16752,4461,1,2776.1136,3,3,2,332,Loyal
20303,4607,1,2776.1136,5,5,2,552,Champion
20462,4530,1,2776.1136,4,4,2,442,Champion
20348,4592,1,2775.0086,5,5,2,552,Champion
24537,4630,1,2775.0086,5,5,2,552,Champion
22664,4409,1,2775.0086,2,3,2,232,At Risk
21092,4646,2,2774.9424,5,1,2,512,Potential Loyalist
20839,4651,2,2774.9424,5,1,2,512,Potential Loyalist
23608,4636,1,2774.5887,5,5,2,552,Champion
25637,4476,1,2774.5887,3,4,2,342,Loyal
20859,4553,2,2772.4119,4,2,2,422,Potential Loyalist
19287,4331,2,2772.4119,1,2,2,122,Needs Attention
21060,4484,2,2771.8594,3,1,2,312,Potential Loyalist
24795,4400,1,2770.2682,2,3,2,232,At Risk
21103,4613,2,2770.1798,5,1,2,512,Potential Loyalist
26038,4449,1,2765.8482,3,3,2,332,Loyal
20199,4639,1,2765.6272,5,5,2,552,Champion
17156,4380,1,2765.0084,2,3,2,232,At Risk
25805,4361,1,2763.9476,1,3,2,132,At Risk
24868,4492,1,2763.9476,3,4,2,342,Loyal
11015,4672,1,2763.5719,5,5,2,552,Champion
20640,4461,1,2760.6657,3,3,2,332,Loyal
21020,4539,2,2760.2459,4,1,2,412,Potential Loyalist
21012,4524,2,2760.2459,4,2,2,422,Potential Loyalist
29857,4388,5,2760.0653,2,1,2,212,Needs Attention
18848,4343,1,2758.3784,1,4,2,142,At Risk
25756,4488,1,2755.3617,3,4,2,342,Loyal
24662,4646,1,2755.3617,5,5,2,552,Champion
20323,4610,1,2754.0136,5,5,2,552,Champion
22465,4579,1,2754.0136,4,5,2,452,Champion
20543,4479,1,2754.0136,3,4,2,342,Loyal
22632,4470,1,2754.0136,3,4,2,342,Loyal
16751,4489,1,2754.0136,3,4,2,342,Loyal
20461,4538,1,2754.0136,4,4,2,442,Champion
24067,4417,1,2754.0136,2,3,2,232,At Risk
21858,4670,1,2754.0136,5,5,2,552,Champion
24523,4652,1,2753.6821,5,5,2,552,Champion
24734,4614,1,2753.6821,5,5,2,552,Champion
16365,4370,1,2751.6489,2,3,2,232,At Risk
22445,4666,1,2751.6489,5,5,2,552,Champion
20180,4689,1,2749.1185,5,5,2,552,Champion
20649,4339,1,2749.1185,1,4,2,142,At Risk
24558,4572,1,2748.4997,4,4,2,442,Champion
24577,4549,1,2748.4997,4,4,2,442,Champion
24583,4523,1,2748.4997,4,4,2,442,Champion
24883,4686,1,2748.4997,5,5,2,552,Champion
21857,4666,1,2748.4997,5,5,2,552,Champion
18010,4394,2,2746.0005,2,2,2,222,Needs Attention
19174,4365,2,2744.798,1,2,2,122,Needs Attention
19255,4375,2,2744.798,2,2,2,222,Needs Attention
21039,4667,2,2744.798,5,1,2,512,Potential Loyalist
19295,4349,2,2744.798,1,2,2,122,Needs Attention
21130,4526,2,2744.798,4,2,2,422,Potential Loyalist
21669,4486,2,2744.798,3,1,2,312,Potential Loyalist
20856,4583,2,2744.798,4,1,2,412,Potential Loyalist
21067,4495,2,2744.798,3,1,2,312,Potential Loyalist
24632,4511,1,2743.7482,4,5,2,452,Champion
24522,4655,1,2743.2288,5,5,2,552,Champion
23597,4663,1,2742.8642,5,5,2,552,Champion
25795,4682,1,2742.8642,5,5,2,552,Champion
20472,4512,1,2742.8642,4,5,2,452,Champion
20495,4521,1,2742.8642,4,4,2,442,Champion
16364,4577,1,2742.8642,4,5,2,452,Champion
16362,4582,1,2742.8642,4,5,2,452,Champion
24040,4502,1,2742.8642,4,5,2,452,Champion
16372,4596,1,2742.8642,5,5,2,552,Champion
20382,4570,1,2742.8642,4,4,2,442,Champion
20386,4562,1,2742.8642,4,4,2,442,Champion
20442,4555,1,2742.8642,4,4,2,442,Champion
16782,4409,1,2742.8642,2,3,2,232,At Risk
24092,4385,1,2742.4111,2,3,2,232,At Risk
22692,4371,1,2742.4111,2,3,2,232,At Risk
22500,4555,1,2742.4111,4,4,2,442,Champion
16363,4612,1,2742.4111,5,5,2,552,Champion
23630,4645,1,2742.4111,5,5,2,552,Champion
23618,4651,1,2742.4111,5,5,2,552,Champion
25192,4558,1,2741.494,4,4,2,442,Champion
22448,4638,1,2740.3337,5,5,2,552,Champion
23636,4637,1,2740.3337,5,5,2,552,Champion
16747,4509,1,2740.3337,4,5,2,452,Champion
24569,4542,1,2740.3337,4,4,2,442,Champion
27952,4512,1,2740.3337,4,5,2,452,Champion
16762,4425,1,2740.3337,2,3,2,232,At Risk
20200,4662,1,2740.3337,5,5,2,552,Champion
25780,4668,1,2740.3337,5,5,2,552,Champion
25793,4690,1,2740.3337,5,5,2,552,Champion
25779,4687,1,2740.3337,5,5,2,552,Champion
19357,4349,2,2738.818,1,2,2,122,Needs Attention
16770,4440,1,2738.5657,3,2,2,322,Potential Loyalist
25481,4501,1,2738.5657,4,5,2,452,Champion
24865,4484,1,2738.5657,3,4,2,342,Loyal
20527,4487,1,2738.5657,3,4,2,342,Loyal
20496,4487,1,2738.5657,3,4,2,342,Loyal
20210,4642,1,2738.5657,5,5,2,552,Champion
23776,4614,1,2738.5657,5,5,2,552,Champion
16375,4555,1,2738.5657,4,4,2,442,Champion
16490,4551,1,2738.5657,4,4,2,442,Champion
16670,4547,1,2738.5657,4,4,2,442,Champion
26206,4333,1,2738.5657,1,4,2,142,At Risk
24091,4361,1,2738.5657,1,3,2,132,At Risk
22808,4671,1,2738.5657,5,5,2,552,Champion
23234,4691,1,2738.5657,5,5,2,552,Champion
22312,4679,1,2738.4552,5,5,2,552,Champion
22524,4535,1,2738.4552,4,4,2,442,Champion
20638,4466,1,2738.4552,3,3,2,332,Loyal
25423,4534,1,2738.2342,4,4,2,442,Champion
24735,4617,1,2738.2342,5,5,2,552,Champion
28961,4588,1,2738.2342,5,5,2,552,Champion
28962,4580,1,2737.6707,4,5,2,452,Champion
16232,4642,1,2735.9248,5,5,2,552,Champion
28876,4527,1,2735.9248,4,4,2,442,Champion
25796,4411,1,2735.9248,2,3,2,232,At Risk
20376,4574,1,2735.9248,4,4,2,442,Champion
16761,4426,1,2735.9248,2,3,2,232,At Risk
22648,4441,1,2735.9248,3,3,2,332,Loyal
22822,4690,1,2735.9248,5,5,2,552,Champion
23759,4669,1,2735.9248,5,5,2,552,Champion
20204,4660,1,2735.9248,5,5,2,552,Champion
25073,4333,1,2732.7203,1,4,2,142,At Risk
28949,4616,1,2732.7203,5,5,2,552,Champion
28928,4602,1,2732.7203,5,5,2,552,Champion
28952,4605,1,2732.7092,5,5,2,552,Champion
25745,4481,1,2732.7092,3,4,2,342,Loyal
24668,4479,1,2732.7092,3,4,2,342,Loyal
24346,4577,1,2732.7092,4,4,2,442,Champion
25078,4353,1,2732.7092,1,3,2,132,At Risk
30041,4966,2,2730.5029,5,1,2,512,Potential Loyalist
24203,4464,1,2728.3003,3,3,2,332,Loyal
25484,4351,1,2728.3003,1,3,2,132,At Risk
25076,4337,1,2728.3003,1,4,2,142,At Risk
25072,4338,1,2728.3003,1,4,2,142,At Risk
25075,4567,1,2728.3003,4,4,2,442,Champion
25730,4565,1,2728.3003,4,4,2,442,Champion
25400,4522,1,2728.3003,4,4,2,442,Champion
25025,4596,1,2728.3003,5,5,2,552,Champion
24807,4588,1,2728.3003,5,5,2,552,Champion
24990,4575,1,2727.1842,4,4,2,442,Champion
24417,4682,1,2726.0571,5,5,2,552,Champion
24093,4657,1,2725.2836,5,5,2,552,Champion
23629,4652,1,2725.2836,5,5,2,552,Champion
23922,4571,1,2725.2836,4,4,2,442,Champion
20659,4331,1,2725.2836,1,4,2,142,At Risk
20297,4619,1,2725.2836,5,5,2,552,Champion
24582,4527,1,2725.2836,4,4,2,442,Champion
16673,4510,1,2725.2836,4,5,2,452,Champion
20639,4459,1,2725.2836,3,3,2,332,Loyal
18511,4341,1,2724.8527,1,4,2,142,At Risk
23921,4589,1,2724.1344,5,5,2,552,Champion
19387,4337,2,2722.7844,1,2,2,122,Needs Attention
28953,4608,1,2721.1178,5,5,2,552,Champion
24520,4511,1,2721.1178,4,5,2,452,Champion
25186,4555,1,2721.1178,4,4,2,442,Champion
25059,4569,1,2721.1178,4,4,2,442,Champion
27869,4394,1,2721.1178,2,3,2,232,At Risk
25742,4480,1,2720.5432,3,4,2,342,Loyal
24183,4541,1,2720.0128,4,4,2,442,Champion
24676,4503,1,2720.0128,4,5,2,452,Champion
25015,4593,1,2720.0128,5,5,2,552,Champion
28207,4685,1,2720.0128,5,5,2,552,Champion
16132,4672,1,2717.8801,5,5,2,552,Champion
29674,4905,4,2717.6198,5,1,2,512,Potential Loyalist
19329,4357,2,2717.2705,1,2,2,122,Needs Attention
18008,4411,2,2717.2705,2,2,2,222,Needs Attention
20641,4430,1,2715.3497,3,3,2,332,Loyal
20544,4503,1,2715.3497,4,5,2,452,Champion
23764,4638,1,2715.3497,5,5,2,552,Champion
27309,4630,1,2715.3497,5,5,2,552,Champion
27948,4540,1,2715.3497,4,4,2,442,Champion
23925,4568,1,2715.3497,4,4,2,442,Champion
24870,4497,1,2715.3497,3,5,2,352,Loyal
24852,4515,1,2715.3497,4,5,2,452,Champion
22691,4400,1,2715.3497,2,3,2,232,At Risk
24068,4392,1,2715.3497,2,3,2,232,At Risk
20644,4388,1,2715.3497,2,3,2,232,At Risk
20648,4358,1,2715.3497,1,3,2,132,At Risk
20658,4351,1,2715.3497,1,3,2,132,At Risk
16783,4364,1,2715.3497,1,3,2,132,At Risk
20039,4672,1,2715.3497,5,5,2,552,Champion
18415,4333,1,2712.7529,1,4,2,142,At Risk
17999,4415,2,2711.7565,2,2,2,222,Needs Attention
17996,4418,2,2711.7565,2,2,2,222,Needs Attention
25464,4337,1,2710.6092,1,4,2,142,At Risk
25185,4556,1,2710.6092,4,4,2,442,Champion
29113,4576,1,2710.6092,4,4,2,442,Champion
29359,4373,1,2710.6092,2,3,2,232,At Risk
23666,4419,1,2710.6092,2,3,2,232,At Risk
25289,4515,1,2710.6092,4,5,2,452,Champion
24654,4499,1,2710.6092,3,5,2,352,Loyal
24739,4471,1,2710.6092,3,4,2,342,Loyal
25414,4533,1,2710.6092,4,4,2,442,Champion
25767,4521,1,2710.6092,4,4,2,442,Champion
25736,4535,1,2710.6092,4,4,2,442,Champion
24341,4635,1,2710.6092,5,5,2,552,Champion
24681,4625,1,2710.6092,5,5,2,552,Champion
20337,4627,1,2709.8357,5,5,2,552,Champion
25798,4405,1,2709.8357,2,3,2,232,At Risk
20642,4401,1,2709.8357,2,3,2,232,At Risk
23635,4655,1,2709.8357,5,5,2,552,Champion
28697,4450,1,2709.5042,3,3,2,332,Loyal
24700,4415,1,2709.5042,2,3,2,232,At Risk
24799,4392,1,2709.5042,2,3,2,232,At Risk
29178,4576,1,2709.5042,4,4,2,442,Champion
29180,4572,1,2709.5042,4,4,2,442,Champion
28729,4593,1,2709.5042,5,5,2,552,Champion
28731,4579,1,2709.5042,4,5,2,452,Champion
29407,4512,1,2709.5042,4,5,2,452,Champion
16727,4539,1,2708.6865,4,4,2,442,Champion
16732,4490,1,2708.6865,3,4,2,342,Loyal
20302,4607,1,2708.6865,5,5,2,552,Champion
26205,4357,1,2708.6865,1,3,2,132,At Risk
25775,4423,1,2708.6865,2,3,2,232,At Risk
20183,4661,1,2708.6865,5,5,2,552,Champion
23607,4676,1,2708.6865,5,5,2,552,Champion
22828,4676,1,2708.6865,5,5,2,552,Champion
17987,4418,2,2707.3365,2,2,2,222,Needs Attention
18039,4415,2,2707.3365,2,2,2,222,Needs Attention
14732,4352,2,2707.3365,1,2,2,122,Needs Attention
24794,4400,1,2705.0842,2,3,2,232,At Risk
25047,4355,1,2705.0842,1,3,2,132,At Risk
25180,4549,1,2703.9903,4,4,2,442,Champion
29190,4583,1,2703.9903,4,5,2,452,Champion
29247,4644,1,2703.9903,5,5,2,552,Champion
27864,4537,1,2703.9903,4,4,2,442,Champion
24446,4523,1,2703.9903,4,4,2,442,Champion
24633,4535,1,2703.9903,4,4,2,442,Champion
29319,4568,1,2703.9903,4,4,2,442,Champion
25064,4567,1,2703.9903,4,4,2,442,Champion
29043,4674,1,2703.9903,5,5,2,552,Champion
24421,4664,1,2703.9903,5,5,2,552,Champion
16866,4404,1,2701.1173,2,3,2,232,At Risk
24357,4557,1,2700.1228,4,4,2,442,Champion
24444,4533,1,2700.1228,4,4,2,442,Champion
27867,4471,1,2700.1228,3,4,2,342,Loyal
24343,4623,1,2700.1228,5,5,2,552,Champion
24348,4586,1,2700.1228,5,5,2,552,Champion
23906,4590,1,2699.9018,5,5,2,552,Champion
27943,4581,1,2699.9018,4,5,2,452,Champion
20347,4580,1,2699.9018,4,5,2,452,Champion
20340,4600,1,2699.9018,5,5,2,552,Champion
27316,4628,1,2699.9018,5,5,2,552,Champion
16235,4641,1,2699.9018,5,5,2,552,Champion
28901,4488,1,2699.9018,3,4,2,342,Loyal
24053,4482,1,2699.9018,3,4,2,342,Loyal
20482,4514,1,2699.9018,4,5,2,452,Champion
23926,4510,1,2699.9018,4,5,2,452,Champion
16728,4530,1,2699.9018,4,4,2,442,Champion
20377,4543,1,2699.9018,4,4,2,442,Champion
22464,4573,1,2699.9018,4,4,2,442,Champion
16789,4337,1,2699.9018,1,4,2,142,At Risk
26207,4333,1,2699.9018,1,4,2,142,At Risk
16776,4419,1,2699.9018,2,3,2,232,At Risk
25778,4389,1,2699.9018,2,3,2,232,At Risk
26382,4664,1,2699.9018,5,5,2,552,Champion
29149,4979,1,2699.9018,5,5,2,552,Champion
28798,5001,1,2699.9018,5,5,2,552,Champion
25393,5001,1,2699.9018,5,5,2,552,Champion
28834,5008,1,2699.9018,5,5,2,552,Champion
25875,5009,1,2699.9018,5,5,2,552,Champion
28836,5010,1,2699.9018,5,5,2,552,Champion
25883,5011,1,2699.9018,5,5,2,552,Champion
25892,5013,1,2699.9018,5,5,2,552,Champion
25864,5016,1,2699.9018,5,5,2,552,Champion
25363,5017,1,2699.9018,5,5,2,552,Champion
25100,5022,1,2699.9018,5,5,2,552,Champion
28850,5022,1,2699.9018,5,5,2,552,Champion
29281,4940,1,2699.9018,5,5,2,552,Champion
29159,4942,1,2699.9018,5,5,2,552,Champion
25995,4878,1,2699.9018,5,5,2,552,Champion
22323,4669,1,2699.9018,5,5,2,552,Champion
26420,4652,1,2699.9018,5,5,2,552,Champion
20181,4680,1,2699.9018,5,5,2,552,Champion
20038,4690,1,2699.9018,5,5,2,552,Champion
28766,5051,1,2699.9018,5,5,2,552,Champion
28663,5053,1,2699.9018,5,5,2,552,Champion
25361,5023,1,2699.9018,5,5,2,552,Champion
28802,5024,1,2699.9018,5,5,2,552,Champion
25095,5024,1,2699.9018,5,5,2,552,Champion
28659,5032,1,2699.9018,5,5,2,552,Champion
25061,5034,1,2699.9018,5,5,2,552,Champion
24786,5040,1,2699.9018,5,5,2,552,Champion
25094,5044,1,2699.9018,5,5,2,552,Champion
26294,4751,1,2699.9018,5,5,2,552,Champion
26013,4857,1,2699.9018,5,5,2,552,Champion
28326,4646,1,2699.0067,5,5,2,552,Champion
24433,4665,1,2699.0067,5,5,2,552,Champion
23328,4452,1,2699.0067,3,3,2,332,Loyal
17038,4384,1,2698.7194,2,3,2,232,At Risk
26822,4362,1,2698.4432,1,3,2,132,At Risk
28416,4540,1,2698.4432,4,4,2,442,Champion
29480,4492,1,2698.4432,3,4,2,342,Loyal
25724,4593,1,2698.4432,5,5,2,552,Champion
18378,4355,1,2696.189,1,3,2,132,At Risk
20581,4385,1,2696.189,2,3,2,232,At Risk
17171,4383,1,2696.189,2,3,2,232,At Risk
16969,4369,1,2696.189,2,3,2,232,At Risk
18122,4392,1,2696.189,2,3,2,232,At Risk
18068,4386,1,2696.189,2,3,2,232,At Risk
24754,4467,1,2696.1779,3,3,2,332,Loyal
21037,4352,3,2694.2995,1,1,2,112,Lost
24811,4416,1,2694.0563,2,3,2,232,At Risk
24997,4337,1,2694.0563,1,4,2,142,At Risk
25008,4337,1,2694.0563,1,4,2,142,At Risk
25038,4329,1,2694.0563,1,4,2,142,At Risk
24818,4574,1,2694.0563,4,4,2,442,Champion
29308,4563,1,2694.0563,4,4,2,442,Champion
29317,4545,1,2694.0563,4,4,2,442,Champion
25184,4559,1,2694.0563,4,4,2,442,Champion
24432,4560,1,2694.0563,4,4,2,442,Champion
24815,4591,1,2694.0563,5,5,2,552,Champion
29196,4591,1,2694.0563,5,5,2,552,Champion
24998,4598,1,2694.0563,5,5,2,552,Champion
24436,4634,1,2694.0563,5,5,2,552,Champion
25161,4545,1,2694.0563,4,4,2,442,Champion
25425,4530,1,2694.0563,4,4,2,442,Champion
25765,4532,1,2694.0563,4,4,2,442,Champion
25285,4525,1,2694.0563,4,4,2,442,Champion
24645,4513,1,2694.0563,4,5,2,452,Champion
14731,4348,2,2690.7615,1,2,2,122,Needs Attention
17957,4424,2,2690.7615,2,2,2,222,Needs Attention
19415,4332,2,2690.7615,1,2,2,122,Needs Attention
18038,4410,2,2690.7615,2,2,2,222,Needs Attention
18046,4410,2,2690.7615,2,2,2,222,Needs Attention
18009,4418,2,2690.7615,2,2,2,222,Needs Attention
17971,4421,2,2690.7615,2,2,2,222,Needs Attention
16916,4373,1,2690.5866,2,3,2,232,At Risk
25163,4553,1,2688.5092,4,4,2,442,Champion
29316,4557,1,2688.5092,4,4,2,442,Champion
25729,4550,1,2688.5092,4,4,2,442,Champion
28377,4563,1,2688.5092,4,4,2,442,Champion
25080,4561,1,2688.5092,4,4,2,442,Champion
28365,4574,1,2688.5092,4,4,2,442,Champion
24219,4477,1,2688.5092,3,4,2,342,Loyal
24738,4473,1,2688.5092,3,4,2,342,Loyal
25406,4534,1,2688.5092,4,4,2,442,Champion
24198,4527,1,2688.5092,4,4,2,442,Champion
25405,4523,1,2688.5092,4,4,2,442,Champion
28523,4523,1,2688.5092,4,4,2,442,Champion
25105,4566,1,2688.5092,4,4,2,442,Champion
25415,4528,1,2688.5092,4,4,2,442,Champion
25404,4538,1,2688.5092,4,4,2,442,Champion
28714,4634,1,2688.5092,5,5,2,552,Champion
25720,4599,1,2688.5092,5,5,2,552,Champion
29289,4597,1,2688.5092,5,5,2,552,Champion
27901,4581,1,2688.5092,4,5,2,452,Champion
24790,4435,1,2688.5092,3,3,2,332,Loyal
24063,4661,1,2688.5092,5,5,2,552,Champion
28535,4654,1,2688.5092,5,5,2,552,Champion
25625,4690,1,2688.5092,5,5,2,552,Champion
17625,4420,1,2687.3048,2,3,2,232,At Risk
17956,4441,2,2686.6509,3,2,2,322,Potential Loyalist
25744,4482,1,2683.2605,3,4,2,342,Loyal
28696,4471,1,2682.9953,3,4,2,342,Loyal
24201,4497,1,2682.9953,3,5,2,352,Loyal
25758,4498,1,2682.9953,3,5,2,352,Loyal
29468,4535,1,2682.9953,4,4,2,442,Champion
24190,4522,1,2682.9953,4,4,2,442,Champion
29477,4521,1,2682.9953,4,4,2,442,Champion
24673,4604,1,2682.9953,5,5,2,552,Champion
25640,4642,1,2682.9953,5,5,2,552,Champion
24384,4420,1,2682.9953,2,3,2,232,At Risk
28742,4417,1,2682.9953,2,3,2,232,At Risk
28415,4553,1,2682.9953,4,4,2,442,Champion
27821,4647,1,2682.9953,5,5,2,552,Champion
18634,4390,2,2682.242,2,2,2,222,Needs Attention
24437,4638,1,2681.8792,5,5,2,552,Champion
25397,4515,1,2681.8792,4,5,2,452,Champion
28417,4535,1,2680.73,4,4,2,442,Champion
17555,4388,1,2677.9454,2,3,2,232,At Risk
17424,4369,1,2677.9454,2,3,2,232,At Risk
29369,4343,1,2676.9067,1,4,2,142,At Risk
29368,4380,1,2676.9067,2,3,2,232,At Risk
22343,4596,1,2676.9067,5,5,2,552,Champion
12783,4480,1,2674.6083,3,4,2,342,Loyal
24782,4474,1,2674.4757,3,4,2,342,Loyal
24359,4565,1,2674.4757,4,4,2,442,Champion
29184,4578,1,2674.4757,4,5,2,452,Champion
25457,4346,1,2674.4757,1,4,2,142,At Risk
28735,4562,1,2674.4757,4,4,2,442,Champion
25040,4354,1,2674.4757,1,3,2,132,At Risk
25319,4365,1,2674.4757,1,3,2,132,At Risk
26362,4401,1,2674.4757,2,3,2,232,At Risk
24783,4430,1,2674.4757,3,3,2,332,Loyal
24528,4655,1,2674.4757,5,5,2,552,Champion
29042,4679,1,2674.4757,5,5,2,552,Champion
18831,4330,1,2673.5033,1,4,2,142,At Risk
25042,4335,1,2673.0613,1,4,2,142,At Risk
28397,4562,1,2673.0613,4,4,2,442,Champion
25150,4564,1,2673.0613,4,4,2,442,Champion
29192,4577,1,2673.0613,4,4,2,442,Champion
24140,4572,1,2673.0613,4,4,2,442,Champion
25191,4550,1,2673.0613,4,4,2,442,Champion
29309,4549,1,2673.0613,4,4,2,442,Champion
29303,4547,1,2673.0613,4,4,2,442,Champion
24157,4546,1,2673.0613,4,4,2,442,Champion
28957,4571,1,2673.0613,4,4,2,442,Champion
25014,4346,1,2673.0613,1,4,2,142,At Risk
25077,4342,1,2673.0613,1,4,2,142,At Risk
26823,4343,1,2673.0613,1,4,2,142,At Risk
29310,4553,1,2673.0613,4,4,2,442,Champion
25060,4560,1,2673.0613,4,4,2,442,Champion
24793,4402,1,2673.0613,2,3,2,232,At Risk
24800,4402,1,2673.0613,2,3,2,232,At Risk
24801,4414,1,2673.0613,2,3,2,232,At Risk
24942,4388,1,2673.0613,2,3,2,232,At Risk
24792,4419,1,2673.0613,2,3,2,232,At Risk
24789,4420,1,2673.0613,2,3,2,232,At Risk
27868,4418,1,2673.0613,2,3,2,232,At Risk
28734,4418,1,2673.0613,2,3,2,232,At Risk
24810,4391,1,2673.0613,2,3,2,232,At Risk
26229,4391,1,2673.0613,2,3,2,232,At Risk
29367,4365,1,2673.0613,1,3,2,132,At Risk
25320,4365,1,2673.0613,1,3,2,132,At Risk
24979,4375,1,2673.0613,2,3,2,232,At Risk
25063,4351,1,2673.0613,1,3,2,132,At Risk
24828,4369,1,2673.0613,2,3,2,232,At Risk
29366,4366,1,2673.0613,1,3,2,132,At Risk
27870,4374,1,2673.0613,2,3,2,232,At Risk
24814,4383,1,2673.0613,2,3,2,232,At Risk
24708,4369,1,2673.0613,2,3,2,232,At Risk
24966,4580,1,2673.0613,4,5,2,452,Champion
24809,4591,1,2673.0613,5,5,2,552,Champion
29195,4594,1,2673.0613,5,5,2,552,Champion
24347,4594,1,2673.0613,5,5,2,552,Champion
29194,4585,1,2673.0613,4,5,2,452,Champion
24959,4584,1,2673.0613,4,5,2,452,Champion
24988,4596,1,2673.0613,5,5,2,552,Champion
24349,4597,1,2673.0613,5,5,2,552,Champion
25725,4595,1,2673.0613,5,5,2,552,Champion
28723,4596,1,2673.0613,5,5,2,552,Champion
24135,4603,1,2673.0613,5,5,2,552,Champion
24779,4607,1,2673.0613,5,5,2,552,Champion
25702,4602,1,2673.0613,5,5,2,552,Champion
24670,4605,1,2673.0613,5,5,2,552,Champion
29103,4599,1,2673.0613,5,5,2,552,Champion
24527,4632,1,2673.0613,5,5,2,552,Champion
28309,4639,1,2673.0613,5,5,2,552,Champion
28709,4628,1,2673.0613,5,5,2,552,Champion
29277,4629,1,2673.0613,5,5,2,552,Champion
28948,4630,1,2673.0613,5,5,2,552,Champion
24526,4634,1,2673.0613,5,5,2,552,Champion
25674,4624,1,2673.0613,5,5,2,552,Champion
28927,4626,1,2673.0613,5,5,2,552,Champion
24675,4627,1,2673.0613,5,5,2,552,Champion
24083,4644,1,2673.0613,5,5,2,552,Champion
24521,4643,1,2673.0613,5,5,2,552,Champion
24105,4615,1,2673.0613,5,5,2,552,Champion
27839,4618,1,2673.0613,5,5,2,552,Champion
28935,4613,1,2673.0613,5,5,2,552,Champion
27865,4532,1,2673.0613,4,4,2,442,Champion
25050,4568,1,2673.0613,4,4,2,442,Champion
25426,4529,1,2673.0613,4,4,2,442,Champion
25398,4535,1,2673.0613,4,4,2,442,Champion
25193,4536,1,2673.0613,4,4,2,442,Champion
29473,4536,1,2673.0613,4,4,2,442,Champion
25284,4538,1,2673.0613,4,4,2,442,Champion
24445,4540,1,2673.0613,4,4,2,442,Champion
28403,4543,1,2673.0613,4,4,2,442,Champion
29300,4543,1,2673.0613,4,4,2,442,Champion
25079,4541,1,2673.0613,4,4,2,442,Champion
24441,4540,1,2673.0613,4,4,2,442,Champion
25155,4541,1,2673.0613,4,4,2,442,Champion
22344,4542,1,2673.0613,4,4,2,442,Champion
24640,4521,1,2673.0613,4,5,2,452,Champion
25290,4513,1,2673.0613,4,5,2,452,Champion
28557,4498,1,2673.0613,3,5,2,352,Loyal
28695,4495,1,2673.0613,3,5,2,352,Loyal
25430,4511,1,2673.0613,4,5,2,452,Champion
24791,4430,1,2673.0613,3,3,2,332,Loyal
28732,4425,1,2673.0613,2,3,2,232,At Risk
28704,4449,1,2673.0613,3,3,2,332,Loyal
24761,4451,1,2673.0613,3,3,2,332,Loyal
24760,4466,1,2673.0613,3,3,2,332,Loyal
28703,4438,1,2673.0613,3,3,2,332,Loyal
26221,4439,1,2673.0613,3,3,2,332,Loyal
27819,4676,1,2673.0613,5,5,2,552,Champion
24425,4686,1,2673.0613,5,5,2,552,Champion
28201,4671,1,2673.0613,5,5,2,552,Champion
28204,4690,1,2673.0613,5,5,2,552,Champion
27820,4692,1,2673.0613,5,5,2,552,Champion
28202,4691,1,2673.0613,5,5,2,552,Champion
24669,4654,1,2673.0613,5,5,2,552,Champion
29137,4665,1,2673.0613,5,5,2,552,Champion
24405,4668,1,2673.0613,5,5,2,552,Champion
24660,4658,1,2673.0613,5,5,2,552,Champion
28720,4657,1,2673.0613,5,5,2,552,Champion
17004,4385,1,2672.4204,2,3,2,232,At Risk
24996,4386,1,2671.9453,2,3,2,232,At Risk
29360,4384,1,2671.9453,2,3,2,232,At Risk
25000,4343,1,2671.9453,1,4,2,142,At Risk
24354,4570,1,2671.9453,4,4,2,442,Champion
24358,4546,1,2671.9453,4,4,2,442,Champion
28549,4500,1,2671.9453,3,5,2,352,Loyal
24194,4514,1,2671.9453,4,5,2,452,Champion
24153,4586,1,2671.9453,5,5,2,552,Champion
24680,4610,1,2671.9453,5,5,2,552,Champion
24788,4432,1,2671.9453,3,3,2,332,Loyal
17003,4388,1,2670.1773,2,3,2,232,At Risk
18905,4336,1,2670.1552,1,4,2,142,At Risk
18420,4349,1,2668.564,1,4,2,142,At Risk
17543,4381,1,2668.564,2,3,2,232,At Risk
17412,4373,1,2668.564,2,3,2,232,At Risk
20573,4367,1,2668.564,1,3,2,132,At Risk
18231,4359,1,2668.564,1,3,2,132,At Risk
16987,4465,1,2668.564,3,3,2,332,Loyal
18236,4399,1,2668.564,2,3,2,232,At Risk
16104,4389,1,2668.5419,2,3,2,232,At Risk
18863,4336,1,2668.5419,1,4,2,142,At Risk
25458,4335,1,2666.4313,1,4,2,142,At Risk
24987,4374,1,2666.4313,2,3,2,232,At Risk
24136,4598,1,2666.4313,5,5,2,552,Champion
24806,4598,1,2666.4313,5,5,2,552,Champion
24061,4685,1,2666.4313,5,5,2,552,Champion
16653,4408,1,2665.2048,2,3,2,232,At Risk
18808,4339,1,2665.1937,1,4,2,142,At Risk
18400,4328,1,2662.9948,1,4,2,142,At Risk
28217,4634,1,2661.1605,5,5,2,552,Champion
29165,4633,1,2659.7792,5,5,2,552,Champion
28327,4644,1,2659.7792,5,5,2,552,Champion
24084,4623,1,2659.7792,5,5,2,552,Champion
24802,4598,1,2659.7792,5,5,2,552,Champion
29115,4587,1,2659.7792,5,5,2,552,Champion
24808,4593,1,2659.7792,5,5,2,552,Champion
25735,4537,1,2659.7792,4,4,2,442,Champion
24498,4529,1,2659.7792,4,4,2,442,Champion
28755,4528,1,2659.7792,4,4,2,442,Champion
26818,4410,1,2659.7792,2,3,2,232,At Risk
24798,4407,1,2659.7792,2,3,2,232,At Risk
26223,4422,1,2659.7792,2,3,2,232,At Risk
28733,4435,1,2659.7792,3,3,2,332,Loyal
24413,4678,1,2659.7792,5,5,2,552,Champion
16086,4389,1,2659.6798,2,3,2,232,At Risk
17461,4377,1,2659.6798,2,3,2,232,At Risk
24785,4429,1,2658.63,3,3,2,332,Loyal
17535,4380,1,2658.0444,2,3,2,232,At Risk
18533,4333,1,2658.0444,1,4,2,142,At Risk
13391,4415,1,2658.0444,2,3,2,232,At Risk
16852,4402,1,2658.0444,2,3,2,232,At Risk
17580,4369,1,2657.4919,2,3,2,232,At Risk
24560,4336,1,2657.4919,1,4,2,142,At Risk
13143,4476,1,2657.4919,3,4,2,342,Loyal
17441,4370,1,2657.4698,2,3,2,232,At Risk
17393,4371,1,2657.4256,2,3,2,232,At Risk
18516,4330,1,2657.4256,1,4,2,142,At Risk
17006,4364,1,2656.9283,1,3,2,132,At Risk
17613,4422,1,2654.1548,2,3,2,232,At Risk
16077,4428,1,2653.6023,3,3,2,332,Loyal
17013,4368,1,2653.6023,2,3,2,232,At Risk
18389,4407,1,2653.6023,2,3,2,232,At Risk
18540,4331,1,2653.6023,1,4,2,142,At Risk
12782,4507,1,2653.0498,4,5,2,452,Champion
22817,4343,1,2653.0277,1,4,2,142,At Risk
24427,4672,1,2652.3757,5,5,2,552,Champion
19353,4342,2,2652.0976,1,2,2,122,Needs Attention
11144,4665,1,2651.9669,5,5,2,552,Champion
21532,4333,1,2651.9448,1,4,2,142,At Risk
17582,4369,1,2650.3094,2,3,2,232,At Risk
24831,4374,1,2649.8453,2,3,2,232,At Risk
24972,4383,1,2649.8453,2,3,2,232,At Risk
29357,4414,1,2649.8453,2,3,2,232,At Risk
24796,4414,1,2649.8453,2,3,2,232,At Risk
26230,4408,1,2649.8453,2,3,2,232,At Risk
23667,4334,1,2649.8453,1,4,2,142,At Risk
24158,4554,1,2649.8453,4,4,2,442,Champion
28747,4546,1,2649.8453,4,4,2,442,Champion
27866,4503,1,2649.8453,4,5,2,452,Champion
28963,4579,1,2649.8453,4,5,2,452,Champion
24345,4617,1,2649.8453,5,5,2,552,Champion
28208,4636,1,2649.8453,5,5,2,552,Champion
25681,4631,1,2649.8453,5,5,2,552,Champion
24770,4476,1,2649.8453,3,4,2,342,Loyal
28524,4518,1,2649.8453,4,4,2,442,Champion
29478,4513,1,2649.8453,4,5,2,452,Champion
28446,4510,1,2649.8453,4,5,2,452,Champion
25738,4515,1,2649.8453,4,5,2,452,Champion
25623,4516,1,2649.8453,4,5,2,452,Champion
25396,4511,1,2649.8453,4,5,2,452,Champion
25622,4524,1,2649.8453,4,4,2,442,Champion
25407,4530,1,2649.8453,4,4,2,442,Champion
24353,4565,1,2649.8453,4,4,2,442,Champion
25334,4535,1,2649.8453,4,4,2,442,Champion
24756,4459,1,2649.8453,3,3,2,332,Loyal
24764,4464,1,2649.8453,3,3,2,332,Loyal
28206,4666,1,2649.8453,5,5,2,552,Champion
24414,4670,1,2649.8453,5,5,2,552,Champion
24529,4655,1,2649.8453,5,5,2,552,Champion
25618,4689,1,2649.8453,5,5,2,552,Champion
24434,4682,1,2649.8453,5,5,2,552,Champion
13918,4340,1,2649.7348,1,4,2,142,At Risk
18782,4338,1,2649.6906,1,4,2,142,At Risk
17563,4367,1,2649.6906,1,3,2,132,At Risk
13397,4374,1,2648.6187,2,3,2,232,At Risk
18515,4341,1,2648.6187,1,4,2,142,At Risk
23612,4344,1,2647.5358,1,4,2,142,At Risk
18413,4332,1,2647.5358,1,4,2,142,At Risk
16756,4401,1,2647.5358,2,3,2,232,At Risk
11158,4671,1,2647.5358,5,5,2,552,Champion
21057,4382,1,2646.4419,2,3,2,232,At Risk
18075,4381,1,2646.4419,2,3,2,232,At Risk
18824,4357,1,2646.4419,1,3,2,132,At Risk
18860,4350,1,2646.4419,1,3,2,132,At Risk
18377,4411,1,2646.4419,2,3,2,232,At Risk
13270,4420,1,2646.4198,2,3,2,232,At Risk
17425,4373,1,2646.4198,2,3,2,232,At Risk
18224,4381,1,2645.8673,2,3,2,232,At Risk
24707,4396,1,2644.3313,2,3,2,232,At Risk
24797,4409,1,2644.3313,2,3,2,232,At Risk
27872,4339,1,2644.3313,1,4,2,142,At Risk
25084,4344,1,2644.3313,1,4,2,142,At Risk
29392,4348,1,2644.3313,1,4,2,142,At Risk
25074,4547,1,2644.3313,4,4,2,442,Champion
25049,4571,1,2644.3313,4,4,2,442,Champion
24352,4551,1,2644.3313,4,4,2,442,Champion
25399,4535,1,2644.3313,4,4,2,442,Champion
24644,4539,1,2644.3313,4,4,2,442,Champion
25286,4529,1,2644.3313,4,4,2,442,Champion
25427,4531,1,2644.3313,4,4,2,442,Champion
29469,4523,1,2644.3313,4,4,2,442,Champion
23276,4498,1,2644.3313,3,5,2,352,Loyal
25429,4520,1,2644.3313,4,5,2,452,Champion
25401,4517,1,2644.3313,4,4,2,442,Champion
24653,4480,1,2644.3313,3,4,2,342,Loyal
24685,4486,1,2644.3313,3,4,2,342,Loyal
24340,4635,1,2644.3313,5,5,2,552,Champion
29256,4612,1,2644.3313,5,5,2,552,Champion
24110,4612,1,2644.3313,5,5,2,552,Champion
28923,4616,1,2644.3313,5,5,2,552,Champion
28954,4581,1,2644.3313,4,5,2,452,Champion
29292,4593,1,2644.3313,5,5,2,552,Champion
29183,4587,1,2644.3313,5,5,2,552,Champion
24819,4586,1,2644.3313,5,5,2,552,Champion
29191,4584,1,2644.3313,4,5,2,452,Champion
27880,4589,1,2644.3313,5,5,2,552,Champion
28712,4588,1,2644.3313,5,5,2,552,Champion
24683,4503,1,2644.3313,4,5,2,452,Champion
24684,4508,1,2644.3313,4,5,2,452,Champion
24784,4597,1,2644.3313,5,5,2,552,Champion
24351,4594,1,2644.3313,5,5,2,552,Champion
29179,4601,1,2644.3313,5,5,2,552,Champion
28940,4606,1,2644.3313,5,5,2,552,Champion
24762,4463,1,2644.3313,3,3,2,332,Loyal
24688,4451,1,2644.3313,3,3,2,332,Loyal
24787,4436,1,2644.3313,3,3,2,332,Loyal
24403,4684,1,2644.3313,5,5,2,552,Champion
28694,4675,1,2644.3313,5,5,2,552,Champion
24420,4667,1,2644.3313,5,5,2,552,Champion
28311,4662,1,2644.3313,5,5,2,552,Champion
18113,4379,1,2643.1158,2,3,2,232,At Risk
16113,4405,1,2643.1048,2,3,2,232,At Risk
16818,4410,1,2643.0937,2,3,2,232,At Risk
18611,4351,1,2643.0937,1,3,2,132,At Risk
16641,4391,1,2642.5302,2,3,2,232,At Risk
18878,4355,1,2641.9998,1,3,2,132,At Risk
11156,4682,1,2640.9169,5,5,2,552,Champion
18514,4349,1,2640.9058,1,3,2,132,At Risk
18561,4329,1,2640.9058,1,4,2,142,At Risk
13102,4592,1,2637.5687,5,5,2,552,Champion
13358,4427,1,2637.5687,3,3,2,332,Loyal
16478,4405,1,2636.4637,2,3,2,232,At Risk
17010,4371,1,2635.3919,2,3,2,232,At Risk
18839,4376,1,2635.3919,2,3,2,232,At Risk
17446,4358,1,2635.3808,1,3,2,132,At Risk
29358,4386,1,2634.3974,2,3,2,232,At Risk
25452,4371,1,2634.3974,2,3,2,232,At Risk
24958,4369,1,2634.3974,2,3,2,232,At Risk
25463,4330,1,2634.3974,1,4,2,142,At Risk
27871,4333,1,2634.3974,1,4,2,142,At Risk
29295,4571,1,2634.3974,4,4,2,442,Champion
25169,4548,1,2634.3974,4,4,2,442,Champion
25162,4556,1,2634.3974,4,4,2,442,Champion
29318,4561,1,2634.3974,4,4,2,442,Champion
29306,4554,1,2634.3974,4,4,2,442,Champion
25175,4556,1,2634.3974,4,4,2,442,Champion
29114,4587,1,2634.3974,5,5,2,552,Champion
29293,4586,1,2634.3974,5,5,2,552,Champion
29102,4599,1,2634.3974,5,5,2,552,Champion
24804,4595,1,2634.3974,5,5,2,552,Champion
24780,4624,1,2634.3974,5,5,2,552,Champion
24674,4624,1,2634.3974,5,5,2,552,Champion
28323,4645,1,2634.3974,5,5,2,552,Champion
25734,4516,1,2634.3974,4,5,2,452,Champion
25409,4521,1,2634.3974,4,4,2,442,Champion
25410,4530,1,2634.3974,4,4,2,442,Champion
29382,4540,1,2634.3974,4,4,2,442,Champion
24641,4535,1,2634.3974,4,4,2,442,Champion
24383,4464,1,2634.3974,3,3,2,332,Loyal
26209,4438,1,2634.3974,3,3,2,332,Loyal
28203,4685,1,2634.3974,5,5,2,552,Champion
28136,4688,1,2634.3974,5,5,2,552,Champion
24339,4693,1,2634.3974,5,5,2,552,Champion
24404,4668,1,2634.3974,5,5,2,552,Champion
28719,4655,1,2634.3974,5,5,2,552,Champion
16078,4436,1,2634.2648,3,3,2,332,Loyal
18528,4351,1,2632.0437,1,3,2,132,At Risk
16867,4413,1,2632.0437,2,3,2,232,At Risk
16845,4412,1,2630.4194,2,3,2,232,At Risk
16912,4360,1,2630.4194,1,3,2,132,At Risk
18067,4369,1,2630.4194,2,3,2,232,At Risk
17593,4382,1,2630.4194,2,3,2,232,At Risk
13711,4370,1,2630.4194,2,3,2,232,At Risk
18478,4349,1,2630.4194,1,4,2,142,At Risk
18441,4344,1,2630.4194,1,4,2,142,At Risk
16859,4400,1,2630.4194,2,3,2,232,At Risk
11136,4687,1,2630.4194,5,5,2,552,Champion
11041,4676,1,2630.4194,5,5,2,552,Champion
18518,4334,1,2629.8448,1,4,2,142,At Risk
20860,4527,3,2629.6901,4,1,2,412,Potential Loyalist
18566,4341,1,2629.3254,1,4,2,142,At Risk
17135,4366,1,2629.3144,1,3,2,132,At Risk
20587,4384,1,2628.7398,2,3,2,232,At Risk
20722,4553,3,2628.5741,4,1,2,412,Potential Loyalist
17134,4373,1,2626.5408,2,3,2,232,At Risk
17594,4359,1,2626.5408,1,3,2,132,At Risk
17536,4362,1,2626.5408,1,3,2,132,At Risk
17453,4361,1,2626.5408,1,3,2,132,At Risk
17421,4364,1,2626.5408,1,3,2,132,At Risk
17141,4358,1,2626.5408,1,3,2,132,At Risk
16869,4413,1,2626.5408,2,3,2,232,At Risk
18116,4405,1,2626.5408,2,3,2,232,At Risk
16144,4402,1,2626.5408,2,3,2,232,At Risk
16909,4390,1,2626.5408,2,3,2,232,At Risk
18838,4339,1,2626.5408,1,4,2,142,At Risk
18435,4349,1,2626.5408,1,4,2,142,At Risk
11523,4644,1,2626.5408,5,5,2,552,Champion
11888,4613,1,2626.5408,5,5,2,552,Champion
13100,4583,1,2626.5408,4,5,2,452,Champion
11526,4656,1,2626.5408,5,5,2,552,Champion
17005,4365,1,2625.9773,1,3,2,132,At Risk
18850,4351,1,2625.9773,1,3,2,132,At Risk
18395,4350,1,2624.3529,1,3,2,132,At Risk
16915,4358,1,2624.3529,1,3,2,132,At Risk
17622,4431,1,2624.3529,3,3,2,332,Loyal
20923,4412,3,2624.1541,2,1,2,212,Needs Attention
11037,4670,1,2623.5242,5,5,2,552,Champion
20912,4409,3,2623.038,2,1,2,212,Needs Attention
16112,4416,1,2622.6844,2,3,2,232,At Risk
23603,4338,1,2622.1098,1,4,2,142,At Risk
11063,4678,1,2622.1098,5,5,2,552,Champion
11021,4667,1,2621.0158,5,5,2,552,Champion
17427,4362,1,2621.0158,1,3,2,132,At Risk
15998,4439,1,2621.0158,3,3,2,332,Loyal
11132,4591,1,2620.9937,5,5,2,552,Champion
17475,4363,1,2619.9108,1,3,2,132,At Risk
17416,4388,1,2619.9108,2,3,2,232,At Risk
17420,4364,1,2619.0931,1,3,2,132,At Risk
18972,4384,1,2618.8169,2,3,2,232,At Risk
17458,4377,1,2618.8169,2,3,2,232,At Risk
16864,4391,1,2618.8169,2,3,2,232,At Risk
17604,4387,1,2618.8169,2,3,2,232,At Risk
16844,4395,1,2618.8169,2,3,2,232,At Risk
16087,4403,1,2618.8169,2,3,2,232,At Risk
16244,4403,1,2618.8169,2,3,2,232,At Risk
18376,4340,1,2618.8169,1,4,2,142,At Risk
18232,4378,1,2618.8169,2,3,2,232,At Risk
13417,4568,1,2618.8169,4,4,2,442,Champion
21538,4336,1,2618.8058,1,4,2,142,At Risk
21506,4338,1,2618.8058,1,4,2,142,At Risk
16100,4411,1,2618.8058,2,3,2,232,At Risk
16865,4395,1,2618.8058,2,3,2,232,At Risk
16832,4395,1,2618.8058,2,3,2,232,At Risk
16851,4394,1,2618.8058,2,3,2,232,At Risk
17176,4381,1,2618.8058,2,3,2,232,At Risk
17365,4374,1,2618.8058,2,3,2,232,At Risk
18961,4370,1,2618.8058,2,3,2,232,At Risk
18416,4352,1,2618.8058,1,3,2,132,At Risk
11618,4650,1,2618.8058,5,5,2,552,Champion
17581,4382,1,2618.2423,2,3,2,232,At Risk
20861,4524,3,2616.7064,4,1,2,412,Potential Loyalist
12451,4519,1,2616.5516,4,5,2,452,Champion
16147,4391,1,2615.756,2,3,2,232,At Risk
17399,4386,1,2615.4908,2,3,2,232,At Risk
16908,4411,1,2615.4908,2,3,2,232,At Risk
18849,4353,1,2615.4908,1,3,2,132,At Risk
18560,4351,1,2615.4908,1,3,2,132,At Risk
13878,4341,1,2615.4908,1,4,2,142,At Risk
12081,4562,1,2615.4908,4,4,2,442,Champion
17413,4373,1,2614.3637,2,3,2,232,At Risk
11647,4644,1,2614.3637,5,5,2,552,Champion
22803,4336,1,2613.3029,1,4,2,142,At Risk
27324,4347,1,2613.2919,1,4,2,142,At Risk
20930,4362,3,2611.9881,1,1,2,112,Lost
18519,4349,1,2610.3084,1,4,2,142,At Risk
18426,4331,1,2610.3084,1,4,2,142,At Risk
18783,4330,1,2610.3084,1,4,2,142,At Risk
18781,4330,1,2610.3084,1,4,2,142,At Risk
18379,4392,1,2610.3084,2,3,2,232,At Risk
13396,4541,1,2610.3084,4,4,2,442,Champion
16105,4418,1,2609.9548,2,3,2,232,At Risk
16914,4358,1,2609.9548,1,3,2,132,At Risk
21835,4347,1,2608.8498,1,4,2,142,At Risk
22800,4348,1,2607.7779,1,4,2,142,At Risk
18881,4333,1,2607.7779,1,4,2,142,At Risk
17544,4381,1,2607.7779,2,3,2,232,At Risk
18437,4353,1,2607.7779,1,3,2,132,At Risk
16906,4468,1,2607.7779,3,3,2,332,Loyal
18508,4343,1,2607.7558,1,4,2,142,At Risk
18381,4347,1,2607.2033,1,4,2,142,At Risk
16872,4401,1,2606.9602,2,3,2,232,At Risk
18817,4332,1,2604.7944,1,4,2,142,At Risk
16983,4363,1,2604.7944,1,3,2,132,At Risk
17624,4382,1,2604.7944,2,3,2,232,At Risk
17133,4384,1,2604.7944,2,3,2,232,At Risk
17552,4372,1,2604.7944,2,3,2,232,At Risk
16645,4407,1,2604.7944,2,3,2,232,At Risk
18539,4330,1,2604.4298,1,4,2,142,At Risk
18406,4332,1,2602.264,1,4,2,142,At Risk
13434,4404,1,2602.264,2,3,2,232,At Risk
17417,4363,1,2602.264,1,3,2,132,At Risk
12080,4600,1,2602.264,5,5,2,552,Champion
20553,4362,1,2602.2529,1,3,2,132,At Risk
18829,4353,1,2602.2529,1,3,2,132,At Risk
21505,4356,1,2602.2529,1,3,2,132,At Risk
17398,4384,1,2602.2529,2,3,2,232,At Risk
17267,4377,1,2602.2529,2,3,2,232,At Risk
16850,4413,1,2602.2529,2,3,2,232,At Risk
22810,4334,1,2602.2529,1,4,2,142,At Risk
21827,4337,1,2602.2529,1,4,2,142,At Risk
17474,4380,1,2602.2529,2,3,2,232,At Risk
26388,4348,1,2602.2529,1,4,2,142,At Risk
13916,4342,1,2602.2529,1,4,2,142,At Risk
15999,4441,1,2602.2529,3,2,2,322,Potential Loyalist
11036,4668,1,2602.2529,5,5,2,552,Champion
18862,4352,1,2601.6894,1,3,2,132,At Risk
18788,4365,1,2598.9158,1,3,2,132,At Risk
17612,4362,1,2598.9158,1,3,2,132,At Risk
18971,4369,1,2598.9158,2,3,2,232,At Risk
19710,4367,1,2598.9158,1,3,2,132,At Risk
17364,4368,1,2598.9158,2,3,2,232,At Risk
18578,4346,1,2598.9158,1,4,2,142,At Risk
18581,4344,1,2598.9158,1,4,2,142,At Risk
18479,4338,1,2598.9158,1,4,2,142,At Risk
18422,4348,1,2598.9158,1,4,2,142,At Risk
13393,4560,1,2598.9158,4,4,2,442,Champion
17009,4378,1,2598.9158,2,3,2,232,At Risk
18950,4380,1,2598.9158,2,3,2,232,At Risk
18547,4332,1,2598.9158,1,4,2,142,At Risk
12449,4529,1,2598.9158,4,4,2,442,Champion
13217,4430,1,2598.9158,3,3,2,332,Loyal
11062,4683,1,2598.9158,5,5,2,552,Champion
11265,4687,1,2598.9158,5,5,2,552,Champion
11040,4597,1,2597.8108,5,5,2,552,Champion
18432,4349,1,2597.8108,1,4,2,142,At Risk
18398,4346,1,2597.8108,1,4,2,142,At Risk
12090,4562,1,2597.8108,4,4,2,442,Champion
18785,4358,1,2597.8108,1,3,2,132,At Risk
18512,4350,1,2596.7279,1,3,2,132,At Risk
13743,4379,1,2596.7279,2,3,2,232,At Risk
11316,4678,1,2596.7279,5,5,2,552,Champion
18225,4381,1,2596.7058,2,3,2,232,At Risk
13455,4529,1,2596.6616,4,4,2,442,Champion
18532,4340,1,2591.4681,1,4,2,142,At Risk
18375,4336,1,2591.1808,1,4,2,142,At Risk
20589,4376,1,2591.1808,2,3,2,232,At Risk
18066,4374,1,2591.1808,2,3,2,232,At Risk
18819,4351,1,2591.1808,1,3,2,132,At Risk
23605,4357,1,2591.1808,1,3,2,132,At Risk
13454,4525,1,2590.4073,4,4,2,442,Champion
16833,4389,1,2590.0758,2,3,2,232,At Risk
16880,4393,1,2590.0758,2,3,2,232,At Risk
16854,4413,1,2588.9377,2,3,2,232,At Risk
18392,4398,1,2588.9377,2,3,2,232,At Risk
16785,4417,1,2588.9266,2,3,2,232,At Risk
17553,4364,1,2588.9266,1,3,2,132,At Risk
18513,4351,1,2587.8769,1,3,2,132,At Risk
18460,4351,1,2587.8769,1,3,2,132,At Risk
17363,4371,1,2587.8769,2,3,2,232,At Risk
17542,4372,1,2587.8769,2,3,2,232,At Risk
17545,4369,1,2587.8769,2,3,2,232,At Risk
19705,4381,1,2587.8769,2,3,2,232,At Risk
17439,4388,1,2587.8769,2,3,2,232,At Risk
16892,4392,1,2587.8769,2,3,2,232,At Risk
16116,4392,1,2587.8769,2,3,2,232,At Risk
16907,4392,1,2587.8769,2,3,2,232,At Risk
18613,4340,1,2587.8769,1,4,2,142,At Risk
17001,4379,1,2587.8769,2,3,2,232,At Risk
18429,4347,1,2587.8769,1,4,2,142,At Risk
13710,4387,1,2587.3133,2,3,2,232,At Risk
18959,4383,1,2587.3133,2,3,2,232,At Risk
17433,4374,1,2587.3133,2,3,2,232,At Risk
16111,4412,1,2586.7387,2,3,2,232,At Risk
22816,4343,1,2586.7387,1,4,2,142,At Risk
17460,4380,1,2585.6669,2,3,2,232,At Risk
12017,4611,1,2585.6669,5,5,2,552,Champion
18388,4337,1,2582.6834,1,4,2,142,At Risk
13706,4358,1,2582.6834,1,3,2,132,At Risk
17591,4359,1,2582.6834,1,3,2,132,At Risk
13387,4384,1,2582.6834,2,3,2,232,At Risk
13145,4382,1,2582.6834,2,3,2,232,At Risk
18352,4377,1,2580.1529,2,3,2,232,At Risk
17462,4373,1,2580.1529,2,3,2,232,At Risk
17157,4388,1,2580.1529,2,3,2,232,At Risk
18832,4344,1,2580.1529,1,4,2,142,At Risk
22836,4348,1,2580.1529,1,4,2,142,At Risk
17175,4438,1,2580.1529,3,3,2,332,Loyal
17037,4443,1,2580.1419,3,2,2,322,Potential Loyalist
18615,4343,1,2580.1419,1,4,2,142,At Risk
27951,4342,1,2580.1419,1,4,2,142,At Risk
18399,4353,1,2580.1419,1,3,2,132,At Risk
17592,4363,1,2580.1419,1,3,2,132,At Risk
18951,4359,1,2580.1419,1,3,2,132,At Risk
11135,4582,1,2580.1419,4,5,2,452,Champion
18427,4345,1,2579.5783,1,4,2,142,At Risk
26406,4339,1,2579.5783,1,4,2,142,At Risk
18428,4348,1,2577.1694,1,4,2,142,At Risk
13709,4375,1,2577.1694,2,3,2,232,At Risk
17017,4358,1,2577.1694,1,3,2,132,At Risk
12903,4501,1,2577.1694,4,5,2,452,Champion
11016,4650,1,2577.1694,5,5,2,552,Champion
12447,4567,1,2576.8048,4,4,2,442,Champion
18864,4351,1,2576.8048,1,3,2,132,At Risk
17002,4368,1,2576.8048,1,3,2,132,At Risk
13851,4375,1,2576.8048,2,3,2,232,At Risk
17400,4436,1,2576.8048,3,3,2,332,Loyal
16007,4449,1,2574.639,3,3,2,332,Loyal
19746,4376,1,2574.639,2,3,2,232,At Risk
13370,4368,1,2574.639,1,3,2,132,At Risk
17470,4371,1,2574.639,2,3,2,232,At Risk
17007,4375,1,2574.639,2,3,2,232,At Risk
17401,4360,1,2574.639,1,3,2,132,At Risk
16095,4410,1,2574.639,2,3,2,232,At Risk
18595,4391,1,2574.639,2,3,2,232,At Risk
18480,4338,1,2574.639,1,4,2,142,At Risk
13987,4332,1,2574.639,1,3,2,132,At Risk
18827,4329,1,2574.6279,1,4,2,142,At Risk
25786,4339,1,2574.6279,1,4,2,142,At Risk
13853,4343,1,2574.6279,1,4,2,142,At Risk
18497,4346,1,2574.6279,1,4,2,142,At Risk
18876,4341,1,2574.6279,1,4,2,142,At Risk
21542,4348,1,2574.6279,1,4,2,142,At Risk
18433,4405,1,2574.6279,2,3,2,232,At Risk
12781,4521,1,2574.6279,4,5,2,452,Champion
12902,4486,1,2574.6279,3,4,2,342,Loyal
12914,4503,1,2574.6279,4,5,2,452,Champion
11162,4641,1,2574.6279,5,5,2,552,Champion
16146,4400,1,2574.6279,2,3,2,232,At Risk
11053,4673,1,2574.6279,5,5,2,552,Champion
18922,4358,1,2571.2908,1,3,2,132,At Risk
17623,4381,1,2571.2908,2,3,2,232,At Risk
16968,4368,1,2570.1858,1,3,2,132,At Risk
17264,4365,1,2570.1858,1,3,2,132,At Risk
18594,4340,1,2570.1858,1,4,2,142,At Risk
13415,4544,1,2570.1858,4,4,2,442,Champion
16893,4400,1,2570.1858,2,3,2,232,At Risk
13241,4443,1,2570.1858,3,2,2,322,Potential Loyalist
16079,4438,1,2569.0366,3,3,2,332,Loyal
17508,4364,1,2569.0366,1,3,2,132,At Risk
13398,4365,1,2566.1194,1,3,2,132,At Risk
18882,4360,1,2566.1194,1,3,2,132,At Risk
16979,4373,1,2566.1194,2,3,2,232,At Risk
16868,4401,1,2566.1194,2,3,2,232,At Risk
16101,4403,1,2566.1194,2,3,2,232,At Risk
16145,4413,1,2566.1194,2,3,2,232,At Risk
18586,4330,1,2566.1194,1,4,2,142,At Risk
18418,4328,1,2566.1194,1,4,2,142,At Risk
21828,4345,1,2566.1194,1,4,2,142,At Risk
11160,4638,1,2566.1194,5,5,2,552,Champion
17403,4449,1,2566.1194,3,3,2,332,Loyal
11022,4670,1,2566.1194,5,5,2,552,Champion
11155,4684,1,2563.589,5,5,2,552,Champion
11154,4680,1,2563.589,5,5,2,552,Champion
13209,4447,1,2563.589,3,3,2,332,Loyal
16753,4398,1,2563.589,2,3,2,232,At Risk
13271,4432,1,2563.589,3,3,2,332,Loyal
13377,4569,1,2563.589,4,4,2,442,Champion
21537,4347,1,2563.589,1,4,2,142,At Risk
18643,4345,1,2563.589,1,4,2,142,At Risk
13414,4564,1,2563.589,4,4,2,442,Champion
11512,4328,1,2563.589,1,4,2,142,At Risk
18538,4333,1,2563.589,1,4,2,142,At Risk
18614,4336,1,2563.589,1,4,2,142,At Risk
18412,4336,1,2563.589,1,4,2,142,At Risk
16081,4391,1,2563.589,2,3,2,232,At Risk
16881,4389,1,2563.589,2,3,2,232,At Risk
16148,4418,1,2563.589,2,3,2,232,At Risk
16114,4400,1,2563.589,2,3,2,232,At Risk
17537,4369,1,2563.589,2,3,2,232,At Risk
17268,4368,1,2563.589,2,3,2,232,At Risk
17140,4369,1,2563.589,2,3,2,232,At Risk
16989,4360,1,2563.589,1,3,2,132,At Risk
18351,4363,1,2563.589,1,3,2,132,At Risk
18527,4357,1,2563.589,1,3,2,132,At Risk
18818,4336,1,2562.7823,1,4,2,142,At Risk
24841,4339,1,2562.7823,1,4,2,142,At Risk
13027,4467,1,2562.7823,3,3,2,332,Loyal
11251,4399,1,2562.4508,2,3,2,232,At Risk
18582,4339,1,2562.4508,1,4,2,142,At Risk
18403,4330,1,2562.4508,1,4,2,142,At Risk
13394,4558,1,2562.4508,4,4,2,442,Champion
18481,4352,1,2562.4508,1,3,2,132,At Risk
17546,4384,1,2562.4508,2,3,2,232,At Risk
16961,4387,1,2562.4508,2,3,2,232,At Risk
18237,4417,1,2562.4508,2,3,2,232,At Risk
13473,4530,1,2562.4508,4,4,2,442,Champion
16981,4369,1,2561.3016,2,3,2,232,At Risk
18526,4332,1,2561.3016,1,4,2,142,At Risk
18353,4379,1,2560.2519,2,3,2,232,At Risk
13428,4559,1,2560.2519,4,4,2,442,Champion
18894,4342,1,2560.2519,1,4,2,142,At Risk
17008,4371,1,2560.2519,2,3,2,232,At Risk
16967,4376,1,2560.2519,2,3,2,232,At Risk
17524,4365,1,2560.2519,1,3,2,132,At Risk
16819,4404,1,2560.2519,2,3,2,232,At Risk
16871,4410,1,2560.2519,2,3,2,232,At Risk
16755,4398,1,2560.2519,2,3,2,232,At Risk
11020,4692,1,2560.2519,5,5,2,552,Champion
18442,4341,1,2555.0473,1,4,2,142,At Risk
18386,4346,1,2552.5169,1,4,2,142,At Risk
17139,4379,1,2552.5169,2,3,2,232,At Risk
22797,4336,1,2552.5169,1,4,2,142,At Risk
23621,4339,1,2552.5169,1,4,2,142,At Risk
18357,4386,1,2552.5169,2,3,2,232,At Risk
17362,4362,1,2552.5169,1,3,2,132,At Risk
25777,4351,1,2552.5169,1,3,2,132,At Risk
13154,4381,1,2552.5169,2,3,2,232,At Risk
11145,4665,1,2552.5169,5,5,2,552,Champion
11064,4665,1,2547.0029,5,5,2,552,Champion
22824,4342,1,2547.0029,1,4,2,142,At Risk
17402,4428,1,2547.0029,3,3,2,332,Loyal
18394,4340,1,2538.4944,1,4,2,142,At Risk
17136,4380,1,2538.4944,2,3,2,232,At Risk
18610,4330,1,2538.4944,1,4,2,142,At Risk
17423,4373,1,2538.4944,2,3,2,232,At Risk
16779,4393,1,2538.4944,2,3,2,232,At Risk
17415,4388,1,2538.4944,2,3,2,232,At Risk
18401,4390,1,2535.964,2,3,2,232,At Risk
16786,4391,1,2535.964,2,3,2,232,At Risk
16344,4396,1,2535.964,2,3,2,232,At Risk
16882,4392,1,2535.964,2,3,2,232,At Risk
16839,4407,1,2535.964,2,3,2,232,At Risk
13852,4358,1,2535.964,1,3,2,132,At Risk
18840,4357,1,2535.964,1,3,2,132,At Risk
16835,4405,1,2535.964,2,3,2,232,At Risk
17000,4374,1,2535.964,2,3,2,232,At Risk
13399,4378,1,2535.964,2,3,2,232,At Risk
17414,4377,1,2535.964,2,3,2,232,At Risk
18537,4350,1,2535.964,1,3,2,132,At Risk
18592,4357,1,2535.964,1,3,2,132,At Risk
18393,4354,1,2535.964,1,3,2,132,At Risk
21527,4330,1,2535.964,1,4,2,142,At Risk
17499,4380,1,2535.964,2,3,2,232,At Risk
25770,4332,1,2535.964,1,4,2,142,At Risk
18789,4335,1,2535.964,1,4,2,142,At Risk
21833,4347,1,2535.964,1,4,2,142,At Risk
18436,4343,1,2535.964,1,4,2,142,At Risk
12086,4556,1,2535.964,4,4,2,442,Champion
13427,4549,1,2535.964,4,4,2,442,Champion
12785,4481,1,2535.964,3,4,2,342,Loyal
11693,4662,1,2535.964,5,5,2,552,Champion
11152,4681,1,2535.964,5,5,2,552,Champion
29882,4723,4,2535.9086,5,1,2,512,Potential Loyalist
25029,4479,2,2510.7782,3,1,2,312,Potential Loyalist
24889,4613,2,2508.2478,5,1,2,512,Potential Loyalist
29881,4357,4,2507.2723,1,1,2,112,Lost
24611,4661,2,2452.4563,5,1,2,512,Potential Loyalist
24887,4620,2,2451.8817,5,1,2,512,Potential Loyalist
30006,4357,3,2450.4786,1,1,2,112,Lost
24919,4568,2,2445.2407,4,2,2,422,Potential Loyalist
24904,4611,2,2430.8867,5,1,2,512,Potential Loyalist
25108,4472,2,2430.3453,3,1,2,312,Potential Loyalist
24905,4599,2,2426.4778,5,1,2,512,Potential Loyalist
25231,4498,2,2419.8367,3,1,2,312,Potential Loyalist
25218,4498,2,2414.3117,3,1,2,312,Potential Loyalist
25213,4505,2,2414.3117,4,1,2,412,Potential Loyalist
25032,4476,2,2414.3117,3,1,2,312,Potential Loyalist
25035,4522,2,2413.2178,4,2,2,422,Potential Loyalist
25053,4538,2,2413.2178,4,1,2,412,Potential Loyalist
24907,4594,2,2413.2178,5,1,2,512,Potential Loyalist
24910,4589,2,2413.2178,5,1,2,512,Potential Loyalist
26049,4872,1,2410.6266,5,5,2,552,Champion
26310,4753,1,2410.6266,5,5,2,552,Champion
24977,5045,1,2410.6266,5,5,2,552,Champion
24824,5041,1,2410.6266,5,5,2,552,Champion
24817,5039,1,2410.6266,5,5,2,552,Champion
28819,5022,1,2410.6266,5,5,2,552,Champion
24832,5029,1,2410.6266,5,5,2,552,Champion
24976,5054,1,2410.6266,5,5,2,552,Champion
25046,5054,1,2410.6266,5,5,2,552,Champion
24781,5052,1,2410.6266,5,5,2,552,Champion
28669,5033,1,2410.6266,5,5,2,552,Champion
25093,5042,1,2410.6266,5,5,2,552,Champion
26235,4772,1,2410.6266,5,5,2,552,Champion
26279,4727,1,2410.6266,5,5,2,552,Champion
29152,4978,1,2410.6266,5,5,2,552,Champion
25911,4967,1,2410.6266,5,5,2,552,Champion
25999,4879,1,2410.6266,5,5,2,552,Champion
29336,4943,1,2410.6266,5,5,2,552,Champion
29154,4940,1,2410.6266,5,5,2,552,Champion
28832,5021,1,2410.6266,5,5,2,552,Champion
28818,5013,1,2410.6266,5,5,2,552,Champion
28848,5014,1,2410.6266,5,5,2,552,Champion
28837,5016,1,2410.6266,5,5,2,552,Champion
25371,5011,1,2410.6266,5,5,2,552,Champion
29013,5004,1,2410.6266,5,5,2,552,Champion
29135,5003,1,2410.6266,5,5,2,552,Champion
24921,4558,2,2409.3503,4,2,2,422,Potential Loyalist
25030,4457,2,2409.3503,3,2,2,322,Potential Loyalist
25113,4459,2,2409.3503,3,2,2,322,Potential Loyalist
24917,4557,2,2408.7978,4,2,2,422,Potential Loyalist
25126,4522,2,2403.2838,4,2,2,422,Potential Loyalist
25051,4525,2,2403.2838,4,2,2,422,Potential Loyalist
25234,4494,2,2403.2838,3,1,2,312,Potential Loyalist
24888,4606,2,2403.2838,5,1,2,512,Potential Loyalist
24901,4626,2,2403.2838,5,1,2,512,Potential Loyalist
25127,4508,2,2403.2838,4,1,2,412,Potential Loyalist
25037,4517,2,2403.2838,4,1,2,412,Potential Loyalist
29657,4388,3,2401.8762,2,1,2,212,Needs Attention
25106,4525,2,2398.8638,4,2,2,422,Potential Loyalist
24916,4568,2,2397.7367,4,2,2,422,Potential Loyalist
29612,4357,3,2395.3115,1,1,2,112,Lost
25034,4519,2,2392.2228,4,1,2,412,Potential Loyalist
24903,4622,2,2392.2228,5,1,2,512,Potential Loyalist
24923,4551,2,2386.1342,4,2,2,422,Potential Loyalist
25226,4489,2,2385.5817,3,1,2,312,Potential Loyalist
25229,4493,2,2382.2888,3,1,2,312,Potential Loyalist
25243,4476,2,2382.2888,3,1,2,312,Potential Loyalist
25133,4479,2,2382.2888,3,1,2,312,Potential Loyalist
25120,4523,2,2382.2888,4,2,2,422,Potential Loyalist
24913,4559,2,2382.2888,4,2,2,422,Potential Loyalist
25115,4523,2,2382.2888,4,2,2,422,Potential Loyalist
24920,4568,2,2382.2888,4,2,2,422,Potential Loyalist
24900,4625,2,2382.2888,5,1,2,512,Potential Loyalist
24615,4624,2,2382.2888,5,1,2,512,Potential Loyalist
24908,4583,2,2382.2888,4,1,2,412,Potential Loyalist
25121,4520,2,2382.2888,4,1,2,412,Potential Loyalist
25052,4510,2,2382.2888,4,1,2,412,Potential Loyalist
25215,4504,2,2382.2888,4,1,2,412,Potential Loyalist
24606,4677,2,2382.2888,5,1,2,512,Potential Loyalist
25114,4462,2,2382.2888,3,2,2,322,Potential Loyalist
25112,4456,2,2382.2888,3,2,2,322,Potential Loyalist
25235,4453,2,2382.2888,3,2,2,322,Potential Loyalist
24612,4643,2,2378.1782,5,1,2,512,Potential Loyalist
24909,4575,2,2375.6478,4,2,2,422,Potential Loyalist
24914,4568,2,2375.6478,4,2,2,422,Potential Loyalist
25214,4486,2,2375.6478,3,1,2,312,Potential Loyalist
25119,4521,2,2373.7693,4,1,2,412,Potential Loyalist
24613,4656,2,2373.7693,5,1,2,512,Potential Loyalist
25111,4534,2,2371.2388,4,2,2,422,Potential Loyalist
24922,4543,2,2371.2388,4,1,2,412,Potential Loyalist
24915,4561,2,2371.2388,4,2,2,422,Potential Loyalist
25107,4540,2,2369.0067,4,1,2,412,Potential Loyalist
24924,4537,2,2369.0067,4,1,2,412,Potential Loyalist
25221,4477,2,2369.0067,3,1,2,312,Potential Loyalist
25225,4481,2,2353.5588,3,1,2,312,Potential Loyalist
25228,4479,2,2343.6249,3,1,2,312,Potential Loyalist
25138,4490,2,2343.6249,3,1,2,312,Potential Loyalist
25057,4539,2,2343.6249,4,1,2,412,Potential Loyalist
25036,4533,2,2343.6249,4,2,2,422,Potential Loyalist
24918,4549,2,2343.6249,4,2,2,422,Potential Loyalist
25242,4471,2,2343.6249,3,1,2,312,Potential Loyalist
25033,4473,2,2343.6249,3,1,2,312,Potential Loyalist
24614,4643,2,2343.6249,5,1,2,512,Potential Loyalist
24608,4641,2,2343.6249,5,1,2,512,Potential Loyalist
24902,4605,2,2343.6249,5,1,2,512,Potential Loyalist
24912,4587,2,2343.6249,5,1,2,512,Potential Loyalist
24609,4656,2,2343.6249,5,1,2,512,Potential Loyalist
25222,4453,2,2343.6249,3,2,2,322,Potential Loyalist
25240,4464,2,2343.6249,3,2,2,322,Potential Loyalist
29777,4388,2,2343.3714,2,2,2,222,Needs Attention
29785,4388,4,2302.4574,2,1,2,212,Needs Attention
26481,4946,1,2288.9187,5,5,2,552,Champion
28707,4951,1,2288.9187,5,5,2,552,Champion
28708,4958,1,2288.9187,5,5,2,552,Champion
28711,4961,1,2288.9187,5,5,2,552,Champion
27064,4843,1,2288.9187,5,5,2,552,Champion
28560,4993,1,2288.9187,5,5,2,552,Champion
28727,4907,1,2288.9187,5,5,2,552,Champion
28736,4876,1,2288.9187,5,5,2,552,Champion
27271,4728,1,2288.9187,5,5,2,552,Champion
27277,4726,1,2288.9187,5,5,2,552,Champion
27264,4735,1,2288.9187,5,5,2,552,Champion
27423,4736,1,2288.9187,5,5,2,552,Champion
27227,4760,1,2288.9187,5,5,2,552,Champion
27256,4761,1,2288.9187,5,5,2,552,Champion
27239,4766,1,2288.9187,5,5,2,552,Champion
27206,4769,1,2288.9187,5,5,2,552,Champion
27212,4770,1,2288.9187,5,5,2,552,Champion
27234,4771,1,2288.9187,5,5,2,552,Champion
27228,4773,1,2288.9187,5,5,2,552,Champion
27211,4774,1,2288.9187,5,5,2,552,Champion
27549,4723,1,2288.9187,5,5,2,552,Champion
27257,4755,1,2288.9187,5,5,2,552,Champion
26183,5032,1,2288.9187,5,5,2,552,Champion
28532,5024,1,2288.9187,5,5,2,552,Champion
28510,5041,1,2288.9187,5,5,2,552,Champion
26249,5047,1,2288.9187,5,5,2,552,Champion
26174,5048,1,2288.9187,5,5,2,552,Champion
27289,4753,1,2288.9187,5,5,2,552,Champion
27405,4752,1,2288.9187,5,5,2,552,Champion
27286,4731,1,2288.9187,5,5,2,552,Champion
27448,4732,1,2288.9187,5,5,2,552,Champion
27266,4749,1,2288.9187,5,5,2,552,Champion
27258,4749,1,2288.9187,5,5,2,552,Champion
27021,4820,1,2288.9187,5,5,2,552,Champion
29414,4823,1,2288.9187,5,5,2,552,Champion
27076,4825,1,2288.9187,5,5,2,552,Champion
27077,4832,1,2288.9187,5,5,2,552,Champion
27050,4832,1,2288.9187,5,5,2,552,Champion
27056,4835,1,2288.9187,5,5,2,552,Champion
27078,4839,1,2288.9187,5,5,2,552,Champion
27020,4840,1,2288.9187,5,5,2,552,Champion
26811,4863,1,2288.9187,5,5,2,552,Champion
27091,4790,1,2288.9187,5,5,2,552,Champion
27094,4791,1,2288.9187,5,5,2,552,Champion
26710,4858,1,2288.9187,5,5,2,552,Champion
26735,4860,1,2288.9187,5,5,2,552,Champion
26786,4866,1,2288.9187,5,5,2,552,Champion
26805,4866,1,2288.9187,5,5,2,552,Champion
29361,4867,1,2288.9187,5,5,2,552,Champion
26717,4867,1,2288.9187,5,5,2,552,Champion
27063,4829,1,2288.9187,5,5,2,552,Champion
27054,4843,1,2288.9187,5,5,2,552,Champion
29380,4849,1,2288.9187,5,5,2,552,Champion
26726,4854,1,2288.9187,5,5,2,552,Champion
27087,4814,1,2288.9187,5,5,2,552,Champion
27108,4801,1,2288.9187,5,5,2,552,Champion
27080,4803,1,2288.9187,5,5,2,552,Champion
27079,4804,1,2288.9187,5,5,2,552,Champion
27088,4808,1,2288.9187,5,5,2,552,Champion
27468,4705,1,2288.9187,5,5,2,552,Champion
27554,4705,1,2288.9187,5,5,2,552,Champion
27508,4707,1,2288.9187,5,5,2,552,Champion
27531,4709,1,2288.9187,5,5,2,552,Champion
27576,4710,1,2288.9187,5,5,2,552,Champion
27552,4714,1,2288.9187,5,5,2,552,Champion
27534,4714,1,2288.9187,5,5,2,552,Champion
27504,4714,1,2288.9187,5,5,2,552,Champion
27544,4702,1,2288.9187,5,5,2,552,Champion
27547,4718,1,2288.9187,5,5,2,552,Champion
27575,4721,1,2288.9187,5,5,2,552,Champion
27553,4722,1,2264.2536,5,5,2,552,Champion
27523,4702,1,2264.2536,5,5,2,552,Champion
27558,4715,1,2264.2536,5,5,2,552,Champion
27551,4715,1,2264.2536,5,5,2,552,Champion
27535,4716,1,2264.2536,5,5,2,552,Champion
27555,4711,1,2264.2536,5,5,2,552,Champion
27556,4695,1,2264.2536,5,5,2,552,Champion
27559,4697,1,2264.2536,5,5,2,552,Champion
27524,4698,1,2264.2536,5,5,2,552,Champion
27546,4700,1,2264.2536,5,5,2,552,Champion
27467,4701,1,2264.2536,5,5,2,552,Champion
29479,4808,1,2264.2536,5,5,2,552,Champion
27083,4804,1,2264.2536,5,5,2,552,Champion
29483,4803,1,2264.2536,5,5,2,552,Champion
27081,4802,1,2264.2536,5,5,2,552,Champion
26724,4855,1,2264.2536,5,5,2,552,Champion
26725,4856,1,2264.2536,5,5,2,552,Champion
29364,4851,1,2264.2536,5,5,2,552,Champion
26731,4844,1,2264.2536,5,5,2,552,Champion
26814,4861,1,2264.2536,5,5,2,552,Champion
26734,4862,1,2264.2536,5,5,2,552,Champion
29482,4794,1,2264.2536,5,5,2,552,Champion
27086,4796,1,2264.2536,5,5,2,552,Champion
29450,4796,1,2264.2536,5,5,2,552,Champion
27095,4798,1,2264.2536,5,5,2,552,Champion
26711,4863,1,2264.2536,5,5,2,552,Champion
26801,4864,1,2264.2536,5,5,2,552,Champion
27089,4785,1,2264.2536,5,5,2,552,Champion
27090,4788,1,2264.2536,5,5,2,552,Champion
29415,4841,1,2264.2536,5,5,2,552,Champion
26815,4842,1,2264.2536,5,5,2,552,Champion
29397,4835,1,2264.2536,5,5,2,552,Champion
27058,4838,1,2264.2536,5,5,2,552,Champion
29404,4838,1,2264.2536,5,5,2,552,Champion
27069,4825,1,2264.2536,5,5,2,552,Champion
27045,4826,1,2264.2536,5,5,2,552,Champion
27068,4827,1,2264.2536,5,5,2,552,Champion
27067,4823,1,2264.2536,5,5,2,552,Champion
27051,4823,1,2264.2536,5,5,2,552,Champion
27047,4824,1,2264.2536,5,5,2,552,Champion
27260,4750,1,2264.2536,5,5,2,552,Champion
27263,4751,1,2264.2536,5,5,2,552,Champion
27292,4751,1,2264.2536,5,5,2,552,Champion
27261,4733,1,2264.2536,5,5,2,552,Champion
27421,4746,1,2264.2536,5,5,2,552,Champion
27268,4747,1,2264.2536,5,5,2,552,Champion
27044,4816,1,2264.2536,5,5,2,552,Champion
27425,4753,1,2264.2536,5,5,2,552,Champion
26127,5050,1,2264.2536,5,5,2,552,Champion
27240,4774,1,2264.2536,5,5,2,552,Champion
27226,4777,1,2264.2536,5,5,2,552,Champion
27231,4778,1,2264.2536,5,5,2,552,Champion
27251,4780,1,2264.2536,5,5,2,552,Champion
27193,4783,1,2264.2536,5,5,2,552,Champion
27275,4724,1,2264.2536,5,5,2,552,Champion
27254,4762,1,2264.2536,5,5,2,552,Champion
27235,4761,1,2264.2536,5,5,2,552,Champion
27269,4741,1,2264.2536,5,5,2,552,Champion
27272,4743,1,2264.2536,5,5,2,552,Champion
27262,4729,1,2264.2536,5,5,2,552,Champion
27276,4729,1,2264.2536,5,5,2,552,Champion
27205,4759,1,2264.2536,5,5,2,552,Champion
27424,4731,1,2264.2536,5,5,2,552,Champion
27431,4726,1,2264.2536,5,5,2,552,Champion
27232,4772,1,2264.2536,5,5,2,552,Champion
27255,4772,1,2264.2536,5,5,2,552,Champion
27416,4728,1,2264.2536,5,5,2,552,Champion
28685,4994,1,2264.2536,5,5,2,552,Champion
28683,4983,1,2264.2536,5,5,2,552,Champion
28559,4986,1,2264.2536,5,5,2,552,Champion
28690,4937,1,2264.2536,5,5,2,552,Champion
28724,4942,1,2264.2536,5,5,2,552,Champion
28749,4882,1,2264.2536,5,5,2,552,Champion
28728,4887,1,2264.2536,5,5,2,552,Champion
28739,4888,1,2264.2536,5,5,2,552,Champion
28689,4946,1,2264.2536,5,5,2,552,Champion
28519,5004,1,2264.2536,5,5,2,552,Champion
28512,5004,1,2264.2536,5,5,2,552,Champion
28540,5008,1,2264.2536,5,5,2,552,Champion
28529,4999,1,2264.2536,5,5,2,552,Champion
28541,5022,1,2264.2536,5,5,2,552,Champion
28547,5017,1,2264.2536,5,5,2,552,Champion
26566,4413,2,2228.7298,2,2,2,222,Needs Attention
20831,4521,2,2224.3098,4,1,2,412,Potential Loyalist
20835,4460,2,2212.6963,3,2,2,322,Potential Loyalist
26423,4377,2,2212.1769,2,2,2,222,Needs Attention
26746,4408,2,2211.6023,2,2,2,222,Needs Attention
20062,4601,2,2207.1823,5,1,2,512,Potential Loyalist
26150,4358,2,2201.6684,1,2,2,122,Needs Attention
26795,4376,2,2201.6684,2,2,2,222,Needs Attention
20980,4373,2,2190.0659,2,2,2,222,Needs Attention
19320,4685,2,2190.0659,5,1,2,512,Potential Loyalist
26422,4366,2,2188.9609,1,2,2,122,Needs Attention
26663,4391,2,2184.5188,2,2,2,222,Needs Attention
29930,4754,5,2183.9598,5,1,2,512,Potential Loyalist
26375,4367,2,2178.4523,1,2,2,122,Needs Attention
26204,4367,2,2174.0323,1,2,2,122,Needs Attention
26135,4418,2,2174.0323,2,2,2,222,Needs Attention
20166,4595,2,2174.0323,5,1,2,512,Potential Loyalist
19427,4526,2,2174.0323,4,2,2,422,Potential Loyalist
20830,4514,2,2172.9384,4,1,2,412,Potential Loyalist
20162,4590,2,2172.9384,5,1,2,512,Potential Loyalist
26589,4352,2,2172.9384,1,2,2,122,Needs Attention
20874,4418,2,2168.5184,2,2,2,222,Needs Attention
20970,4387,2,2168.5184,2,2,2,222,Needs Attention
20829,4527,2,2168.5184,4,2,2,422,Potential Loyalist
19458,4526,2,2163.0044,4,2,2,422,Potential Loyalist
19336,4645,2,2163.0044,5,1,2,512,Potential Loyalist
19335,4684,2,2163.0044,5,1,2,512,Potential Loyalist
26165,4386,2,2163.0044,2,2,2,222,Needs Attention
26138,4394,2,2163.0044,2,2,2,222,Needs Attention
25960,4421,2,2163.0044,2,2,2,222,Needs Attention
26660,4418,2,2163.0044,2,2,2,222,Needs Attention
26563,4397,2,2163.0044,2,2,2,222,Needs Attention
20896,4406,2,2163.0044,2,2,2,222,Needs Attention
26435,4362,2,2163.0044,1,2,2,122,Needs Attention
26440,4366,2,2163.0044,1,2,2,122,Needs Attention
26651,4354,2,2163.0044,1,2,2,122,Needs Attention
26567,4355,2,2163.0044,1,2,2,122,Needs Attention
26591,4355,2,2163.0044,1,2,2,122,Needs Attention
26436,4375,2,2163.0044,2,2,2,222,Needs Attention
26753,4375,2,2163.0044,2,2,2,222,Needs Attention
26796,4374,2,2163.0044,2,2,2,222,Needs Attention
21015,4375,2,2163.0044,2,2,2,222,Needs Attention
21008,4383,2,2163.0044,2,2,2,222,Needs Attention
21035,4382,2,2163.0044,2,2,2,222,Needs Attention
26763,4382,2,2163.0044,2,2,2,222,Needs Attention
26797,4376,2,2163.0044,2,2,2,222,Needs Attention
26568,4332,2,2163.0044,1,2,2,122,Needs Attention
26570,4343,2,2163.0044,1,2,2,122,Needs Attention
26153,4446,2,2163.0044,3,2,2,322,Potential Loyalist
20845,4438,2,2163.0044,3,2,2,322,Potential Loyalist
26019,4440,2,2163.0044,3,2,2,322,Potential Loyalist
26437,4358,2,2158.5844,1,2,2,122,Needs Attention
20945,4405,2,2158.5844,2,2,2,222,Needs Attention
19381,4645,2,2158.5844,5,1,2,512,Potential Loyalist
19343,4634,2,2157.4573,5,1,2,512,Potential Loyalist
26024,4411,2,2157.4573,2,2,2,222,Needs Attention
27494,4388,2,2157.4573,2,2,2,222,Needs Attention
26131,4438,2,2157.4573,3,2,2,322,Potential Loyalist
26142,4435,2,2157.4573,3,2,2,322,Potential Loyalist
20842,4441,2,2157.4573,3,2,2,322,Potential Loyalist
20847,4431,2,2151.9434,3,2,2,322,Potential Loyalist
20913,4392,2,2151.9434,2,2,2,222,Needs Attention
20979,4382,2,2151.9434,2,2,2,222,Needs Attention
20719,4549,2,2151.9434,4,2,2,422,Potential Loyalist
19436,4536,2,2146.6836,4,2,2,422,Potential Loyalist
20726,4538,2,2145.8548,4,1,2,412,Potential Loyalist
26444,4386,2,2142.2746,2,2,2,222,Needs Attention
26439,4387,2,2142.0094,2,2,2,222,Needs Attention
21016,4388,2,2142.0094,2,2,2,222,Needs Attention
26027,4389,2,2142.0094,2,2,2,222,Needs Attention
26662,4390,2,2142.0094,2,2,2,222,Needs Attention
20836,4459,2,2142.0094,3,2,2,322,Potential Loyalist
26744,4393,2,2142.0094,2,2,2,222,Needs Attention
26028,4394,2,2142.0094,2,2,2,222,Needs Attention
20876,4396,2,2142.0094,2,2,2,222,Needs Attention
26133,4397,2,2142.0094,2,2,2,222,Needs Attention
26445,4361,2,2142.0094,1,2,2,122,Needs Attention
26653,4355,2,2142.0094,1,2,2,122,Needs Attention
26754,4366,2,2142.0094,1,2,2,122,Needs Attention
26761,4365,2,2142.0094,1,2,2,122,Needs Attention
26022,4415,2,2142.0094,2,2,2,222,Needs Attention
26740,4410,2,2142.0094,2,2,2,222,Needs Attention
26750,4402,2,2142.0094,2,2,2,222,Needs Attention
26747,4404,2,2142.0094,2,2,2,222,Needs Attention
26191,4403,2,2142.0094,2,2,2,222,Needs Attention
26429,4385,2,2142.0094,2,2,2,222,Needs Attention
26152,4379,2,2142.0094,2,2,2,222,Needs Attention
26438,4380,2,2142.0094,2,2,2,222,Needs Attention
26764,4374,2,2142.0094,2,2,2,222,Needs Attention
26571,4350,2,2142.0094,1,2,2,122,Needs Attention
26443,4369,2,2142.0094,2,2,2,222,Needs Attention
26160,4366,2,2142.0094,1,2,2,122,Needs Attention
21006,4367,2,2142.0094,1,2,2,122,Needs Attention
26569,4344,2,2142.0094,1,2,2,122,Needs Attention
26652,4340,2,2142.0094,1,2,2,122,Needs Attention
26447,4330,2,2142.0094,1,2,2,122,Needs Attention
20870,4431,2,2142.0094,3,2,2,322,Potential Loyalist
25961,4437,2,2142.0094,3,2,2,322,Potential Loyalist
26188,4428,2,2142.0094,3,2,2,322,Potential Loyalist
20854,4431,2,2142.0094,3,2,2,322,Potential Loyalist
26154,4426,2,2142.0094,3,2,2,322,Potential Loyalist
19517,4526,2,2142.0094,4,2,2,422,Potential Loyalist
20720,4546,2,2142.0094,4,2,2,422,Potential Loyalist
26588,4345,2,2142.0094,1,2,2,122,Needs Attention
20171,4564,2,2142.0094,4,2,2,422,Potential Loyalist
19423,4619,2,2142.0094,5,1,2,512,Potential Loyalist
19386,4621,2,2142.0094,5,1,2,512,Potential Loyalist
19426,4590,2,2142.0094,5,1,2,512,Potential Loyalist
20828,4513,2,2142.0094,4,1,2,412,Potential Loyalist
20808,4513,2,2142.0094,4,1,2,412,Potential Loyalist
20841,4470,2,2142.0094,3,1,2,312,Potential Loyalist
19480,4518,2,2137.8988,4,1,2,412,Potential Loyalist
19434,4514,2,2137.8988,4,1,2,412,Potential Loyalist
19380,4642,2,2137.8988,5,1,2,512,Potential Loyalist
21029,4378,2,2137.8988,2,2,2,222,Needs Attention
26190,4402,2,2135.3684,2,2,2,222,Needs Attention
26745,4413,2,2135.3684,2,2,2,222,Needs Attention
26020,4401,2,2135.3684,2,2,2,222,Needs Attention
26187,4427,2,2135.3684,3,2,2,322,Potential Loyalist
30002,4388,4,2135.2259,2,1,2,212,Needs Attention
19421,4620,2,2133.4899,5,1,2,512,Potential Loyalist
26029,4396,2,2133.4899,2,2,2,222,Needs Attention
14418,4534,2,2131.4649,4,2,2,422,Potential Loyalist
26189,4416,2,2128.7273,2,2,2,222,Needs Attention
26134,4401,2,2128.7273,2,2,2,222,Needs Attention
20914,4404,2,2128.7273,2,2,2,222,Needs Attention
26562,4402,2,2127.5781,2,2,2,222,Needs Attention
26587,4336,2,2122.0642,1,2,2,122,Needs Attention
26442,4386,2,2121.3238,2,2,2,222,Needs Attention
14386,4516,2,2119.8292,4,1,2,412,Potential Loyalist
19473,4538,2,2118.7934,4,1,2,412,Potential Loyalist
26023,4421,2,2118.7934,2,2,2,222,Needs Attention
26025,4395,2,2118.7934,2,2,2,222,Needs Attention
26021,4397,2,2118.7934,2,2,2,222,Needs Attention
26140,4399,2,2118.7934,2,2,2,222,Needs Attention
26752,4411,2,2118.7934,2,2,2,222,Needs Attention
26148,4375,2,2118.7934,2,2,2,222,Needs Attention
26661,4398,2,2113.2794,2,2,2,222,Needs Attention
26192,4395,2,2103.3455,2,2,2,222,Needs Attention
26433,4388,2,2103.3455,2,2,2,222,Needs Attention
26033,4417,2,2103.3455,2,2,2,222,Needs Attention
26751,4403,2,2103.3455,2,2,2,222,Needs Attention
26585,4338,2,2103.3455,1,2,2,122,Needs Attention
20843,4436,2,2103.3455,3,2,2,322,Potential Loyalist
25958,4446,2,2103.3455,3,2,2,322,Potential Loyalist
26162,4449,2,2103.3455,3,2,2,322,Potential Loyalist
26167,4449,2,2103.3455,3,2,2,322,Potential Loyalist
26161,4443,2,2103.3455,3,2,2,322,Potential Loyalist
20833,4537,2,2103.3455,4,1,2,412,Potential Loyalist
20163,4584,2,2103.3455,4,1,2,412,Potential Loyalist
19326,4666,2,2103.3455,5,1,2,512,Potential Loyalist
14024,4595,2,2102.7017,5,1,2,512,Potential Loyalist
14037,4577,2,2098.2817,4,1,2,412,Potential Loyalist
14888,4350,2,2097.3655,1,2,2,122,Needs Attention
25273,4461,2,2097.3655,3,2,2,322,Potential Loyalist
14366,4512,2,2097.1546,4,1,2,412,Potential Loyalist
19518,4574,2,2092.9455,4,2,2,422,Potential Loyalist
25829,4448,2,2092.9455,3,2,2,322,Potential Loyalist
14336,4556,2,2092.7678,4,2,2,422,Potential Loyalist
14364,4524,2,2092.7678,4,2,2,422,Potential Loyalist
13990,4605,2,2092.7678,5,1,2,512,Potential Loyalist
13986,4608,2,2092.7678,5,1,2,512,Potential Loyalist
14089,4583,2,2092.7678,4,1,2,412,Potential Loyalist
30066,4357,4,2092.0874,1,1,2,112,Lost
25252,4456,2,2091.8184,3,2,2,322,Potential Loyalist
17144,4543,1,2089.8423,4,4,2,442,Champion
14104,4599,2,2088.3478,5,1,2,512,Potential Loyalist
14413,4536,2,2088.3478,4,1,2,412,Potential Loyalist
19450,4638,2,2085.7519,5,1,2,512,Potential Loyalist
25823,4466,2,2085.7519,3,2,2,322,Potential Loyalist
25250,4450,2,2081.3319,3,2,2,322,Potential Loyalist
14884,4386,2,2081.3319,2,2,2,222,Needs Attention
25294,4452,2,2080.238,3,2,2,322,Potential Loyalist
25949,4424,2,2080.238,2,2,2,222,Needs Attention
25831,4434,2,2080.238,3,2,2,322,Potential Loyalist
25821,4454,2,2076.3705,3,2,2,322,Potential Loyalist
19428,4681,2,2075.818,5,1,2,512,Potential Loyalist
25272,4473,2,2070.304,3,1,2,312,Potential Loyalist
25946,4473,2,2070.304,3,1,2,312,Potential Loyalist
14737,4556,2,2070.304,4,2,2,422,Potential Loyalist
25819,4465,2,2070.304,3,2,2,322,Potential Loyalist
25827,4424,2,2070.304,2,2,2,222,Needs Attention
25828,4419,2,2070.304,2,2,2,222,Needs Attention
19432,4644,2,2065.884,5,1,2,512,Potential Loyalist
19451,4647,2,2065.884,5,1,2,512,Potential Loyalist
25249,4455,2,2064.7569,3,2,2,322,Potential Loyalist
19443,4653,2,2059.243,5,1,2,512,Potential Loyalist
16973,4584,1,2053.0016,4,5,2,452,Champion
14379,4539,2,2049.6728,4,1,2,412,Potential Loyalist
14733,4634,2,2049.309,5,1,2,512,Potential Loyalist
19429,4634,2,2049.309,5,1,2,512,Potential Loyalist
14734,4631,2,2049.309,5,1,2,512,Potential Loyalist
19472,4620,2,2049.309,5,1,2,512,Potential Loyalist
14735,4613,2,2049.309,5,1,2,512,Potential Loyalist
19482,4616,2,2049.309,5,1,2,512,Potential Loyalist
19496,4610,2,2049.309,5,1,2,512,Potential Loyalist
19417,4686,2,2049.309,5,1,2,512,Potential Loyalist
25271,4450,2,2049.309,3,2,2,322,Potential Loyalist
25826,4431,2,2049.309,3,2,2,322,Potential Loyalist
14881,4394,2,2049.309,2,2,2,222,Needs Attention
25270,4459,2,2049.309,3,2,2,322,Potential Loyalist
25947,4462,2,2049.309,3,2,2,322,Potential Loyalist
14882,4372,2,2049.309,2,2,2,222,Needs Attention
14406,4531,2,2045.7832,4,2,2,422,Potential Loyalist
25832,4421,2,2045.1984,2,2,2,222,Needs Attention
14417,4523,2,2043.0428,4,2,2,422,Potential Loyalist
14334,4558,2,2043.0428,4,2,2,422,Potential Loyalist
14080,4594,2,2043.0428,5,1,2,512,Potential Loyalist
14017,4600,2,2043.0428,5,1,2,512,Potential Loyalist
14098,4588,2,2039.7167,5,1,2,512,Potential Loyalist
14362,4557,2,2039.7167,4,2,2,422,Potential Loyalist
29726,4815,2,2034.3275,5,1,2,512,Potential Loyalist
14343,4569,2,2033.1088,4,2,2,422,Potential Loyalist
14367,4530,2,2033.1088,4,2,2,422,Potential Loyalist
14036,4598,2,2033.1088,5,1,2,512,Potential Loyalist
14495,4516,2,2033.1088,4,1,2,412,Potential Loyalist
14106,4572,2,2033.0867,4,2,2,422,Potential Loyalist
25830,4426,2,2026.093,2,2,2,222,Needs Attention
14883,4379,2,2020.579,2,2,2,222,Needs Attention
25948,4464,2,2010.6451,3,2,2,322,Potential Loyalist
25822,4463,2,2010.6451,3,2,2,322,Potential Loyalist
25920,4476,2,2010.6451,3,1,2,312,Potential Loyalist
14880,4518,2,2010.6451,4,1,2,412,Potential Loyalist
19501,4605,2,2010.6451,5,1,2,512,Potential Loyalist
19422,4666,2,2010.6451,5,1,2,512,Potential Loyalist
14337,4557,2,2005.738,4,2,2,422,Potential Loyalist
29728,5208,2,2002.157,5,1,2,512,Potential Loyalist
18858,4337,1,2000.5583,1,4,2,142,At Risk
18804,4340,1,2000.5583,1,4,2,142,At Risk
14378,4538,2,1999.3842,4,1,2,412,Potential Loyalist
29993,4754,4,1998.673,5,1,2,512,Potential Loyalist
16890,4617,1,1998.3373,5,5,2,552,Champion
14335,4541,2,1994.4338,4,1,2,412,Potential Loyalist
14342,4550,2,1994.4338,4,2,2,422,Potential Loyalist
14355,4556,2,1994.4338,4,2,2,422,Potential Loyalist
14285,4563,2,1994.4338,4,2,2,422,Potential Loyalist
14365,4512,2,1994.4338,4,1,2,412,Potential Loyalist
14398,4512,2,1994.4338,4,1,2,412,Potential Loyalist
13993,4594,2,1994.4338,5,1,2,512,Potential Loyalist
13992,4588,2,1991.4393,5,1,2,512,Potential Loyalist
14095,4589,2,1991.4393,5,1,2,512,Potential Loyalist
25479,4400,1,1988.9448,2,3,2,232,At Risk
14283,4547,2,1988.9088,4,2,2,422,Potential Loyalist
18801,4387,1,1988.4254,2,3,2,232,At Risk
17039,4564,1,1988.4254,4,4,2,442,Champion
13084,4530,1,1987.8508,4,4,2,442,Champion
14270,4559,2,1982.5882,4,2,2,422,Potential Loyalist
14414,4510,2,1982.2567,4,1,2,412,Potential Loyalist
18121,4431,1,1981.7844,3,3,2,332,Loyal
24723,4577,1,1981.7844,4,5,2,452,Champion
18802,4360,1,1981.7844,1,3,2,132,At Risk
17865,4358,1,1977.9169,1,3,2,132,At Risk
16949,4580,1,1977.9169,4,5,2,452,Champion
18092,4354,1,1977.3423,1,3,2,132,At Risk
18565,4364,1,1977.3423,1,3,2,132,At Risk
16793,4683,1,1976.7898,5,5,2,552,Champion
16794,4675,1,1973.4969,5,5,2,552,Champion
18806,4356,1,1973.4969,1,3,2,132,At Risk
17595,4371,1,1973.4969,2,3,2,232,At Risk
18609,4371,1,1973.4969,2,3,2,232,At Risk
16976,4600,1,1973.4969,5,5,2,552,Champion
18049,4434,1,1973.4969,3,3,2,332,Loyal
25651,4427,1,1973.4969,3,3,2,332,Loyal
25498,4463,1,1973.4969,3,3,2,332,Loyal
22309,4465,1,1973.4969,3,3,2,332,Loyal
17464,4517,1,1972.3808,4,5,2,452,Champion
18998,4350,1,1972.3808,1,3,2,132,At Risk
14105,4589,2,1972.3228,5,1,2,512,Potential Loyalist
18982,4354,1,1971.2758,1,3,2,132,At Risk
26379,4492,1,1971.2758,3,4,2,342,Loyal
17389,4534,1,1966.3144,4,4,2,442,Champion
21683,4508,1,1966.3144,4,5,2,452,Champion
17691,4377,1,1966.3144,2,3,2,232,At Risk
18865,4344,1,1966.3144,1,4,2,142,At Risk
24102,4665,1,1966.3144,5,5,2,552,Champion
17127,4548,1,1965.2094,4,4,2,442,Champion
22429,4447,1,1964.6348,3,3,2,332,Loyal
17860,4441,1,1964.6348,3,2,2,322,Potential Loyalist
14385,4518,2,1964.5546,4,1,2,412,Potential Loyalist
17024,4561,1,1962.4469,4,4,2,442,Champion
18654,4375,1,1962.4469,2,3,2,232,At Risk
25461,4396,1,1962.4469,2,3,2,232,At Risk
20667,4589,1,1962.4469,5,5,2,552,Champion
16924,4579,1,1961.8944,4,5,2,452,Champion
18430,4395,1,1961.8944,2,3,2,232,At Risk
21160,4421,1,1961.8944,2,3,2,232,At Risk
18366,4402,1,1961.8944,2,3,2,232,At Risk
18440,4403,1,1961.8944,2,3,2,232,At Risk
22520,4403,1,1961.8944,2,3,2,232,At Risk
22536,4369,1,1961.8944,2,3,2,232,At Risk
18596,4369,1,1961.8944,2,3,2,232,At Risk
18792,4362,1,1961.8944,1,3,2,132,At Risk
22611,4362,1,1961.8944,1,3,2,132,At Risk
22634,4333,1,1961.8944,1,4,2,142,At Risk
26404,4334,1,1961.8944,1,4,2,142,At Risk
27319,4331,1,1961.8944,1,4,2,142,At Risk
22503,4438,1,1961.8944,3,3,2,332,Loyal
18084,4428,1,1961.8944,3,3,2,332,Loyal
17148,4452,1,1961.8944,3,3,2,332,Loyal
26386,4455,1,1961.8944,3,3,2,332,Loyal
17600,4468,1,1961.8944,3,3,2,332,Loyal
26353,4382,1,1960.2148,2,3,2,232,At Risk
17463,4531,1,1960.2148,4,4,2,442,Champion
16887,4639,1,1955.8058,5,5,2,552,Champion
25306,4554,1,1955.8058,4,4,2,442,Champion
14415,4512,2,1955.7699,4,1,2,412,Potential Loyalist
14284,4550,2,1955.7699,4,2,2,422,Potential Loyalist
14494,4530,2,1955.7699,4,2,2,422,Potential Loyalist
18589,4371,1,1954.7008,2,3,2,232,At Risk
22308,4509,1,1954.7008,4,5,2,452,Champion
16805,4675,1,1954.7008,5,5,2,552,Champion
29989,4388,4,1953.8345,2,1,2,212,Needs Attention
22433,4448,1,1950.2808,3,3,2,332,Loyal
25737,4437,1,1950.2808,3,3,2,332,Loyal
17345,4445,1,1950.2808,3,2,2,322,Potential Loyalist
16925,4591,1,1950.2808,5,5,2,552,Champion
20664,4613,1,1950.2808,5,5,2,552,Champion
17154,4524,1,1950.2808,4,4,2,442,Champion
22416,4472,1,1950.2808,3,4,2,342,Loyal
25492,4486,1,1950.2808,3,4,2,342,Loyal
17150,4521,1,1950.2808,4,5,2,452,Champion
17261,4520,1,1950.2808,4,5,2,452,Champion
17116,4499,1,1950.2808,3,5,2,352,Loyal
17465,4511,1,1950.2808,4,5,2,452,Champion
25462,4500,1,1950.2808,3,5,2,352,Loyal
26231,4371,1,1950.2808,2,3,2,232,At Risk
18762,4369,1,1950.2808,2,3,2,232,At Risk
18085,4420,1,1950.2808,2,3,2,232,At Risk
26984,4349,1,1950.2808,1,4,2,142,At Risk
19119,4342,1,1950.2808,1,4,2,142,At Risk
19004,4329,1,1950.2808,1,4,2,142,At Risk
19112,4329,1,1950.2808,1,4,2,142,At Risk
19146,4331,1,1950.2808,1,3,2,132,At Risk
19003,4334,1,1950.2808,1,4,2,142,At Risk
16798,4674,1,1950.2808,5,5,2,552,Champion
21293,4339,1,1949.1869,1,4,2,142,At Risk
17028,4550,1,1949.1869,4,4,2,442,Champion
16997,4551,1,1949.1869,4,4,2,442,Champion
26352,4416,1,1949.1869,2,3,2,232,At Risk
18373,4404,1,1949.1869,2,3,2,232,At Risk
22510,4415,1,1949.1869,2,3,2,232,At Risk
21289,4374,1,1949.1869,2,3,2,232,At Risk
22302,4499,1,1949.1869,3,5,2,352,Loyal
17662,4474,1,1949.1869,3,4,2,342,Loyal
17615,4472,1,1949.1869,3,4,2,342,Loyal
17022,4541,1,1949.1869,4,4,2,442,Champion
16894,4624,1,1949.1869,5,5,2,552,Champion
16897,4630,1,1949.1869,5,5,2,552,Champion
17143,4503,1,1949.1869,4,5,2,452,Champion
17388,4444,1,1949.1869,3,2,2,322,Potential Loyalist
25602,4465,1,1949.1869,3,3,2,332,Loyal
17571,4461,1,1949.1869,3,3,2,332,Loyal
17667,4463,1,1945.3194,3,3,2,332,Loyal
17869,4441,1,1945.3194,3,2,2,322,Potential Loyalist
16895,4612,1,1945.3194,5,5,2,552,Champion
17040,4544,1,1945.3194,4,4,2,442,Champion
17384,4526,1,1945.3194,4,4,2,442,Champion
17043,4568,1,1945.3194,4,4,2,442,Champion
16955,4511,1,1945.3194,4,5,2,452,Champion
18597,4370,1,1945.3194,2,3,2,232,At Risk
18638,4364,1,1945.3194,1,3,2,132,At Risk
19008,4352,1,1945.3194,1,3,2,132,At Risk
18318,4416,1,1945.3194,2,3,2,232,At Risk
18502,4413,1,1945.3194,2,3,2,232,At Risk
18414,4410,1,1945.3194,2,3,2,232,At Risk
16764,4549,1,1945.3194,4,4,2,442,Champion
18372,4344,1,1945.3194,1,4,2,142,At Risk
26957,4345,1,1944.7669,1,4,2,142,At Risk
16984,4555,1,1944.7669,4,4,2,442,Champion
18868,4357,1,1944.7669,1,3,2,132,At Risk
25751,4407,1,1944.7669,2,3,2,232,At Risk
17654,4370,1,1944.7669,2,3,2,232,At Risk
18780,4382,1,1944.7669,2,3,2,232,At Risk
25307,4515,1,1944.7669,4,5,2,452,Champion
17361,4533,1,1944.7669,4,4,2,442,Champion
17029,4543,1,1944.7669,4,4,2,442,Champion
18344,4398,1,1944.7669,2,3,2,232,At Risk
20706,4450,1,1944.7669,3,3,2,332,Loyal
16803,4676,1,1944.7669,5,5,2,552,Champion
26398,4448,1,1943.6398,3,3,2,332,Loyal
25635,4447,1,1939.2529,3,3,2,332,Loyal
24833,4430,1,1939.2529,3,3,2,332,Loyal
18431,4397,1,1939.2529,2,3,2,232,At Risk
18098,4441,1,1939.2529,3,2,2,322,Potential Loyalist
17443,4539,1,1939.2529,4,4,2,442,Champion
16996,4524,1,1939.2529,4,4,2,442,Champion
20673,4517,1,1939.2529,4,5,2,452,Champion
17617,4471,1,1939.2529,3,4,2,342,Loyal
23758,4645,1,1939.2529,5,5,2,552,Champion
24103,4642,1,1939.2529,5,5,2,552,Champion
24206,4642,1,1939.2529,5,5,2,552,Champion
25444,4506,1,1939.2529,4,5,2,452,Champion
16970,4588,1,1939.2529,5,5,2,552,Champion
16972,4588,1,1939.2529,5,5,2,552,Champion
22592,4370,1,1939.2529,2,3,2,232,At Risk
18684,4373,1,1939.2529,2,3,2,232,At Risk
18955,4357,1,1939.2529,1,3,2,132,At Risk
18371,4407,1,1939.2529,2,3,2,232,At Risk
22461,4403,1,1939.2529,2,3,2,232,At Risk
18548,4411,1,1939.2529,2,3,2,232,At Risk
18234,4410,1,1939.2529,2,3,2,232,At Risk
22602,4349,1,1939.2529,1,4,2,142,At Risk
16921,4557,1,1939.2529,4,4,2,442,Champion
18999,4344,1,1939.2529,1,4,2,142,At Risk
18854,4337,1,1939.2529,1,4,2,142,At Risk
18368,4337,1,1939.2529,1,4,2,142,At Risk
19124,4332,1,1939.2529,1,4,2,142,At Risk
18800,4380,1,1939.2529,2,3,2,232,At Risk
22693,4657,1,1939.2529,5,5,2,552,Champion
16888,4651,1,1939.2529,5,5,2,552,Champion
29735,4357,4,1935.7608,1,1,2,112,Lost
29902,4449,5,1935.1035,3,1,2,312,Potential Loyalist
17864,4440,1,1934.8329,3,2,2,322,Potential Loyalist
18050,4438,1,1934.8329,3,3,2,332,Loyal
17862,4438,1,1934.8329,3,3,2,332,Loyal
18558,4400,1,1934.8329,2,3,2,232,At Risk
17576,4462,1,1934.8329,3,3,2,332,Loyal
20707,4459,1,1934.8329,3,3,2,332,Loyal
17596,4465,1,1934.8329,3,3,2,332,Loyal
19117,4338,1,1934.8329,1,4,2,142,At Risk
22605,4344,1,1934.8329,1,4,2,142,At Risk
19148,4342,1,1934.8329,1,4,2,142,At Risk
19016,4342,1,1934.8329,1,4,2,142,At Risk
17011,4562,1,1934.8329,4,4,2,442,Champion
20672,4564,1,1934.8329,4,4,2,442,Champion
20668,4573,1,1934.8329,4,4,2,442,Champion
18361,4410,1,1934.8329,2,3,2,232,At Risk
17586,4412,1,1934.8329,2,3,2,232,At Risk
18118,4357,1,1934.8329,1,3,2,132,At Risk
22460,4406,1,1934.8329,2,3,2,232,At Risk
18501,4415,1,1934.8329,2,3,2,232,At Risk
25634,4418,1,1934.8329,2,3,2,232,At Risk
18360,4418,1,1934.8329,2,3,2,232,At Risk
26827,4388,1,1934.8329,2,3,2,232,At Risk
18563,4361,1,1934.8329,1,3,2,132,At Risk
17655,4362,1,1934.8329,1,3,2,132,At Risk
26354,4362,1,1934.8329,1,3,2,132,At Risk
18607,4360,1,1934.8329,1,3,2,132,At Risk
18803,4350,1,1934.8329,1,3,2,132,At Risk
18867,4353,1,1934.8329,1,3,2,132,At Risk
18980,4350,1,1934.8329,1,3,2,132,At Risk
18091,4351,1,1934.8329,1,3,2,132,At Risk
18976,4356,1,1934.8329,1,3,2,132,At Risk
18606,4375,1,1934.8329,2,3,2,232,At Risk
22535,4370,1,1934.8329,2,3,2,232,At Risk
22596,4385,1,1934.8329,2,3,2,232,At Risk
24718,4593,1,1934.8329,5,5,2,552,Champion
17521,4505,1,1934.8329,4,5,2,452,Champion
23780,4603,1,1934.8329,5,5,2,552,Champion
16898,4605,1,1934.8329,5,5,2,552,Champion
20663,4637,1,1934.8329,5,5,2,552,Champion
12765,4613,1,1934.8329,5,5,2,552,Champion
24711,4618,1,1934.8329,5,5,2,552,Champion
17034,4481,1,1934.8329,3,4,2,342,Loyal
17565,4480,1,1934.8329,3,4,2,342,Loyal
25443,4519,1,1934.8329,4,5,2,452,Champion
17012,4545,1,1934.8329,4,4,2,442,Champion
16834,4544,1,1934.8329,4,4,2,442,Champion
20702,4489,1,1934.8329,3,4,2,342,Loyal
20662,4693,1,1934.8329,5,5,2,552,Champion
17558,4393,1,1934.2694,2,3,2,232,At Risk
17861,4363,1,1933.7058,1,3,2,132,At Risk
18979,4347,1,1933.7058,1,4,2,142,At Risk
17559,4500,1,1933.7058,3,5,2,352,Loyal
24089,4540,1,1928.1919,4,4,2,442,Champion
17153,4522,1,1928.1919,4,4,2,442,Champion
24834,4573,1,1928.1919,4,4,2,442,Champion
22608,4339,1,1928.1919,1,4,2,142,At Risk
26983,4329,1,1928.1919,1,4,2,142,At Risk
26363,4368,1,1928.1919,1,3,2,132,At Risk
24701,4459,1,1928.1919,3,3,2,332,Loyal
22437,4459,1,1922.1033,3,3,2,332,Loyal
22446,4430,1,1922.1033,3,3,2,332,Loyal
22428,4425,1,1922.1033,2,3,2,232,At Risk
22586,4360,1,1922.1033,1,3,2,132,At Risk
22311,4494,1,1922.1033,3,4,2,342,Loyal
18080,4443,1,1920.4016,3,2,2,322,Potential Loyalist
18096,4441,1,1918.2579,3,2,2,322,Potential Loyalist
21267,4440,1,1918.2579,3,2,2,322,Potential Loyalist
17681,4431,1,1918.2579,3,3,2,332,Loyal
25311,4432,1,1918.2579,3,3,2,332,Loyal
17859,4433,1,1918.2579,3,3,2,332,Loyal
17868,4430,1,1918.2579,3,3,2,332,Loyal
17866,4436,1,1918.2579,3,3,2,332,Loyal
18088,4435,1,1918.2579,3,3,2,332,Loyal
18052,4430,1,1918.2579,3,3,2,332,Loyal
17373,4429,1,1918.2579,3,3,2,332,Loyal
22422,4429,1,1918.2579,3,3,2,332,Loyal
17678,4446,1,1918.2579,3,3,2,332,Loyal
22502,4449,1,1918.2579,3,3,2,332,Loyal
24709,4449,1,1918.2579,3,3,2,332,Loyal
22504,4449,1,1918.2579,3,3,2,332,Loyal
18108,4446,1,1918.2579,3,3,2,332,Loyal
17666,4451,1,1918.2579,3,3,2,332,Loyal
22452,4449,1,1918.2579,3,3,2,332,Loyal
25658,4449,1,1918.2579,3,3,2,332,Loyal
21139,4453,1,1918.2579,3,3,2,332,Loyal
22434,4399,1,1918.2579,2,3,2,232,At Risk
18350,4397,1,1918.2579,2,3,2,232,At Risk
18559,4397,1,1918.2579,2,3,2,232,At Risk
25321,4399,1,1918.2579,2,3,2,232,At Risk
17572,4465,1,1918.2579,3,3,2,332,Loyal
17573,4465,1,1918.2579,3,3,2,332,Loyal
17575,4458,1,1918.2579,3,3,2,332,Loyal
17566,4493,1,1918.2579,3,4,2,342,Loyal
17262,4540,1,1918.2579,4,4,2,442,Champion
16952,4541,1,1918.2579,4,4,2,442,Champion
17042,4543,1,1918.2579,4,4,2,442,Champion
17121,4542,1,1918.2579,4,4,2,442,Champion
17167,4523,1,1918.2579,4,4,2,442,Champion
16995,4528,1,1918.2579,4,4,2,442,Champion
17023,4527,1,1918.2579,4,4,2,442,Champion
17386,4526,1,1918.2579,4,4,2,442,Champion
17159,4534,1,1918.2579,4,4,2,442,Champion
24090,4534,1,1918.2579,4,4,2,442,Champion
16784,4568,1,1918.2579,4,4,2,442,Champion
17149,4529,1,1918.2579,4,4,2,442,Champion
17564,4502,1,1918.2579,4,5,2,452,Champion
20682,4498,1,1918.2579,3,5,2,352,Loyal
17270,4515,1,1918.2579,4,5,2,452,Champion
17533,4482,1,1918.2579,3,4,2,342,Loyal
17561,4486,1,1918.2579,3,4,2,342,Loyal
20703,4470,1,1918.2579,3,4,2,342,Loyal
22320,4472,1,1918.2579,3,4,2,342,Loyal
22313,4475,1,1918.2579,3,4,2,342,Loyal
24209,4474,1,1918.2579,3,4,2,342,Loyal
17677,4478,1,1918.2579,3,4,2,342,Loyal
16812,4643,1,1918.2579,5,5,2,552,Champion
16878,4636,1,1918.2579,5,5,2,552,Champion
20683,4508,1,1918.2579,4,5,2,452,Champion
25445,4508,1,1918.2579,4,5,2,452,Champion
16951,4597,1,1918.2579,5,5,2,552,Champion
16947,4584,1,1918.2579,4,5,2,452,Champion
20671,4581,1,1918.2579,4,5,2,452,Champion
23920,4581,1,1918.2579,4,5,2,452,Champion
23763,4610,1,1918.2579,5,5,2,552,Champion
18089,4357,1,1918.2579,1,3,2,132,At Risk
18051,4354,1,1918.2579,1,3,2,132,At Risk
18869,4356,1,1918.2579,1,3,2,132,At Risk
19125,4355,1,1918.2579,1,3,2,132,At Risk
18525,4350,1,1918.2579,1,3,2,132,At Risk
25660,4368,1,1918.2579,2,3,2,232,At Risk
18646,4370,1,1918.2579,2,3,2,232,At Risk
22518,4371,1,1918.2579,2,3,2,232,At Risk
26816,4371,1,1918.2579,2,3,2,232,At Risk
22470,4384,1,1918.2579,2,3,2,232,At Risk
18794,4384,1,1918.2579,2,3,2,232,At Risk
18680,4383,1,1918.2579,2,3,2,232,At Risk
18605,4383,1,1918.2579,2,3,2,232,At Risk
25661,4376,1,1918.2579,2,3,2,232,At Risk
22505,4386,1,1918.2579,2,3,2,232,At Risk
22570,4385,1,1918.2579,2,3,2,232,At Risk
25442,4416,1,1918.2579,2,3,2,232,At Risk
25478,4418,1,1918.2579,2,3,2,232,At Risk
18448,4404,1,1918.2579,2,3,2,232,At Risk
22616,4358,1,1918.2579,1,3,2,132,At Risk
18655,4358,1,1918.2579,1,3,2,132,At Risk
21269,4411,1,1918.2579,2,3,2,232,At Risk
18543,4408,1,1918.2579,2,3,2,232,At Risk
21297,4340,1,1918.2579,1,4,2,142,At Risk
22600,4340,1,1918.2579,1,4,2,142,At Risk
19114,4332,1,1918.2579,1,4,2,142,At Risk
21291,4337,1,1918.2579,1,4,2,142,At Risk
18856,4333,1,1918.2579,1,4,2,142,At Risk
18857,4336,1,1918.2579,1,4,2,142,At Risk
16998,4552,1,1918.2579,4,4,2,442,Champion
17120,4548,1,1918.2579,4,4,2,442,Champion
17128,4548,1,1918.2579,4,4,2,442,Champion
17129,4547,1,1918.2579,4,4,2,442,Champion
18103,4346,1,1918.2579,1,4,2,142,At Risk
19158,4344,1,1918.2579,1,4,2,142,At Risk
18324,4338,1,1918.2579,1,4,2,142,At Risk
22604,4344,1,1918.2579,1,4,2,142,At Risk
19137,4344,1,1918.2579,1,4,2,142,At Risk
16999,4558,1,1918.2579,4,4,2,442,Champion
16792,4673,1,1918.2579,5,5,2,552,Champion
16797,4682,1,1914.1473,5,5,2,552,Champion
26958,4333,1,1914.1473,1,4,2,142,At Risk
18562,4407,1,1914.1473,2,3,2,232,At Risk
22467,4401,1,1914.1473,2,3,2,232,At Risk
18233,4418,1,1914.1473,2,3,2,232,At Risk
26828,4382,1,1914.1473,2,3,2,232,At Risk
18568,4370,1,1914.1473,2,3,2,232,At Risk
22526,4367,1,1914.1473,1,3,2,132,At Risk
24710,4618,1,1914.1473,5,5,2,552,Champion
17163,4512,1,1914.1473,4,5,2,452,Champion
22418,4469,1,1914.1473,3,3,2,332,Loyal
17621,4459,1,1914.1473,3,3,2,332,Loyal
17372,4435,1,1911.6169,3,3,2,332,Loyal
21265,4443,1,1911.6169,3,2,2,322,Potential Loyalist
20709,4473,1,1911.6169,3,4,2,342,Loyal
20684,4484,1,1911.6169,3,4,2,342,Loyal
17445,4531,1,1911.6169,4,4,2,442,Champion
16889,4621,1,1911.6169,5,5,2,552,Champion
16974,4591,1,1911.6169,5,5,2,552,Champion
24210,4606,1,1911.6169,5,5,2,552,Champion
18616,4360,1,1911.6169,1,3,2,132,At Risk
18227,4418,1,1911.6169,2,3,2,232,At Risk
17871,4419,1,1911.6169,2,3,2,232,At Risk
19120,4344,1,1911.6169,1,4,2,142,At Risk
19002,4346,1,1911.6169,1,4,2,142,At Risk
16791,4547,1,1911.6169,4,4,2,442,Champion
16886,4655,1,1911.6169,5,5,2,552,Champion
16807,4676,1,1909.7384,5,5,2,552,Champion
16804,4675,1,1909.7384,5,5,2,552,Champion
19156,4348,1,1909.7384,1,4,2,142,At Risk
22635,4346,1,1909.7384,1,4,2,142,At Risk
19109,4341,1,1909.7384,1,4,2,142,At Risk
26829,4332,1,1909.7384,1,3,2,132,At Risk
18409,4418,1,1909.7384,2,3,2,232,At Risk
18798,4386,1,1909.7384,2,3,2,232,At Risk
21271,4400,1,1909.7384,2,3,2,232,At Risk
26867,4353,1,1909.7384,1,3,2,132,At Risk
18790,4368,1,1909.7384,2,3,2,232,At Risk
16879,4633,1,1909.7384,5,5,2,552,Champion
17358,4525,1,1909.7384,4,4,2,442,Champion
17269,4537,1,1909.7384,4,4,2,442,Champion
17142,4544,1,1909.7384,4,4,2,442,Champion
22456,4400,1,1909.7384,2,3,2,232,At Risk
18226,4397,1,1907.2079,2,3,2,232,At Risk
22396,4468,1,1907.2079,3,3,2,332,Loyal
18056,4441,1,1907.2079,3,2,2,322,Potential Loyalist
18120,4441,1,1907.2079,3,3,2,332,Loyal
17480,4522,1,1907.2079,4,4,2,442,Champion
17271,4529,1,1907.2079,4,4,2,442,Champion
17609,4477,1,1907.2079,3,4,2,342,Loyal
26390,4474,1,1907.2079,3,4,2,342,Loyal
25305,4587,1,1907.2079,5,5,2,552,Champion
21268,4410,1,1907.2079,2,3,2,232,At Risk
18545,4412,1,1907.2079,2,3,2,232,At Risk
18369,4405,1,1907.2079,2,3,2,232,At Risk
18914,4344,1,1907.2079,1,4,2,142,At Risk
19131,4344,1,1906.6554,1,4,2,142,At Risk
17405,4519,1,1906.6554,4,5,2,452,Champion
18362,4356,1,1906.3571,1,3,2,132,At Risk
18670,4376,1,1904.9758,2,3,2,232,At Risk
18086,4436,1,1904.9758,3,3,2,332,Loyal
17597,4458,1,1904.9758,3,3,2,332,Loyal
29840,4357,3,1902.4439,1,1,2,112,Lost
17497,4481,1,1897.5723,3,4,2,342,Loyal
17660,4471,1,1895.0419,3,4,2,342,Loyal
17568,4471,1,1895.0419,3,4,2,342,Loyal
25323,4518,1,1895.0419,4,4,2,442,Champion
17020,4568,1,1895.0419,4,4,2,442,Champion
17272,4523,1,1895.0419,4,4,2,442,Champion
20666,4631,1,1895.0419,5,5,2,552,Champion
16896,4615,1,1895.0419,5,5,2,552,Champion
27305,4341,1,1895.0419,1,4,2,142,At Risk
22637,4351,1,1895.0419,1,3,2,132,At Risk
18608,4361,1,1895.0419,1,3,2,132,At Risk
26854,4382,1,1895.0419,2,3,2,232,At Risk
18564,4388,1,1895.0419,2,3,2,232,At Risk
18059,4440,1,1895.0419,3,2,2,322,Potential Loyalist
24208,4450,1,1889.5279,3,3,2,332,Loyal
22451,4429,1,1889.5279,3,3,2,332,Loyal
17404,4423,1,1889.5279,2,3,2,232,At Risk
26227,4389,1,1889.5279,2,3,2,232,At Risk
22442,4390,1,1889.5279,2,3,2,232,At Risk
18551,4418,1,1889.5279,2,3,2,232,At Risk
18438,4394,1,1889.5279,2,3,2,232,At Risk
18228,4413,1,1889.5279,2,3,2,232,At Risk
22594,4382,1,1889.5279,2,3,2,232,At Risk
16977,4562,1,1889.5279,4,4,2,442,Champion
23939,4594,1,1889.5279,5,5,2,552,Champion
17567,4506,1,1889.5279,4,5,2,452,Champion
17025,4494,1,1889.5279,3,4,2,342,Loyal
17661,4472,1,1889.5279,3,4,2,342,Loyal
17574,4471,1,1889.5279,3,4,2,342,Loyal
17659,4474,1,1889.5279,3,4,2,342,Loyal
17147,4474,1,1879.594,3,4,2,342,Loyal
17620,4475,1,1879.594,3,4,2,342,Loyal
17608,4472,1,1879.594,3,4,2,342,Loyal
21679,4496,1,1879.594,3,5,2,352,Loyal
17548,4488,1,1879.594,3,4,2,342,Loyal
17477,4524,1,1879.594,4,4,2,442,Champion
24116,4526,1,1879.594,4,4,2,442,Champion
24039,4534,1,1879.594,4,4,2,442,Champion
13065,4532,1,1879.594,4,4,2,442,Champion
16920,4607,1,1879.594,5,5,2,552,Champion
16763,4589,1,1879.594,5,5,2,552,Champion
16956,4589,1,1879.594,5,5,2,552,Champion
16811,4632,1,1879.594,5,5,2,552,Champion
17030,4564,1,1879.594,4,4,2,442,Champion
17041,4549,1,1879.594,4,4,2,442,Champion
17021,4549,1,1879.594,4,4,2,442,Champion
19133,4345,1,1879.594,1,4,2,142,At Risk
18866,4344,1,1879.594,1,4,2,142,At Risk
19108,4348,1,1879.594,1,4,2,142,At Risk
18645,4379,1,1879.594,2,3,2,232,At Risk
19157,4330,1,1879.594,1,4,2,142,At Risk
22636,4333,1,1879.594,1,4,2,142,At Risk
18363,4336,1,1879.594,1,4,2,142,At Risk
22599,4375,1,1879.594,2,3,2,232,At Risk
18567,4370,1,1879.594,2,3,2,232,At Risk
18598,4370,1,1879.594,2,3,2,232,At Risk
22468,4370,1,1879.594,2,3,2,232,At Risk
26855,4384,1,1879.594,2,3,2,232,At Risk
18679,4366,1,1879.594,1,3,2,132,At Risk
17858,4367,1,1879.594,1,3,2,132,At Risk
18639,4360,1,1879.594,1,3,2,132,At Risk
22566,4360,1,1879.594,1,3,2,132,At Risk
22618,4350,1,1879.594,1,3,2,132,At Risk
18439,4415,1,1879.594,2,3,2,232,At Risk
26228,4403,1,1879.594,2,3,2,232,At Risk
18370,4403,1,1879.594,2,3,2,232,At Risk
18553,4412,1,1879.594,2,3,2,232,At Risk
17476,4417,1,1879.594,2,3,2,232,At Risk
18229,4391,1,1879.594,2,3,2,232,At Risk
22439,4391,1,1879.594,2,3,2,232,At Risk
18556,4389,1,1879.594,2,3,2,232,At Risk
22427,4449,1,1879.594,3,3,2,332,Loyal
17870,4445,1,1879.594,3,3,2,332,Loyal
18060,4446,1,1879.594,3,3,2,332,Loyal
25497,4455,1,1879.594,3,3,2,332,Loyal
22321,4466,1,1879.594,3,3,2,332,Loyal
17614,4469,1,1879.594,3,3,2,332,Loyal
17263,4461,1,1879.594,3,3,2,332,Loyal
18057,4445,1,1879.594,3,2,2,322,Potential Loyalist
17690,4445,1,1879.594,3,2,2,322,Potential Loyalist
18079,4431,1,1879.594,3,3,2,332,Loyal
16799,4667,1,1879.594,5,5,2,552,Champion
15489,4353,2,1862.4223,1,2,2,122,Needs Attention
15284,4370,2,1860.7427,2,2,2,222,Needs Attention
19192,4426,2,1859.0603,3,2,2,322,Potential Loyalist
15287,4379,2,1858.0023,2,2,2,222,Needs Attention
15290,4381,2,1852.4884,2,2,2,222,Needs Attention
15474,4344,2,1852.4884,1,2,2,122,Needs Attention
15528,4356,2,1852.4884,1,2,2,122,Needs Attention
14022,4381,2,1844.1317,2,2,2,222,Needs Attention
30110,4723,4,1833.5947,5,1,2,512,Potential Loyalist
29999,4693,5,1821.0996,5,1,2,512,Potential Loyalist
15342,4383,2,1819.8909,2,2,2,222,Needs Attention
14614,4491,2,1818.3309,3,1,2,312,Potential Loyalist
29980,4723,4,1816.137,5,1,2,512,Potential Loyalist
19195,4391,2,1809.3021,2,2,2,222,Needs Attention
15422,4349,2,1805.5038,1,2,2,122,Needs Attention
15428,4347,2,1802.7634,1,2,2,122,Needs Attention
21545,4505,2,1802.7634,4,1,2,412,Potential Loyalist
15333,4386,2,1802.7634,2,2,2,222,Needs Attention
15312,4386,2,1802.7634,2,2,2,222,Needs Attention
15188,4402,2,1802.7634,2,2,2,222,Needs Attention
15523,4330,2,1802.7634,1,2,2,122,Needs Attention
15256,4369,2,1802.7634,2,2,2,222,Needs Attention
15347,4374,2,1802.7634,2,2,2,222,Needs Attention
15537,4335,2,1802.7634,1,2,2,122,Needs Attention
15467,4329,2,1802.7634,1,2,2,122,Needs Attention
26533,4463,2,1800.4953,3,2,2,322,Potential Loyalist
15254,4405,2,1795.0173,2,2,2,222,Needs Attention
15433,4355,2,1792.8294,1,2,2,122,Needs Attention
15471,4354,2,1792.8294,1,2,2,122,Needs Attention
15337,4362,2,1792.8294,1,2,2,122,Needs Attention
15341,4359,2,1792.8294,1,2,2,122,Needs Attention
15309,4386,2,1792.8294,2,2,2,222,Needs Attention
15308,4386,2,1792.8294,2,2,2,222,Needs Attention
15497,4332,2,1792.8294,1,2,2,122,Needs Attention
15527,4339,2,1792.8294,1,2,2,122,Needs Attention
15531,4337,2,1792.8294,1,2,2,122,Needs Attention
15339,4373,2,1792.8294,2,2,2,222,Needs Attention
15311,4382,2,1792.8294,2,2,2,222,Needs Attention
15503,4348,2,1792.8073,1,2,2,122,Needs Attention
21534,4688,2,1792.8073,5,1,2,512,Potential Loyalist
19305,4344,2,1792.7492,1,2,2,122,Needs Attention
15410,4359,2,1789.9896,1,2,2,122,Needs Attention
19366,4434,2,1787.2934,3,2,2,322,Potential Loyalist
11185,4299,27,1786.0233,1,1,2,112,Lost
14750,4425,2,1782.4294,2,2,2,222,Needs Attention
14643,4458,2,1782.4294,3,2,2,322,Potential Loyalist
14879,4396,2,1782.4294,2,2,2,222,Needs Attention
15520,4340,2,1781.2159,1,2,2,122,Needs Attention
19452,4336,2,1780.6634,1,2,2,122,Needs Attention
19310,4534,2,1780.6634,4,2,2,422,Potential Loyalist
19172,4533,2,1778.3953,4,2,2,422,Potential Loyalist
19193,4404,2,1778.3842,2,2,2,222,Needs Attention
19290,4359,2,1773.9642,1,2,2,122,Needs Attention
19442,4360,2,1770.7294,1,2,2,122,Needs Attention
19419,4411,2,1770.7294,2,2,2,222,Needs Attention
19324,4498,2,1770.7294,3,1,2,312,Potential Loyalist
21540,4500,2,1770.7294,3,1,2,312,Potential Loyalist
14662,4467,2,1770.2965,3,2,2,322,Potential Loyalist
14613,4502,2,1769.7219,4,1,2,412,Potential Loyalist
14649,4476,2,1769.7219,3,1,2,312,Potential Loyalist
15338,4377,2,1765.4586,2,2,2,222,Needs Attention
14868,4390,2,1765.3019,2,2,2,222,Needs Attention
14590,4495,2,1765.3019,3,1,2,312,Potential Loyalist
15538,4337,2,1762.9281,1,2,2,122,Needs Attention
19173,4488,2,1761.8313,3,1,2,312,Potential Loyalist
19260,4368,2,1759.9418,2,2,2,222,Needs Attention
14755,4419,2,1759.788,2,2,2,222,Needs Attention
14914,4393,2,1759.788,2,2,2,222,Needs Attention
19301,4340,2,1757.4113,1,2,2,122,Needs Attention
15532,4339,2,1756.6738,1,2,2,122,Needs Attention
19194,4525,2,1756.6738,4,2,2,422,Potential Loyalist
19474,4349,2,1756.6738,1,2,2,122,Needs Attention
14026,4347,2,1756.6157,1,2,2,122,Needs Attention
25011,4409,2,1756.2842,2,2,2,222,Needs Attention
14896,4399,2,1755.368,2,2,2,222,Needs Attention
14651,4464,2,1755.368,3,2,2,322,Potential Loyalist
14660,4468,2,1755.368,3,2,2,322,Potential Loyalist
14647,4455,2,1755.368,3,2,2,322,Potential Loyalist
14746,4434,2,1755.368,3,2,2,322,Potential Loyalist
14741,4428,2,1755.368,3,2,2,322,Potential Loyalist
14756,4444,2,1755.368,3,2,2,322,Potential Loyalist
15529,4356,2,1754.1544,1,2,2,122,Needs Attention
15502,4329,2,1754.1544,1,2,2,122,Needs Attention
15466,4350,2,1754.1544,1,2,2,122,Needs Attention
15432,4352,2,1754.1544,1,2,2,122,Needs Attention
15547,4331,2,1754.1544,1,2,2,122,Needs Attention
15255,4380,2,1754.1544,2,2,2,222,Needs Attention
15475,4329,2,1754.1434,1,2,2,122,Needs Attention
19447,4354,2,1754.1434,1,2,2,122,Needs Attention
19299,4406,2,1754.0853,2,2,2,222,Needs Attention
19263,4370,2,1754.0853,2,2,2,222,Needs Attention
14025,4351,2,1752.9471,1,2,2,122,Needs Attention
15325,4373,2,1751.1599,2,2,2,222,Needs Attention
19323,4481,2,1751.1599,3,1,2,312,Potential Loyalist
19338,4462,2,1749.7123,3,2,2,322,Potential Loyalist
14003,4417,2,1745.2342,2,2,2,222,Needs Attention
19302,4347,2,1743.0132,1,2,2,122,Needs Attention
15314,4371,2,1741.9773,2,2,2,222,Needs Attention
19278,4383,2,1740.8363,2,2,2,222,Needs Attention
14023,4336,2,1740.8363,1,2,2,122,Needs Attention
19337,4341,2,1740.8363,1,2,2,122,Needs Attention
15427,4344,2,1739.7784,1,2,2,122,Needs Attention
15288,4359,2,1739.7784,1,2,2,122,Needs Attention
15289,4387,2,1739.7784,2,2,2,222,Needs Attention
19258,4378,2,1739.7313,2,2,2,222,Needs Attention
15409,4366,2,1732.0434,1,2,2,122,Needs Attention
19441,4386,2,1732.0434,2,2,2,222,Needs Attention
21055,4348,2,1731.2919,1,2,2,122,Needs Attention
26373,4470,2,1730.3278,3,1,2,312,Potential Loyalist
19322,4347,2,1729.7974,1,2,2,122,Needs Attention
25022,4392,2,1729.2338,2,2,2,222,Needs Attention
19312,4381,2,1728.9907,2,2,2,222,Needs Attention
14728,4455,2,1727.1905,3,2,2,322,Potential Loyalist
14727,4465,2,1727.1905,3,2,2,322,Potential Loyalist
14581,4508,2,1727.1684,4,1,2,412,Potential Loyalist
19186,4389,2,1726.4603,2,2,2,222,Needs Attention
19446,4344,2,1724.2752,1,2,2,122,Needs Attention
15472,4340,2,1724.2752,1,2,2,122,Needs Attention
15525,4347,2,1724.2752,1,2,2,122,Needs Attention
29650,4418,4,1720.8825,2,1,2,212,Needs Attention
26321,4503,2,1717.6203,4,1,2,412,Potential Loyalist
25021,4409,2,1717.6203,2,2,2,222,Needs Attention
15189,4402,2,1715.4905,2,2,2,222,Needs Attention
15191,4415,2,1715.4905,2,2,2,222,Needs Attention
15343,4361,2,1715.4905,1,2,2,122,Needs Attention
15473,4356,2,1715.4905,1,2,2,122,Needs Attention
15252,4390,2,1715.4905,2,2,2,222,Needs Attention
15506,4351,2,1715.4905,1,2,2,122,Needs Attention
30001,4509,2,1712.4431,4,1,2,412,Potential Loyalist
19308,4343,2,1712.1063,1,2,2,122,Needs Attention
25020,4416,2,1712.1063,2,2,2,222,Needs Attention
26529,4468,2,1712.1063,3,2,2,322,Potential Loyalist
21065,4344,2,1711.7666,1,2,2,122,Needs Attention
14912,4404,2,1710.063,2,2,2,222,Needs Attention
14653,4473,2,1710.063,3,1,2,312,Potential Loyalist
14639,4494,2,1710.063,3,1,2,312,Potential Loyalist
14559,4536,2,1710.063,4,2,2,422,Potential Loyalist
29723,4389,4,1702.533,2,1,2,212,Needs Attention
25010,4398,2,1702.1724,2,2,2,222,Needs Attention
19253,4397,2,1702.1724,2,2,2,222,Needs Attention
14645,4461,2,1700.129,3,2,2,322,Potential Loyalist
14915,4389,2,1700.129,2,2,2,222,Needs Attention
14902,4416,2,1700.129,2,2,2,222,Needs Attention
14650,4458,2,1700.129,3,2,2,322,Potential Loyalist
14757,4439,2,1700.129,3,2,2,322,Potential Loyalist
14560,4538,2,1700.129,4,1,2,412,Potential Loyalist
14634,4483,2,1700.129,3,1,2,312,Potential Loyalist
14616,4502,2,1700.129,4,1,2,412,Potential Loyalist
14636,4499,2,1700.129,3,1,2,312,Potential Loyalist
14617,4496,2,1700.1069,3,1,2,312,Potential Loyalist
17982,4596,2,1700.1069,5,1,2,512,Potential Loyalist
14646,4476,2,1700.1069,3,1,2,312,Potential Loyalist
30079,4449,3,1697.8382,3,1,2,312,Potential Loyalist
14740,4443,2,1694.5819,3,2,2,322,Potential Loyalist
14913,4399,2,1694.5819,2,2,2,222,Needs Attention
14752,4427,2,1688.5155,3,2,2,322,Potential Loyalist
14652,4451,2,1688.5155,3,2,2,322,Potential Loyalist
14558,4528,2,1688.5155,4,2,2,422,Potential Loyalist
18148,4561,2,1678.029,4,2,2,422,Potential Loyalist
18004,4569,2,1678.029,4,2,2,422,Potential Loyalist
17975,4650,2,1678.029,5,1,2,512,Potential Loyalist
14577,4500,2,1663.9734,3,1,2,312,Potential Loyalist
14744,4426,2,1663.9734,2,2,2,222,Needs Attention
26673,4644,2,1663.8649,5,1,2,512,Potential Loyalist
14565,4516,2,1661.454,4,1,2,412,Potential Loyalist
14520,4532,2,1661.454,4,2,2,422,Potential Loyalist
14738,4447,2,1661.454,3,2,2,322,Potential Loyalist
14747,4419,2,1661.454,2,2,2,222,Needs Attention
14894,4413,2,1661.454,2,2,2,222,Needs Attention
15005,4405,2,1661.454,2,2,2,222,Needs Attention
14895,4408,2,1661.454,2,2,2,222,Needs Attention
14754,4423,2,1658.4595,2,2,2,222,Needs Attention
14739,4431,2,1658.4595,3,2,2,322,Potential Loyalist
14591,4500,2,1658.4595,3,1,2,312,Potential Loyalist
11300,4325,27,1658.0753,1,1,2,112,Lost
15016,4408,2,1655.929,2,2,2,222,Needs Attention
14891,4403,2,1655.929,2,2,2,222,Needs Attention
29741,4357,3,1654.3501,1,1,2,112,Lost
14726,4457,2,1639.343,3,2,2,322,Potential Loyalist
14576,4498,2,1631.5748,3,1,2,312,Potential Loyalist
29733,5180,2,1627.2138,5,1,2,512,Potential Loyalist
14580,4508,2,1622.7901,4,1,2,412,Potential Loyalist
14722,4474,2,1622.7901,3,1,2,312,Potential Loyalist
14589,4494,2,1622.7901,3,1,2,312,Potential Loyalist
14610,4483,2,1622.7901,3,1,2,312,Potential Loyalist
14852,4435,2,1622.7901,3,2,2,322,Potential Loyalist
14753,4424,2,1622.7901,2,2,2,222,Needs Attention
14892,4403,2,1622.7901,2,2,2,222,Needs Attention
11200,4305,27,1617.0356,1,1,2,112,Lost
11277,4309,27,1585.6648,1,1,2,112,Lost
15893,4516,2,1578.9788,4,1,2,412,Potential Loyalist
15552,4665,2,1576.2384,5,1,2,512,Potential Loyalist
29766,4388,2,1575.882,2,2,2,222,Needs Attention
15986,4495,2,1572.3488,3,1,2,312,Potential Loyalist
15886,4589,2,1571.8184,5,1,2,512,Potential Loyalist
15827,4604,2,1567.9067,5,1,2,512,Potential Loyalist
15865,4586,2,1565.7298,5,1,2,512,Potential Loyalist
15908,4497,2,1562.3927,3,1,2,312,Potential Loyalist
26547,4353,2,1555.7959,1,2,2,122,Needs Attention
27362,4535,2,1555.2323,4,2,2,422,Potential Loyalist
15987,4454,2,1552.4698,3,2,2,322,Potential Loyalist
15892,4512,2,1548.6134,4,1,2,412,Potential Loyalist
26918,4347,2,1546.9338,1,2,2,122,Needs Attention
27473,4328,2,1545.2984,1,2,2,122,Needs Attention
15885,4573,2,1544.7348,4,2,2,422,Potential Loyalist
15902,4534,2,1544.7348,4,2,2,422,Potential Loyalist
26560,4355,2,1543.0663,1,2,2,122,Needs Attention
15904,4539,2,1541.4198,4,1,2,412,Potential Loyalist
19475,4673,2,1541.3977,5,1,2,512,Potential Loyalist
15994,4478,2,1538.1048,3,1,2,312,Potential Loyalist
19503,4630,2,1538.1048,5,1,2,512,Potential Loyalist
27346,4566,2,1536.9998,4,2,2,422,Potential Loyalist
26658,4679,2,1536.9998,5,1,2,512,Potential Loyalist
26667,4649,2,1536.9998,5,1,2,512,Potential Loyalist
15763,4608,2,1533.6848,5,1,2,512,Potential Loyalist
27471,4330,2,1532.0605,1,2,2,122,Needs Attention
27489,4332,2,1528.7123,1,2,2,122,Needs Attention
27355,4530,2,1528.7123,4,2,2,422,Potential Loyalist
19504,4575,2,1528.1819,4,2,2,422,Potential Loyalist
27348,4521,2,1527.6184,4,1,2,412,Potential Loyalist
27483,4341,2,1527.6184,1,2,2,122,Needs Attention
15909,4490,2,1525.1763,3,1,2,312,Potential Loyalist
15862,4627,2,1524.8448,5,1,2,512,Potential Loyalist
15901,4537,2,1521.5519,4,1,2,412,Potential Loyalist
15890,4547,2,1519.6624,4,2,2,422,Potential Loyalist
15561,4639,2,1519.6624,5,1,2,512,Potential Loyalist
15551,4689,2,1519.6624,5,1,2,512,Potential Loyalist
15553,4685,2,1517.1098,5,1,2,512,Potential Loyalist
15903,4534,2,1517.1098,4,2,2,422,Potential Loyalist
15882,4585,2,1516.5684,4,1,2,412,Potential Loyalist
26768,4610,2,1516.0048,5,1,2,512,Potential Loyalist
26743,4639,2,1516.0048,5,1,2,512,Potential Loyalist
27365,4520,2,1516.0048,4,1,2,412,Potential Loyalist
27500,4507,2,1516.0048,4,1,2,412,Potential Loyalist
27486,4349,2,1516.0048,1,2,2,122,Needs Attention
27353,4530,2,1516.0048,4,2,2,422,Potential Loyalist
15555,4674,2,1516.0048,5,1,2,512,Potential Loyalist
27470,4341,2,1516.0048,1,2,2,122,Needs Attention
27075,4391,2,1516.0048,2,2,2,222,Needs Attention
29751,4693,1,1514.006,5,5,2,552,Champion
15558,4655,2,1506.0709,5,1,2,512,Potential Loyalist
26549,4351,2,1504.4023,1,2,2,122,Needs Attention
27406,4410,2,1500.5569,2,2,2,222,Needs Attention
26748,4639,2,1500.5569,5,1,2,512,Potential Loyalist
27352,4540,2,1500.5569,4,1,2,412,Potential Loyalist
15953,4479,2,1500.5569,3,1,2,312,Potential Loyalist
26657,4675,2,1500.5569,5,1,2,512,Potential Loyalist
15554,4666,2,1500.5569,5,1,2,512,Potential Loyalist
27485,4357,2,1496.9546,1,2,2,122,Needs Attention
27493,4345,2,1495.5734,1,2,2,122,Needs Attention
27371,4529,2,1492.5788,4,2,2,422,Potential Loyalist
27340,4571,2,1492.5788,4,2,2,422,Potential Loyalist
27498,4522,2,1492.5788,4,2,2,422,Potential Loyalist
26919,4343,2,1492.5788,1,2,2,122,Needs Attention
26924,4335,2,1492.5788,1,2,2,122,Needs Attention
27342,4554,2,1490.0484,4,2,2,422,Potential Loyalist
15562,4660,2,1489.5069,5,1,2,512,Potential Loyalist
26654,4675,2,1488.1699,5,1,2,512,Potential Loyalist
15276,4670,2,1488.1699,5,1,2,512,Potential Loyalist
26656,4669,2,1487.2748,5,1,2,512,Potential Loyalist
27472,4356,2,1487.2748,1,2,2,122,Needs Attention
15570,4632,2,1486.1809,5,1,2,512,Potential Loyalist
27492,4355,2,1486.1256,1,2,2,122,Needs Attention
26757,4609,2,1485.6394,5,1,2,512,Potential Loyalist
27359,4510,2,1485.6394,4,1,2,412,Potential Loyalist
27338,4600,2,1480.6117,5,1,2,512,Potential Loyalist
26917,4334,2,1479.8713,1,2,2,122,Needs Attention
15548,4663,2,1478.4459,5,1,2,512,Potential Loyalist
15557,4682,2,1478.4459,5,1,2,512,Potential Loyalist
26666,4685,2,1477.3409,5,1,2,512,Potential Loyalist
26967,4625,2,1477.3409,5,1,2,512,Potential Loyalist
27339,4597,2,1477.3409,5,1,2,512,Potential Loyalist
26921,4347,2,1477.3409,1,2,2,122,Needs Attention
27356,4533,2,1477.3409,4,2,2,422,Potential Loyalist
26561,4341,2,1477.3409,1,2,2,122,Needs Attention
26920,4338,2,1477.3409,1,2,2,122,Needs Attention
27490,4341,2,1471.8269,1,2,2,122,Needs Attention
27469,4332,2,1471.8269,1,2,2,122,Needs Attention
27499,4529,2,1471.8269,4,2,2,422,Potential Loyalist
26767,4606,2,1471.8269,5,1,2,512,Potential Loyalist
26774,4614,2,1471.8269,5,1,2,512,Potential Loyalist
11331,4301,27,1468.8883,1,1,2,112,Lost
26655,4684,2,1461.893,5,1,2,512,Potential Loyalist
26749,4661,2,1461.893,5,1,2,512,Potential Loyalist
15860,4614,2,1461.893,5,1,2,512,Potential Loyalist
15834,4623,2,1461.893,5,1,2,512,Potential Loyalist
26760,4617,2,1461.893,5,1,2,512,Potential Loyalist
26758,4620,2,1461.893,5,1,2,512,Potential Loyalist
27354,4516,2,1461.893,4,1,2,412,Potential Loyalist
27366,4530,2,1461.893,4,2,2,422,Potential Loyalist
27370,4532,2,1461.893,4,2,2,422,Potential Loyalist
27484,4345,2,1461.893,1,2,2,122,Needs Attention
27341,4555,2,1461.893,4,2,2,422,Potential Loyalist
27299,4571,2,1461.893,4,2,2,422,Potential Loyalist
26916,4328,2,1461.893,1,2,2,122,Needs Attention
26922,4353,2,1461.893,1,2,2,122,Needs Attention
27487,4341,2,1461.893,1,2,2,122,Needs Attention
26548,4337,2,1461.893,1,2,2,122,Needs Attention
27488,4341,2,1461.893,1,2,2,122,Needs Attention
26923,4340,2,1461.893,1,2,2,122,Needs Attention
30099,4723,1,1459.2824,5,5,2,552,Champion
11176,4298,28,1458.6118,1,1,2,112,Lost
30010,5119,2,1457.3288,5,1,2,512,Potential Loyalist
25928,4382,2,1454.2334,2,2,2,222,Needs Attention
30080,4449,3,1452.5356,3,1,2,312,Potential Loyalist
27879,4467,1,1451.2407,3,3,2,332,Loyal
25417,4513,1,1445.6826,4,5,2,452,Champion
25086,4691,1,1445.6826,5,5,2,552,Champion
25938,4384,2,1445.4044,2,2,2,222,Needs Attention
25926,4369,2,1445.4044,2,2,2,222,Needs Attention
25709,4365,2,1445.4044,1,2,2,122,Needs Attention
25714,4359,2,1445.4044,1,2,2,122,Needs Attention
29432,4593,1,1444.5776,5,5,2,552,Champion
25558,4416,2,1444.2994,2,2,2,222,Needs Attention
15017,4670,2,1444.2994,5,1,2,512,Potential Loyalist
25389,4554,1,1440.7322,4,4,2,442,Champion
25716,4369,2,1439.3601,2,2,2,222,Needs Attention
28102,4329,1,1436.3122,1,4,2,142,At Risk
25937,4380,2,1436.0119,2,2,2,222,Needs Attention
26948,4530,1,1429.1297,4,4,2,442,Champion
26974,4488,1,1428.5551,3,4,2,342,Loyal
29433,4595,1,1424.7097,5,5,2,552,Champion
27874,4620,1,1423.5826,5,5,2,552,Champion
25713,4378,2,1423.3044,2,2,2,222,Needs Attention
25561,4394,2,1423.3044,2,2,2,222,Needs Attention
25560,4399,2,1423.3044,2,2,2,222,Needs Attention
26640,4462,2,1423.3044,3,2,2,322,Potential Loyalist
30036,4478,3,1422.3392,3,1,2,312,Potential Loyalist
25368,4596,1,1418.6211,5,5,2,552,Champion
25382,4601,1,1418.6211,5,5,2,552,Champion
25403,4537,1,1418.6211,4,4,2,442,Champion
27878,4475,1,1418.6211,3,4,2,342,Loyal
26977,4480,1,1418.6211,3,4,2,342,Loyal
27139,4391,1,1417.5161,2,3,2,232,At Risk
29905,5119,2,1416.9322,5,1,2,512,Potential Loyalist
25539,4557,1,1412.0022,4,4,2,442,Champion
25555,4394,2,1411.7019,2,2,2,222,Needs Attention
25940,4364,2,1411.7019,1,2,2,122,Needs Attention
25390,4565,1,1408.1347,4,4,2,442,Champion
23699,4476,1,1408.1347,3,4,2,342,Loyal
25711,4359,2,1407.8565,1,2,2,122,Needs Attention
25705,4360,2,1407.8565,1,2,2,122,Needs Attention
25715,4360,2,1407.8565,1,2,2,122,Needs Attention
27014,4409,2,1407.8565,2,2,2,222,Needs Attention
25717,4384,2,1407.8565,2,2,2,222,Needs Attention
25944,4381,2,1407.8565,2,2,2,222,Needs Attention
25922,4373,2,1407.8565,2,2,2,222,Needs Attention
25718,4375,2,1407.8565,2,2,2,222,Needs Attention
25619,4448,1,1407.5822,3,3,2,332,Loyal
25574,4513,1,1407.5822,4,5,2,452,Champion
26884,4634,1,1407.5822,5,5,2,552,Champion
26940,4545,1,1407.5822,4,4,2,442,Champion
25927,4371,2,1406.1327,2,2,2,222,Needs Attention
26683,4430,2,1404.2542,3,2,2,322,Potential Loyalist
19550,4621,1,1402.7644,5,5,2,552,Champion
27875,4620,1,1402.0682,5,5,2,552,Champion
26961,4515,1,1402.0682,4,5,2,452,Champion
25420,4489,1,1402.0682,3,4,2,342,Loyal
25700,4342,1,1402.0682,1,4,2,142,At Risk
27180,4357,1,1402.0682,1,3,2,132,At Risk
25600,4450,1,1402.0682,3,3,2,332,Loyal
26864,4692,1,1402.0682,5,5,2,552,Champion
25097,4646,1,1402.0682,5,5,2,552,Champion
26692,4410,2,1399.8784,2,2,2,222,Needs Attention
27120,4445,1,1397.6482,3,2,2,322,Potential Loyalist
25649,4360,1,1397.6482,1,3,2,132,At Risk
25593,4490,1,1397.6482,3,4,2,342,Loyal
27004,4472,1,1397.6482,3,4,2,342,Loyal
26991,4502,1,1397.6482,4,5,2,452,Champion
26831,4677,1,1397.6482,5,5,2,552,Champion
25939,4379,2,1397.348,2,2,2,222,Needs Attention
26930,4611,1,1396.5211,5,5,2,552,Champion
25370,4580,1,1396.5211,4,5,2,452,Champion
25557,4393,2,1395.4695,2,2,2,222,Needs Attention
25707,4388,2,1394.5744,2,2,2,222,Needs Attention
25712,4358,2,1394.5744,1,2,2,122,Needs Attention
25918,4381,2,1392.939,2,2,2,222,Needs Attention
25092,4683,1,1389.8911,5,5,2,552,Champion
25391,4541,1,1388.7419,4,4,2,442,Champion
25935,4358,2,1387.9113,1,2,2,122,Needs Attention
25941,4361,2,1387.1709,1,2,2,122,Needs Attention
19402,4649,1,1386.1894,5,5,2,552,Champion
25607,4462,1,1384.9186,3,3,2,332,Loyal
25708,4360,2,1384.6405,1,2,2,122,Needs Attention
25556,4411,2,1384.6405,2,2,2,222,Needs Attention
25559,4402,2,1384.6405,2,2,2,222,Needs Attention
25566,4401,2,1384.6405,2,2,2,222,Needs Attention
25921,4386,2,1384.6405,2,2,2,222,Needs Attention
25564,4390,2,1384.6405,2,2,2,222,Needs Attention
25568,4401,2,1384.6405,2,2,2,222,Needs Attention
30016,4935,1,1384.3708,5,5,2,552,Champion
23789,4423,1,1382.4876,2,3,2,232,At Risk
25098,4637,1,1382.4876,5,5,2,552,Champion
25683,4371,1,1382.4876,2,3,2,232,At Risk
28098,4375,1,1381.0732,2,3,2,232,At Risk
28091,4361,1,1381.0732,1,3,2,132,At Risk
23794,4415,1,1381.0732,2,3,2,232,At Risk
19205,4342,1,1381.0732,1,4,2,142,At Risk
25387,4555,1,1381.0732,4,4,2,442,Champion
25386,4556,1,1381.0732,4,4,2,442,Champion
26936,4547,1,1381.0732,4,4,2,442,Champion
25388,4548,1,1381.0732,4,4,2,442,Champion
25099,4636,1,1381.0732,5,5,2,552,Champion
25148,4631,1,1381.0732,5,5,2,552,Champion
25199,4618,1,1381.0732,5,5,2,552,Champion
25204,4613,1,1381.0732,5,5,2,552,Champion
26873,4643,1,1381.0732,5,5,2,552,Champion
29431,4624,1,1381.0732,5,5,2,552,Champion
25380,4583,1,1381.0732,4,5,2,452,Champion
25198,4610,1,1381.0732,5,5,2,552,Champion
25384,4601,1,1381.0732,5,5,2,552,Champion
25385,4598,1,1381.0732,5,5,2,552,Champion
25281,4605,1,1381.0732,5,5,2,552,Champion
25432,4493,1,1381.0732,3,4,2,342,Loyal
25421,4494,1,1381.0732,3,4,2,342,Loyal
25840,4495,1,1381.0732,3,4,2,342,Loyal
25394,4539,1,1381.0732,4,4,2,442,Champion
25392,4529,1,1381.0732,4,4,2,442,Champion
25402,4525,1,1381.0732,4,4,2,442,Champion
25419,4515,1,1381.0732,4,5,2,452,Champion
25606,4469,1,1381.0732,3,3,2,332,Loyal
25617,4457,1,1381.0732,3,3,2,332,Loyal
25613,4455,1,1381.0732,3,3,2,332,Loyal
25087,4668,1,1381.0732,5,5,2,552,Champion
25088,4677,1,1381.0732,5,5,2,552,Champion
26862,4674,1,1381.0732,5,5,2,552,Champion
27873,4693,1,1381.0732,5,5,2,552,Champion
25936,4360,2,1379.1265,1,2,2,122,Needs Attention
25919,4358,2,1379.1265,1,2,2,122,Needs Attention
25945,4384,2,1379.1265,2,2,2,222,Needs Attention
25436,4486,1,1374.4432,3,4,2,342,Loyal
25366,4615,1,1374.4432,5,5,2,552,Champion
22686,4620,1,1374.0012,5,5,2,552,Champion
20700,4474,1,1374.0012,3,4,2,342,Loyal
23930,4528,1,1374.0012,4,4,2,442,Champion
25493,4344,1,1374.0012,1,4,2,142,At Risk
25706,4383,2,1369.1926,2,2,2,222,Needs Attention
25563,4412,2,1369.1926,2,2,2,222,Needs Attention
25710,4358,2,1369.1926,1,2,2,122,Needs Attention
25567,4408,2,1369.1926,2,2,2,222,Needs Attention
25704,4415,2,1369.1926,2,2,2,222,Needs Attention
25565,4396,2,1369.1926,2,2,2,222,Needs Attention
25562,4391,2,1369.1926,2,2,2,222,Needs Attention
26963,4494,1,1367.7911,3,4,2,342,Loyal
26826,4691,1,1367.7911,5,5,3,553,Champion
25096,4647,1,1366.6419,5,5,3,553,Champion
25693,4343,1,1366.6419,1,4,3,143,At Risk
27161,4358,1,1366.6419,1,3,3,133,At Risk
23774,4595,1,1364.0673,5,5,3,553,Champion
21930,4344,1,1363.5258,1,4,3,143,At Risk
20884,4378,1,1359.1058,2,3,3,233,At Risk
25639,4400,1,1357.8572,2,3,3,233,At Risk
23799,4344,1,1357.8572,1,4,3,143,At Risk
25538,4605,1,1357.8572,5,5,3,553,Champion
25381,4588,1,1357.8572,5,5,3,553,Champion
25383,4590,1,1357.8572,5,5,3,553,Champion
25413,4513,1,1357.8572,4,5,3,453,Champion
27877,4498,1,1357.8572,3,5,3,353,Loyal
25614,4456,1,1357.8572,3,3,3,333,Loyal
27154,4397,1,1357.8572,2,3,3,233,At Risk
27119,4442,1,1357.8572,3,2,3,323,Potential Loyalist
25085,4670,1,1357.8572,5,5,3,553,Champion
26825,4663,1,1357.8572,5,5,3,553,Champion
29401,4668,1,1352.3432,5,5,3,553,Champion
25146,4659,1,1352.3432,5,5,3,553,Champion
27136,4422,1,1352.3432,2,3,3,233,At Risk
25586,4512,1,1352.3432,4,5,3,453,Champion
25412,4517,1,1352.3432,4,4,3,443,Champion
25588,4540,1,1352.3432,4,4,3,443,Champion
25418,4539,1,1352.3432,4,4,3,443,Champion
25395,4536,1,1352.3432,4,4,3,443,Champion
25540,4526,1,1352.3432,4,4,3,443,Champion
26954,4521,1,1352.3432,4,4,3,443,Champion
26933,4599,1,1352.3432,5,5,3,553,Champion
25203,4618,1,1352.3432,5,5,3,553,Champion
25485,4618,1,1352.3432,5,5,3,553,Champion
25339,4612,1,1352.3432,5,5,3,553,Champion
29411,4645,1,1352.3432,5,5,3,553,Champion
25532,4622,1,1352.3432,5,5,3,553,Champion
25694,4355,1,1352.3432,1,3,3,133,At Risk
19527,4511,1,1347.4923,4,5,3,453,Champion
19225,4690,1,1346.9729,5,5,3,553,Champion
23688,4678,1,1342.4093,5,5,3,553,Champion
27876,4512,1,1342.4093,4,5,3,453,Champion
25594,4479,1,1342.4093,3,4,3,343,Loyal
26946,4535,1,1342.4093,4,4,3,443,Champion
25411,4530,1,1342.4093,4,4,3,443,Champion
27169,4353,1,1342.4093,1,3,3,133,At Risk
28103,4344,1,1342.4093,1,4,3,143,At Risk
25379,4571,1,1342.4093,4,4,3,443,Champion
23788,4456,1,1342.4093,3,3,3,333,Loyal
24213,4428,1,1341.9783,3,3,3,333,Loyal
21583,4401,1,1341.9783,2,3,3,233,At Risk
20175,4500,1,1341.9783,3,5,3,353,Loyal
24026,4529,1,1340.3319,4,4,3,443,Champion
20026,4550,1,1340.3319,4,4,3,443,Champion
25510,4370,1,1340.3098,2,3,3,233,At Risk
20699,4474,1,1336.4644,3,4,3,343,Loyal
24217,4441,1,1336.4644,3,3,3,333,Loyal
20793,4454,1,1332.0444,3,3,3,333,Loyal
21483,4401,1,1332.0444,2,3,3,233,At Risk
18603,4596,1,1332.0444,5,5,3,553,Champion
21685,4360,1,1332.0444,1,3,3,133,At Risk
21723,4364,1,1332.0444,1,3,3,133,At Risk
21728,4386,1,1332.0444,2,3,3,233,At Risk
21357,4418,1,1332.0444,2,3,3,233,At Risk
22152,4349,1,1332.0444,1,4,3,143,At Risk
19532,4659,1,1332.0444,5,5,3,553,Champion
11223,4319,27,1331.9455,1,1,3,113,Lost
20190,4519,1,1330.9283,4,5,3,453,Champion
24034,4522,1,1329.8233,4,4,3,443,Champion
27167,4557,1,1329.8233,4,4,3,443,Champion
19875,4576,1,1325.4033,4,4,3,443,Champion
24193,4427,1,1325.4033,3,3,3,333,Loyal
18795,4562,1,1324.8619,4,4,3,443,Champion
21926,4348,1,1324.8619,1,4,3,143,At Risk
25312,4377,1,1324.8619,2,3,3,233,At Risk
23904,4581,1,1324.8619,4,5,3,453,Champion
22642,4645,1,1324.8619,5,5,3,553,Champion
28563,4409,1,1323.7569,2,3,3,233,At Risk
28522,4422,1,1323.7569,2,3,3,233,At Risk
20646,4454,1,1323.7569,3,3,3,333,Loyal
21274,4433,1,1323.7569,3,3,3,333,Loyal
20782,4437,1,1323.1381,3,3,3,333,Loyal
21476,4394,1,1323.1381,2,3,3,233,At Risk
23983,4551,1,1320.9944,4,4,3,443,Champion
24138,4395,1,1320.4419,2,3,3,233,At Risk
19743,4590,1,1320.4419,5,5,3,553,Champion
20387,4503,1,1320.4419,4,5,3,453,Champion
21246,4430,1,1320.4419,3,3,3,333,Loyal
21436,4330,1,1319.3148,1,4,3,143,At Risk
28702,4368,1,1318.7623,2,3,3,233,At Risk
23753,4576,1,1318.7623,4,5,3,453,Champion
20657,4459,1,1318.7623,3,3,3,333,Loyal
19986,4598,1,1314.3533,5,5,3,553,Champion
21315,4527,1,1314.3533,4,4,3,443,Champion
27590,4333,1,1314.3533,1,4,3,143,At Risk
11091,4317,28,1314.2103,1,1,3,113,Lost
21144,4438,1,1313.2483,3,3,3,333,Loyal
25585,4330,1,1313.2483,1,4,3,143,At Risk
22245,4348,1,1313.2483,1,4,3,143,At Risk
25531,4383,1,1313.2483,2,3,3,233,At Risk
19406,4633,1,1313.2483,5,5,3,553,Champion
22653,4648,1,1313.2483,5,5,3,553,Champion
23225,4651,1,1308.8283,5,5,3,553,Champion
19701,4609,1,1308.8283,5,5,3,553,Champion
19993,4594,1,1308.8283,5,5,3,553,Champion
20205,4527,1,1308.8283,4,4,3,443,Champion
20372,4527,1,1308.8283,4,4,3,443,Champion
19113,4517,1,1308.8283,4,5,3,453,Champion
20145,4497,1,1308.8283,3,5,3,353,Loyal
20677,4472,1,1308.8283,3,4,3,343,Loyal
20401,4486,1,1308.8283,3,4,3,343,Loyal
20399,4488,1,1308.8283,3,4,3,343,Loyal
21422,4384,1,1308.8283,2,3,3,233,At Risk
21920,4362,1,1308.8283,1,3,3,133,At Risk
22137,4351,1,1308.8283,1,3,3,133,At Risk
21355,4416,1,1308.8283,2,3,3,233,At Risk
23986,4554,1,1308.8283,4,4,3,443,Champion
27694,4338,1,1308.8283,1,4,3,143,At Risk
20009,4563,1,1308.8283,4,4,3,443,Champion
20750,4455,1,1308.8283,3,3,3,333,Loyal
21149,4434,1,1307.7344,3,3,3,333,Loyal
19984,4574,1,1307.7344,4,4,3,443,Champion
27696,4349,1,1307.7344,1,4,3,143,At Risk
21434,4330,1,1307.7344,1,4,3,143,At Risk
27687,4334,1,1307.7344,1,4,3,143,At Risk
21929,4351,1,1307.7344,1,3,3,133,At Risk
27589,4355,1,1307.7344,1,3,3,133,At Risk
21645,4374,1,1307.7344,2,3,3,233,At Risk
21335,4474,1,1307.7344,3,4,3,343,Loyal
19116,4537,1,1307.7344,4,4,3,443,Champion
23760,4586,1,1307.7344,5,5,3,553,Champion
19775,4595,1,1307.7344,5,5,3,553,Champion
19549,4613,1,1307.7344,5,5,3,553,Champion
19548,4619,1,1307.7344,5,5,3,553,Champion
19409,4651,1,1307.7344,5,5,3,553,Champion
21309,4650,1,1307.7344,5,5,3,553,Champion
23224,4657,1,1307.7344,5,5,3,553,Champion
22613,4680,1,1307.7344,5,5,3,553,Champion
19160,4671,1,1307.7344,5,5,3,553,Champion
19531,4651,1,1303.8669,5,5,3,553,Champion
19725,4611,1,1303.8669,5,5,3,553,Champion
19547,4612,1,1303.8669,5,5,3,553,Champion
20395,4495,1,1303.8669,3,4,3,343,Loyal
19681,4494,1,1303.8669,3,4,3,343,Loyal
20093,4566,1,1303.8669,4,4,3,443,Champion
21326,4522,1,1303.8669,4,4,3,443,Champion
20187,4523,1,1303.8669,4,4,3,443,Champion
20660,4478,1,1303.8669,3,4,3,343,Loyal
20281,4521,1,1303.8669,4,5,3,453,Champion
21604,4372,1,1303.8669,2,3,3,233,At Risk
21711,4381,1,1303.8669,2,3,3,233,At Risk
21794,4385,1,1303.8669,2,3,3,233,At Risk
21585,4391,1,1303.8669,2,3,3,233,At Risk
22188,4336,1,1303.8669,1,4,3,143,At Risk
22220,4330,1,1303.8669,1,4,3,143,At Risk
22236,4329,1,1303.8669,1,4,3,143,At Risk
27698,4348,1,1303.8669,1,4,3,143,At Risk
21147,4423,1,1303.8669,2,3,3,233,At Risk
20765,4466,1,1303.8669,3,3,3,333,Loyal
26988,4560,1,1303.3144,4,4,3,443,Champion
19744,4571,1,1303.3144,4,4,3,443,Champion
23777,4569,1,1303.3144,4,4,3,443,Champion
25546,4388,1,1303.3144,2,3,3,233,At Risk
21329,4406,1,1303.3144,2,3,3,233,At Risk
21388,4402,1,1303.3144,2,3,3,233,At Risk
21605,4382,1,1303.3144,2,3,3,233,At Risk
24114,4478,1,1303.3144,3,4,3,343,Loyal
19400,4523,1,1303.3144,4,4,3,443,Champion
24011,4522,1,1303.3144,4,4,3,443,Champion
23988,4534,1,1303.3144,4,4,3,443,Champion
19526,4536,1,1303.3144,4,4,3,443,Champion
19545,4622,1,1303.3144,5,5,3,553,Champion
18557,4648,1,1303.3144,5,5,3,553,Champion
19534,4652,1,1303.3144,5,5,3,553,Champion
23954,4592,1,1302.1873,5,5,3,553,Champion
21100,4345,1,1302.1873,1,4,3,143,At Risk
25636,4346,1,1297.8004,1,4,3,143,At Risk
21910,4342,1,1297.8004,1,4,3,143,At Risk
21429,4338,1,1297.8004,1,4,3,143,At Risk
25599,4345,1,1297.8004,1,4,3,143,At Risk
22253,4328,1,1297.8004,1,4,3,143,At Risk
22318,4330,1,1297.8004,1,4,3,143,At Risk
27712,4330,1,1297.8004,1,4,3,143,At Risk
22186,4333,1,1297.8004,1,4,3,143,At Risk
25604,4339,1,1297.8004,1,4,3,143,At Risk
25502,4341,1,1297.8004,1,4,3,143,At Risk
22391,4340,1,1297.8004,1,4,3,143,At Risk
21781,4382,1,1297.8004,2,3,3,233,At Risk
21588,4376,1,1297.8004,2,3,3,233,At Risk
24702,4384,1,1297.8004,2,3,3,233,At Risk
20888,4372,1,1297.8004,2,3,3,233,At Risk
21798,4375,1,1297.8004,2,3,3,233,At Risk
25448,4367,1,1297.8004,1,3,3,133,At Risk
21941,4355,1,1297.8004,1,3,3,133,At Risk
22111,4355,1,1297.8004,1,3,3,133,At Risk
21746,4365,1,1297.8004,1,3,3,133,At Risk
21401,4404,1,1297.8004,2,3,3,233,At Risk
21491,4404,1,1297.8004,2,3,3,233,At Risk
28564,4358,1,1297.8004,1,3,3,133,At Risk
21356,4393,1,1297.8004,2,3,3,233,At Risk
21700,4387,1,1297.8004,2,3,3,233,At Risk
19985,4592,1,1297.8004,5,5,3,553,Champion
19891,4585,1,1297.8004,5,5,3,553,Champion
19745,4597,1,1297.8004,5,5,3,553,Champion
20529,4503,1,1297.8004,4,5,3,453,Champion
20541,4502,1,1297.8004,4,5,3,453,Champion
27795,4506,1,1297.8004,4,5,3,453,Champion
23220,4605,1,1297.8004,5,5,3,553,Champion
22695,4621,1,1297.8004,5,5,3,553,Champion
18570,4622,1,1297.8004,5,5,3,553,Champion
20195,4537,1,1297.8004,4,4,3,443,Champion
20061,4485,1,1297.8004,3,4,3,343,Loyal
20028,4542,1,1297.8004,4,4,3,443,Champion
24048,4489,1,1297.8004,3,4,3,343,Loyal
19546,4525,1,1297.8004,4,4,3,443,Champion
20295,4526,1,1297.8004,4,4,3,443,Champion
20198,4526,1,1297.8004,4,4,3,443,Champion
20371,4524,1,1297.8004,4,4,3,443,Champion
23923,4523,1,1297.8004,4,4,3,443,Champion
27902,4479,1,1297.8004,3,4,3,343,Loyal
24069,4484,1,1297.8004,3,4,3,343,Loyal
24054,4486,1,1297.8004,3,4,3,343,Loyal
24044,4488,1,1297.8004,3,4,3,343,Loyal
20650,4473,1,1297.8004,3,4,3,343,Loyal
27182,4515,1,1297.8004,4,5,3,453,Champion
20194,4516,1,1297.8004,4,5,3,453,Champion
24047,4504,1,1297.8004,4,5,3,453,Champion
27798,4496,1,1297.8004,3,5,3,353,Loyal
21333,4499,1,1297.8004,3,5,3,353,Loyal
20661,4464,1,1297.8004,3,3,3,333,Loyal
20652,4460,1,1297.8004,3,3,3,333,Loyal
21161,4425,1,1297.8004,2,3,3,233,At Risk
20846,4451,1,1297.8004,3,3,3,333,Loyal
24189,4449,1,1297.8004,3,3,3,333,Loyal
27799,4672,1,1297.8004,5,5,3,553,Champion
19171,4679,1,1297.8004,5,5,3,553,Champion
19212,4678,1,1297.8004,5,5,3,553,Champion
22668,4674,1,1297.8004,5,5,3,553,Champion
20826,4478,1,1297.2258,3,4,3,343,Loyal
20118,4518,1,1293.3804,4,4,3,443,Champion
24055,4488,1,1293.3804,3,4,3,343,Loyal
20526,4482,1,1293.3804,3,4,3,343,Loyal
20481,4482,1,1293.3804,3,4,3,343,Loyal
24101,4498,1,1293.3804,3,5,3,353,Loyal
24051,4498,1,1293.3804,3,5,3,353,Loyal
20304,4520,1,1293.3804,4,5,3,453,Champion
19123,4510,1,1293.3804,4,5,3,453,Champion
24030,4513,1,1293.3804,4,5,3,453,Champion
20059,4494,1,1293.3804,3,4,3,343,Loyal
24031,4537,1,1293.3804,4,4,3,443,Champion
19535,4644,1,1293.3804,5,5,3,553,Champion
19401,4637,1,1293.3804,5,5,3,553,Champion
19671,4605,1,1293.3804,5,5,3,553,Champion
19680,4608,1,1293.3804,5,5,3,553,Champion
20434,4503,1,1293.3804,4,5,3,453,Champion
18580,4587,1,1293.3804,5,5,3,553,Champion
25301,4395,1,1293.3804,2,3,3,233,At Risk
28700,4388,1,1293.3804,2,3,3,233,At Risk
21424,4408,1,1293.3804,2,3,3,233,At Risk
24697,4409,1,1293.3804,2,3,3,233,At Risk
24211,4402,1,1293.3804,2,3,3,233,At Risk
21396,4415,1,1293.3804,2,3,3,233,At Risk
22246,4354,1,1293.3804,1,3,3,133,At Risk
21643,4361,1,1293.3804,1,3,3,133,At Risk
25576,4374,1,1293.3804,2,3,3,233,At Risk
22243,4352,1,1293.3804,1,3,3,133,At Risk
25500,4369,1,1293.3804,2,3,3,233,At Risk
20882,4374,1,1293.3804,2,3,3,233,At Risk
24835,4376,1,1293.3804,2,3,3,233,At Risk
21599,4381,1,1293.3804,2,3,3,233,At Risk
21638,4379,1,1293.3804,2,3,3,233,At Risk
21435,4338,1,1293.3804,1,4,3,143,At Risk
21928,4348,1,1293.3804,1,4,3,143,At Risk
20073,4562,1,1293.3804,4,4,3,443,Champion
20066,4561,1,1293.3804,4,4,3,443,Champion
21343,4448,1,1293.3804,3,3,3,333,Loyal
20768,4428,1,1293.3804,3,3,3,333,Loyal
20654,4462,1,1293.3804,3,3,3,333,Loyal
25453,4396,1,1293.3804,2,3,3,233,At Risk
24065,4457,1,1293.3804,3,3,3,333,Loyal
28364,4468,1,1293.3804,3,3,3,333,Loyal
21150,4441,1,1293.3804,3,2,3,323,Potential Loyalist
19202,4675,1,1293.3804,5,5,3,553,Champion
22667,4687,1,1293.3804,5,5,3,553,Champion
19405,4650,1,1293.3804,5,5,3,553,Champion
19169,4665,1,1293.3804,5,5,3,553,Champion
21594,4380,1,1292.8169,2,3,3,233,At Risk
21590,4376,1,1292.2533,2,3,3,233,At Risk
21695,4359,1,1292.2533,1,3,3,133,At Risk
25572,4361,1,1292.2533,1,3,3,133,At Risk
25584,4344,1,1292.2533,1,4,3,143,At Risk
28741,4341,1,1292.2533,1,4,3,143,At Risk
25603,4339,1,1292.2533,1,4,3,143,At Risk
22656,4609,1,1292.2533,5,5,3,553,Champion
18549,4639,1,1292.2533,5,5,3,553,Champion
19396,4632,1,1292.2533,5,5,3,553,Champion
27143,4615,1,1292.2533,5,5,3,553,Champion
20111,4536,1,1292.2533,4,4,3,443,Champion
27760,4540,1,1292.2533,4,4,3,443,Champion
24100,4505,1,1292.2533,4,5,3,453,Champion
19529,4649,1,1292.2533,5,5,3,553,Champion
29502,4418,4,1291.8825,2,1,3,213,Needs Attention
11287,4297,27,1289.6131,1,1,3,113,Lost
28521,4443,1,1286.7394,3,2,3,323,Potential Loyalist
20755,4461,1,1286.7394,3,3,3,333,Loyal
24058,4455,1,1286.7394,3,3,3,333,Loyal
24050,4488,1,1286.7394,3,4,3,343,Loyal
27809,4491,1,1286.7394,3,4,3,343,Loyal
23762,4579,1,1286.7394,4,5,3,453,Champion
23752,4594,1,1286.7394,5,5,3,553,Champion
27823,4504,1,1286.7394,4,5,3,453,Champion
20887,4376,1,1286.7394,2,3,3,233,At Risk
20955,4353,1,1286.7394,1,3,3,133,At Risk
25582,4350,1,1286.7394,1,3,3,133,At Risk
24115,4409,1,1286.7394,2,3,3,233,At Risk
25447,4387,1,1286.7394,2,3,3,233,At Risk
26985,4647,1,1286.7394,5,5,3,553,Champion
22630,4671,1,1286.7394,5,5,3,553,Champion
21699,4387,1,1280.6508,2,3,3,233,At Risk
27713,4348,1,1280.6508,1,4,3,143,At Risk
21932,4339,1,1280.0983,1,4,3,143,At Risk
20394,4506,1,1280.0983,4,5,3,453,Champion
11215,4341,17,1276.8501,1,1,3,113,Lost
20701,4451,1,1276.8054,3,3,3,333,Loyal
24104,4451,1,1276.8054,3,3,3,333,Loyal
20693,4451,1,1276.8054,3,3,3,333,Loyal
20685,4451,1,1276.8054,3,3,3,333,Loyal
21162,4422,1,1276.8054,2,3,3,233,At Risk
20858,4448,1,1276.8054,3,3,3,333,Loyal
21253,4423,1,1276.8054,2,3,3,233,At Risk
20647,4465,1,1276.8054,3,3,3,333,Loyal
24187,4465,1,1276.8054,3,3,3,333,Loyal
20678,4465,1,1276.8054,3,3,3,333,Loyal
21417,4396,1,1276.8054,2,3,3,233,At Risk
24199,4396,1,1276.8054,2,3,3,233,At Risk
20878,4398,1,1276.8054,2,3,3,233,At Risk
21504,4401,1,1276.8054,2,3,3,233,At Risk
24705,4399,1,1276.8054,2,3,3,233,At Risk
20844,4462,1,1276.8054,3,3,3,333,Loyal
28396,4459,1,1276.8054,3,3,3,333,Loyal
24212,4440,1,1276.8054,3,2,3,323,Potential Loyalist
21146,4442,1,1276.8054,3,2,3,323,Potential Loyalist
13720,4434,1,1276.8054,3,3,3,333,Loyal
21151,4437,1,1276.8054,3,3,3,333,Loyal
21344,4432,1,1276.8054,3,3,3,333,Loyal
24192,4432,1,1276.8054,3,3,3,333,Loyal
21155,4438,1,1276.8054,3,3,3,333,Loyal
19998,4596,1,1276.8054,5,5,3,553,Champion
19865,4596,1,1276.8054,5,5,3,553,Champion
19981,4596,1,1276.8054,5,5,3,553,Champion
23944,4598,1,1276.8054,5,5,3,553,Champion
23230,4604,1,1276.8054,5,5,3,553,Champion
19716,4602,1,1276.8054,5,5,3,553,Champion
23775,4582,1,1276.8054,4,5,3,453,Champion
19820,4581,1,1276.8054,4,5,3,453,Champion
26987,4609,1,1276.8054,5,5,3,553,Champion
19537,4611,1,1276.8054,5,5,3,553,Champion
19682,4617,1,1276.8054,5,5,3,553,Champion
26986,4618,1,1276.8054,5,5,3,553,Champion
22646,4643,1,1276.8054,5,5,3,553,Champion
23223,4644,1,1276.8054,5,5,3,553,Champion
19538,4623,1,1276.8054,5,5,3,553,Champion
23751,4620,1,1276.8054,5,5,3,553,Champion
19679,4621,1,1276.8054,5,5,3,553,Champion
22671,4626,1,1276.8054,5,5,3,553,Champion
27126,4633,1,1276.8054,5,5,3,553,Champion
19395,4635,1,1276.8054,5,5,3,553,Champion
27128,4637,1,1276.8054,5,5,3,553,Champion
19407,4637,1,1276.8054,5,5,3,553,Champion
19533,4642,1,1276.8054,5,5,3,553,Champion
22639,4639,1,1276.8054,5,5,3,553,Champion
19724,4631,1,1276.8054,5,5,3,553,Champion
20006,4541,1,1276.8054,4,4,3,443,Champion
20480,4492,1,1276.8054,3,4,3,343,Loyal
27811,4489,1,1276.8054,3,4,3,343,Loyal
27761,4528,1,1276.8054,4,4,3,443,Champion
24015,4526,1,1276.8054,4,4,3,443,Champion
20192,4525,1,1276.8054,4,4,3,443,Champion
20319,4525,1,1276.8054,4,4,3,443,Champion
20108,4567,1,1276.8054,4,4,3,443,Champion
23984,4566,1,1276.8054,4,4,3,443,Champion
20320,4532,1,1276.8054,4,4,3,443,Champion
19394,4527,1,1276.8054,4,4,3,443,Champion
20044,4528,1,1276.8054,4,4,3,443,Champion
20321,4529,1,1276.8054,4,4,3,443,Champion
20459,4480,1,1276.8054,3,4,3,343,Loyal
20675,4476,1,1276.8054,3,4,3,343,Loyal
21342,4471,1,1276.8054,3,4,3,343,Loyal
24184,4470,1,1276.8054,3,4,3,343,Loyal
28405,4471,1,1276.8054,3,4,3,343,Loyal
20653,4476,1,1276.8054,3,4,3,343,Loyal
21334,4474,1,1276.8054,3,4,3,343,Loyal
20855,4474,1,1276.8054,3,4,3,343,Loyal
20437,4497,1,1276.8054,3,5,3,353,Loyal
20525,4499,1,1276.8054,3,5,3,353,Loyal
18859,4521,1,1276.8054,4,5,3,453,Champion
27181,4512,1,1276.8054,4,5,3,453,Champion
25501,4344,1,1276.8054,1,4,3,143,At Risk
27714,4344,1,1276.8054,1,4,3,143,At Risk
25578,4343,1,1276.8054,1,4,3,143,At Risk
28752,4343,1,1276.8054,1,4,3,143,At Risk
22221,4342,1,1276.8054,1,4,3,143,At Risk
27743,4347,1,1276.8054,1,4,3,143,At Risk
20072,4557,1,1276.8054,4,4,3,443,Champion
20031,4559,1,1276.8054,4,4,3,443,Champion
20040,4559,1,1276.8054,4,4,3,443,Champion
18842,4560,1,1276.8054,4,4,3,443,Champion
20001,4576,1,1276.8054,4,4,3,443,Champion
19867,4571,1,1276.8054,4,4,3,443,Champion
19892,4572,1,1276.8054,4,4,3,443,Champion
20024,4570,1,1276.8054,4,4,3,443,Champion
18855,4551,1,1276.8054,4,4,3,443,Champion
20109,4553,1,1276.8054,4,4,3,443,Champion
20067,4549,1,1276.8054,4,4,3,443,Champion
21313,4550,1,1276.8054,4,4,3,443,Champion
20030,4556,1,1276.8054,4,4,3,443,Champion
21593,4380,1,1276.8054,2,3,3,233,At Risk
25577,4330,1,1276.8054,1,4,3,143,At Risk
21672,4330,1,1276.8054,1,4,3,143,At Risk
22238,4329,1,1276.8054,1,4,3,143,At Risk
22036,4340,1,1276.8054,1,4,3,143,At Risk
20905,4337,1,1276.8054,1,4,3,143,At Risk
27699,4337,1,1276.8054,1,4,3,143,At Risk
22235,4337,1,1276.8054,1,4,3,143,At Risk
27723,4336,1,1276.8054,1,4,3,143,At Risk
22218,4332,1,1276.8054,1,4,3,143,At Risk
27701,4336,1,1276.8054,1,4,3,143,At Risk
21808,4385,1,1276.8054,2,3,3,233,At Risk
28701,4387,1,1276.8054,2,3,3,233,At Risk
21416,4396,1,1276.8054,2,3,3,233,At Risk
24689,4395,1,1276.8054,2,3,3,233,At Risk
28556,4393,1,1276.8054,2,3,3,233,At Risk
21042,4388,1,1276.8054,2,3,3,233,At Risk
24197,4421,1,1276.8054,2,3,3,233,At Risk
21587,4389,1,1276.8054,2,3,3,233,At Risk
21486,4418,1,1276.8054,2,3,3,233,At Risk
21369,4418,1,1276.8054,2,3,3,233,At Risk
28554,4418,1,1276.8054,2,3,3,233,At Risk
21141,4419,1,1276.8054,2,3,3,233,At Risk
21143,4419,1,1276.8054,2,3,3,233,At Risk
25454,4409,1,1276.8054,2,3,3,233,At Risk
21427,4358,1,1276.8054,1,3,3,133,At Risk
21584,4410,1,1276.8054,2,3,3,233,At Risk
14885,4413,1,1276.8054,2,3,3,233,At Risk
21478,4404,1,1276.8054,2,3,3,233,At Risk
24112,4405,1,1276.8054,2,3,3,233,At Risk
27702,4350,1,1276.8054,1,3,3,133,At Risk
20894,4362,1,1276.8054,1,3,3,133,At Risk
21749,4362,1,1276.8054,1,3,3,133,At Risk
21793,4360,1,1276.8054,1,3,3,133,At Risk
21428,4364,1,1276.8054,1,3,3,133,At Risk
21785,4364,1,1276.8054,1,3,3,133,At Risk
21596,4365,1,1276.8054,1,3,3,133,At Risk
21606,4380,1,1276.8054,2,3,3,233,At Risk
21615,4382,1,1276.8054,2,3,3,233,At Risk
25573,4383,1,1276.8054,2,3,3,233,At Risk
21797,4383,1,1276.8054,2,3,3,233,At Risk
21047,4383,1,1276.8054,2,3,3,233,At Risk
21709,4383,1,1276.8054,2,3,3,233,At Risk
25506,4374,1,1276.8054,2,3,3,233,At Risk
25465,4371,1,1276.8054,2,3,3,233,At Risk
21410,4372,1,1276.8054,2,3,3,233,At Risk
21637,4373,1,1276.8054,2,3,3,233,At Risk
21812,4373,1,1276.8054,2,3,3,233,At Risk
19213,4671,1,1276.8054,5,5,3,553,Champion
19198,4674,1,1276.8054,5,5,3,553,Champion
22614,4672,1,1276.8054,5,5,3,553,Champion
18544,4689,1,1276.8054,5,5,3,553,Champion
22687,4692,1,1276.8054,5,5,3,553,Champion
23750,4652,1,1276.8054,5,5,3,553,Champion
19403,4660,1,1276.8054,5,5,3,553,Champion
19240,4669,1,1276.8054,5,5,3,553,Champion
19170,4674,1,1272.6948,5,5,3,553,Champion
21704,4374,1,1272.6948,2,3,3,233,At Risk
25467,4381,1,1272.6948,2,3,3,233,At Risk
25446,4363,1,1272.6948,1,3,3,133,At Risk
25598,4352,1,1272.6948,1,3,3,133,At Risk
20291,4516,1,1272.6948,4,5,3,453,Champion
20686,4474,1,1272.6948,3,4,3,343,Loyal
20484,4488,1,1272.6948,3,4,3,343,Loyal
21275,4401,1,1272.6948,2,3,3,233,At Risk
21485,4397,1,1270.1644,2,3,3,233,At Risk
21156,4430,1,1270.1644,3,3,3,333,Loyal
20092,4544,1,1270.1644,4,4,3,443,Champion
20310,4520,1,1270.1644,4,5,3,453,Champion
22640,4646,1,1270.1644,5,5,3,553,Champion
20883,4370,1,1270.1644,2,3,3,233,At Risk
21479,4395,1,1270.1644,2,3,3,233,At Risk
21426,4400,1,1270.1644,2,3,3,233,At Risk
26997,4546,1,1270.1644,4,4,3,443,Champion
22241,4345,1,1270.1644,1,4,3,143,At Risk
22631,4684,1,1270.1644,5,5,3,553,Champion
27715,4349,1,1268.2859,1,4,3,143,At Risk
23987,4546,1,1268.2859,4,4,3,443,Champion
19849,4577,1,1268.2859,4,4,3,443,Champion
25489,4330,1,1268.2859,1,4,3,143,At Risk
21475,4389,1,1268.2859,2,3,3,233,At Risk
22229,4352,1,1268.2859,1,3,3,133,At Risk
21411,4359,1,1268.2859,1,3,3,133,At Risk
18617,4588,1,1268.2859,5,5,3,553,Champion
19999,4599,1,1268.2859,5,5,3,553,Champion
24186,4473,1,1268.2859,3,4,3,343,Loyal
23779,4543,1,1268.2859,4,4,3,443,Champion
27183,4536,1,1268.2859,4,4,3,443,Champion
20463,4490,1,1268.2859,3,4,3,343,Loyal
20853,4460,1,1268.2859,3,3,3,333,Loyal
21153,4437,1,1268.2859,3,3,3,333,Loyal
20785,4442,1,1265.7554,3,2,3,323,Potential Loyalist
20296,4540,1,1265.7554,4,4,3,443,Champion
19414,4538,1,1265.7554,4,4,3,443,Champion
18841,4568,1,1265.7554,4,4,3,443,Champion
20197,4516,1,1265.7554,4,5,3,453,Champion
27587,4362,1,1265.7554,1,3,3,133,At Risk
28568,4363,1,1265.7554,1,3,3,133,At Risk
21644,4364,1,1265.7554,1,3,3,133,At Risk
22061,4330,1,1265.7554,1,4,3,143,At Risk
21927,4332,1,1265.7554,1,4,3,143,At Risk
20934,4342,1,1265.7554,1,4,3,143,At Risk
26995,4682,1,1265.7554,5,5,3,553,Champion
19413,4662,1,1265.7554,5,5,3,553,Champion
20005,4554,1,1263.5233,4,4,3,443,Champion
27946,4367,1,1263.5233,1,3,3,133,At Risk
20191,4511,1,1263.5233,4,5,3,453,Champion
20674,4476,1,1263.5233,3,4,3,343,Loyal
19704,4483,1,1263.5233,3,4,3,343,Loyal
19768,4579,1,1263.5233,4,5,3,453,Champion
19683,4630,1,1263.5233,5,5,3,553,Champion
20645,4469,1,1263.5233,3,3,3,333,Loyal
23747,4575,1,1262.3741,4,4,3,443,Champion
19717,4616,1,1256.8602,5,5,3,553,Champion
13148,4613,1,1256.8602,5,5,3,553,Champion
21437,4333,1,1256.1198,1,4,3,143,At Risk
11330,4303,27,1255.6675,1,1,3,113,Lost
20787,4429,1,1253.5894,3,3,3,333,Loyal
21235,4430,1,1253.5894,3,3,3,333,Loyal
21152,4446,1,1253.5894,3,3,3,333,Loyal
20936,4330,1,1253.5894,1,4,3,143,At Risk
25511,4364,1,1253.5894,1,3,3,133,At Risk
21660,4365,1,1253.5894,1,3,3,133,At Risk
21937,4351,1,1253.5894,1,3,3,133,At Risk
22248,4355,1,1253.5894,1,3,3,133,At Risk
28555,4418,1,1253.5894,2,3,3,233,At Risk
19670,4618,1,1253.5894,5,5,3,553,Champion
28376,4483,1,1253.5894,3,4,3,343,Loyal
20436,4479,1,1253.5894,3,4,3,343,Loyal
27796,4475,1,1253.5894,3,4,3,343,Loyal
20422,4501,1,1253.5894,3,5,3,353,Loyal
27129,4566,1,1253.5894,4,4,3,443,Champion
20207,4527,1,1253.5894,4,4,3,443,Champion
19199,4666,1,1253.5894,5,5,3,553,Champion
19393,4683,1,1253.5894,5,5,3,553,Champion
26994,4685,1,1253.5894,5,5,3,553,Champion
20029,4566,1,1248.0754,4,4,3,443,Champion
23924,4535,1,1248.0754,4,4,3,443,Champion
13719,4544,1,1248.0754,4,4,3,443,Champion
19408,4639,1,1248.0754,5,5,3,553,Champion
21482,4418,1,1248.0754,2,3,3,233,At Risk
21281,4389,1,1248.0754,2,3,3,233,At Risk
11262,4303,27,1245.1368,1,1,3,113,Lost
24202,4449,1,1238.1415,3,3,3,333,Loyal
27928,4451,1,1238.1415,3,3,3,333,Loyal
20767,4422,1,1238.1415,2,3,3,233,At Risk
20735,4463,1,1238.1415,3,3,3,333,Loyal
21330,4400,1,1238.1415,2,3,3,233,At Risk
21264,4436,1,1238.1415,3,3,3,333,Loyal
20857,4436,1,1238.1415,3,3,3,333,Loyal
20877,4429,1,1238.1415,3,3,3,333,Loyal
24200,4389,1,1238.1415,2,3,3,233,At Risk
21586,4394,1,1238.1415,2,3,3,233,At Risk
25308,4412,1,1238.1415,2,3,3,233,At Risk
21484,4408,1,1238.1415,2,3,3,233,At Risk
21282,4408,1,1238.1415,2,3,3,233,At Risk
20895,4355,1,1238.1415,1,3,3,133,At Risk
27695,4356,1,1238.1415,1,3,3,133,At Risk
21923,4350,1,1238.1415,1,3,3,133,At Risk
27697,4349,1,1238.1415,1,3,3,133,At Risk
21052,4353,1,1238.1415,1,3,3,133,At Risk
21919,4362,1,1238.1415,1,3,3,133,At Risk
21641,4359,1,1238.1415,1,3,3,133,At Risk
21788,4360,1,1238.1415,1,3,3,133,At Risk
25480,4368,1,1238.1415,2,3,3,233,At Risk
21807,4373,1,1238.1415,2,3,3,233,At Risk
21607,4374,1,1238.1415,2,3,3,233,At Risk
21051,4373,1,1238.1415,2,3,3,233,At Risk
21598,4372,1,1238.1415,2,3,3,233,At Risk
27586,4370,1,1238.1415,2,3,3,233,At Risk
24712,4384,1,1238.1415,2,3,3,233,At Risk
21924,4330,1,1238.1415,1,4,3,143,At Risk
22140,4331,1,1238.1415,1,4,3,143,At Risk
25488,4380,1,1238.1415,2,3,3,233,At Risk
25553,4379,1,1238.1415,2,3,3,233,At Risk
21922,4380,1,1238.1415,2,3,3,233,At Risk
20926,4339,1,1238.1415,1,4,3,143,At Risk
22062,4336,1,1238.1415,1,4,3,143,At Risk
20901,4347,1,1238.1415,1,4,3,143,At Risk
20966,4347,1,1238.1415,1,4,3,143,At Risk
21931,4344,1,1238.1415,1,4,3,143,At Risk
22643,4637,1,1238.1415,5,5,3,553,Champion
19530,4634,1,1238.1415,5,5,3,553,Champion
19410,4634,1,1238.1415,5,5,3,553,Champion
21310,4629,1,1238.1415,5,5,3,553,Champion
19539,4619,1,1238.1415,5,5,3,553,Champion
18571,4612,1,1238.1415,5,5,3,553,Champion
19983,4578,1,1238.1415,4,5,3,453,Champion
19678,4610,1,1238.1415,5,5,3,553,Champion
23232,4594,1,1238.1415,5,5,3,553,Champion
18641,4594,1,1238.1415,5,5,3,553,Champion
20400,4503,1,1238.1415,4,5,3,453,Champion
20068,4543,1,1238.1415,4,4,3,443,Champion
20032,4543,1,1238.1415,4,4,3,443,Champion
27797,4540,1,1238.1415,4,4,3,443,Champion
20374,4539,1,1238.1415,4,4,3,443,Champion
20110,4540,1,1238.1415,4,4,3,443,Champion
27127,4541,1,1238.1415,4,4,3,443,Champion
23907,4565,1,1238.1415,4,4,3,443,Champion
20097,4567,1,1238.1415,4,4,3,443,Champion
23938,4528,1,1238.1415,4,4,3,443,Champion
20193,4529,1,1238.1415,4,4,3,443,Champion
19118,4534,1,1238.1415,4,4,3,443,Champion
24019,4524,1,1238.1415,4,4,3,443,Champion
19536,4521,1,1238.1415,4,4,3,443,Champion
20196,4512,1,1238.1415,4,5,3,453,Champion
23940,4518,1,1238.1415,4,5,3,453,Champion
21323,4520,1,1238.1415,4,5,3,453,Champion
21327,4519,1,1238.1415,4,5,3,453,Champion
27775,4515,1,1238.1415,4,5,3,453,Champion
19167,4689,1,1238.1415,5,5,3,553,Champion
22669,4671,1,1238.1415,5,5,3,553,Champion
19159,4677,1,1238.1415,5,5,3,553,Champion
21300,4676,1,1238.1415,5,5,3,553,Champion
19211,4666,1,1238.1415,5,5,3,553,Champion
27800,4657,1,1238.1415,5,5,3,553,Champion
19201,4663,1,1238.1415,5,5,3,553,Champion
11711,4299,27,1219.6778,1,1,3,113,Lost
30062,4388,3,1202.1977,2,1,3,213,Needs Attention
30068,4449,4,1194.4582,3,1,3,313,Potential Loyalist
29893,4693,1,1149.1888,5,5,3,553,Champion
11502,4298,16,1134.0509,1,1,3,113,Lost
11566,4318,25,1112.5477,1,1,3,113,Lost
11632,4322,16,1107.3099,1,1,3,113,Lost
26582,4730,1,1105.4834,5,5,3,553,Champion
26615,4744,1,1105.4834,5,5,3,553,Champion
26572,4751,1,1105.4834,5,5,3,553,Champion
26496,4909,1,1105.4834,5,5,3,553,Champion
26482,4915,1,1105.4834,5,5,3,553,Champion
26504,4890,1,1105.4834,5,5,3,553,Champion
26512,4898,1,1105.4834,5,5,3,553,Champion
26503,4901,1,1105.4834,5,5,3,553,Champion
26316,5009,1,1105.4834,5,5,3,553,Champion
29536,4723,3,1092.9318,5,1,3,513,Potential Loyalist
11276,4303,27,1092.0944,1,1,3,113,Lost
11142,4312,17,1083.7513,1,1,3,113,Lost
30040,4754,2,1057.976,5,1,3,513,Potential Loyalist
22519,4386,1,1018.5559,2,3,3,233,At Risk
11078,4297,17,1009.1637,1,1,3,113,Lost
18943,4451,1,997.7929,3,3,3,333,Loyal
14745,4481,1,997.2183,3,4,3,343,Loyal
28113,4582,1,995.9918,4,5,3,453,Champion
28688,4416,1,995.9918,2,3,3,233,At Risk
27825,4575,1,995.9918,4,4,3,443,Champion
14387,4568,1,992.7983,4,4,3,443,Champion
18954,4365,1,987.2844,1,3,3,133,At Risk
15291,4371,1,982.8644,2,3,3,233,At Risk
14877,4440,1,982.8644,3,2,3,323,Potential Loyalist
18942,4494,1,982.776,3,4,3,343,Loyal
11019,4313,17,975.384,1,1,3,113,Lost
11501,4303,16,963.8368,1,1,3,113,Lost
14911,4398,1,959.1069,2,3,3,233,At Risk
27808,4373,1,957.2726,2,3,3,233,At Risk
15283,4407,1,956.8748,2,3,3,233,At Risk
28111,4604,1,956.1676,5,5,3,553,Champion
11513,4531,1,954.6648,4,4,3,443,Champion
29462,4417,1,944.5761,2,3,3,233,At Risk
18956,4335,1,937.5594,1,4,3,143,At Risk
15334,4329,1,937.5594,1,4,3,143,At Risk
14631,4493,1,937.5594,3,4,3,343,Loyal
14578,4511,1,937.5594,4,5,3,453,Champion
14871,4454,1,937.5594,3,3,3,333,Loyal
11505,4332,16,935.6812,1,1,3,113,Lost
15530,4340,1,935.3383,1,4,3,143,At Risk
28110,4619,1,934.0676,5,5,3,553,Champion
14108,4592,1,927.6254,5,5,3,553,Champion
14867,4497,1,927.6254,3,5,3,353,Loyal
18924,4534,1,927.6254,4,4,3,443,Champion
18936,4536,1,927.6254,4,4,3,443,Champion
14910,4390,1,927.6254,2,3,3,233,At Risk
14900,4405,1,927.6254,2,3,3,233,At Risk
14893,4413,1,927.6254,2,3,3,233,At Risk
14875,4430,1,927.6254,3,3,3,333,Loyal
14078,4672,1,927.6254,5,5,3,553,Champion
28479,4579,1,918.6197,4,5,3,453,Champion
24275,4633,1,918.6197,5,5,3,553,Champion
14338,4553,1,915.7577,4,4,3,443,Champion
22444,4385,1,915.4594,2,3,3,233,At Risk
21666,4423,1,915.4594,2,3,3,233,At Risk
28505,4456,1,914.1997,3,3,3,333,Loyal
27166,4400,1,914.1997,2,3,3,233,At Risk
27766,4687,1,914.1997,5,5,3,553,Champion
11212,4308,17,914.0453,1,1,3,113,Lost
11520,4306,16,909.3822,1,1,3,113,Lost
23616,4427,1,905.5254,3,3,3,333,Loyal
21087,4441,1,905.5254,3,2,3,323,Potential Loyalist
21108,4436,1,905.5254,3,3,3,333,Loyal
21667,4415,1,905.5254,2,3,3,233,At Risk
22619,4344,1,905.5254,1,4,3,143,At Risk
14110,4577,1,905.5033,4,4,3,443,Champion
14107,4612,1,905.5033,5,5,3,553,Champion
29064,4518,1,901.4701,4,4,3,443,Champion
28493,4479,1,900.354,3,4,3,343,Loyal
14640,4482,1,897.7241,3,4,3,343,Loyal
27895,4341,1,896.5086,1,4,3,143,At Risk
29381,4333,1,896.5086,1,4,3,143,At Risk
29458,4433,1,896.5086,3,3,3,333,Loyal
27124,4425,1,896.5086,2,3,3,233,At Risk
28513,4450,1,896.5086,3,3,3,333,Loyal
29087,4464,1,895.4036,3,3,3,333,Loyal
26856,4556,1,895.4036,4,4,3,443,Champion
28107,4645,1,895.4036,5,5,3,553,Champion
14330,4556,1,891.4698,4,4,3,443,Champion
22617,4340,1,891.4698,1,4,3,143,At Risk
22523,4337,1,891.4698,1,4,3,143,At Risk
18948,4458,1,891.4698,3,3,3,333,Loyal
23619,4431,1,891.4698,3,3,3,333,Loyal
21107,4437,1,891.4698,3,3,3,333,Loyal
29459,4428,1,889.8897,3,3,3,333,Loyal
28487,4512,1,889.8897,4,5,3,453,Champion
29086,4499,1,889.8897,3,5,3,353,Loyal
18947,4478,1,888.9504,3,4,3,343,Loyal
14496,4535,1,888.9504,4,4,3,443,Champion
14497,4538,1,888.9504,4,4,3,443,Champion
18923,4604,1,888.9504,5,5,3,553,Champion
14874,4439,1,888.9504,3,3,3,333,Loyal
22307,4416,1,888.9394,2,3,3,233,At Risk
12020,4405,1,888.9394,2,3,3,233,At Risk
15323,4366,1,888.9394,1,3,3,133,At Risk
22509,4377,1,888.9394,2,3,3,233,At Risk
29063,4532,1,886.0222,4,4,3,443,Champion
25344,4399,1,886.0222,2,3,3,233,At Risk
29342,4467,1,886.0222,3,3,3,333,Loyal
11203,4345,17,885.9564,1,1,3,113,Lost
18949,4459,1,885.9559,3,3,3,333,Loyal
26903,4545,1,884.9061,4,4,3,443,Champion
28686,4429,1,884.3426,3,3,3,333,Loyal
22508,4374,1,883.4254,2,3,3,233,At Risk
22450,4388,1,883.4254,2,3,3,233,At Risk
21681,4400,1,883.3591,2,3,3,233,At Risk
29094,4467,1,879.9557,3,3,3,333,Loyal
22447,4378,1,877.1048,2,3,3,233,At Risk
11211,4318,17,876.8733,1,1,3,113,Lost
21102,4444,1,876.7733,3,2,3,323,Potential Loyalist
21817,4391,1,874.5744,2,3,3,233,At Risk
27846,4353,1,874.4086,1,3,3,133,At Risk
28368,4328,1,874.4086,1,4,3,143,At Risk
19207,4553,1,874.4086,4,4,3,443,Champion
24648,4554,1,874.4086,4,4,3,443,Champion
24753,4533,1,874.4086,4,4,3,443,Champion
26976,4489,1,874.4086,3,4,3,343,Loyal
27882,4588,1,874.4086,5,5,3,553,Champion
24492,4628,1,874.4086,5,5,3,553,Champion
29465,4397,1,874.4086,2,3,3,233,At Risk
27142,4423,1,874.4086,2,3,3,233,At Risk
27159,4448,1,874.4086,3,3,3,333,Loyal
28501,4453,1,868.8947,3,3,3,333,Loyal
27122,4466,1,868.8947,3,3,3,333,Loyal
27908,4542,1,868.8947,4,4,3,443,Champion
28382,4523,1,868.8947,4,4,3,443,Champion
26953,4528,1,868.8947,4,4,3,443,Champion
28489,4479,1,868.8947,3,4,3,343,Loyal
26853,4562,1,868.8947,4,4,3,443,Champion
27824,4385,1,868.8947,2,3,3,233,At Risk
25743,4647,1,868.8947,5,5,3,553,Champion
27763,4412,1,867.7786,2,3,3,233,At Risk
27084,4966,1,865.204,5,5,3,553,Champion
27027,5020,1,865.204,5,5,3,553,Champion
27043,5011,1,865.204,5,5,3,553,Champion
27265,4901,1,865.204,5,5,3,553,Champion
27259,4886,1,865.204,5,5,3,553,Champion
27242,4880,1,865.204,5,5,3,553,Champion
27082,4943,1,865.204,5,5,3,553,Champion
27253,4877,1,865.204,5,5,3,553,Champion
27252,4877,1,865.204,5,5,3,553,Champion
27101,4909,1,865.204,5,5,3,553,Champion
27071,4989,1,865.204,5,5,3,553,Champion
27102,4908,1,865.204,5,5,3,553,Champion
27099,4909,1,865.204,5,5,3,553,Champion
27085,4909,1,865.204,5,5,3,553,Champion
27062,4969,1,865.204,5,5,3,553,Champion
27060,4971,1,865.204,5,5,3,553,Champion
27053,4981,1,865.204,5,5,3,553,Champion
27613,4717,1,865.204,5,5,3,553,Champion
27557,4749,1,865.204,5,5,3,553,Champion
27404,4789,1,865.204,5,5,3,553,Champion
27297,4789,1,865.204,5,5,3,553,Champion
27285,4795,1,865.204,5,5,3,553,Champion
27270,4792,1,865.204,5,5,3,553,Champion
27298,4790,1,865.204,5,5,3,553,Champion
27267,4829,1,865.204,5,5,3,553,Champion
27560,4729,1,865.204,5,5,3,553,Champion
27550,4724,1,865.204,5,5,3,553,Champion
27545,4726,1,865.204,5,5,3,553,Champion
27536,4726,1,865.204,5,5,3,553,Champion
27429,4759,1,865.204,5,5,3,553,Champion
27602,4704,1,865.204,5,5,3,553,Champion
25365,4352,1,862.8061,1,3,3,133,At Risk
28726,4362,1,860.3751,1,3,3,133,At Risk
29365,4385,1,860.3751,2,3,3,233,At Risk
28481,4550,1,860.3751,4,4,3,443,Champion
28499,4500,1,860.3751,3,5,3,353,Loyal
28484,4542,1,860.3751,4,4,3,443,Champion
27777,4639,1,860.3751,5,5,3,553,Champion
28109,4619,1,860.3751,5,5,3,553,Champion
27883,4578,1,860.3751,4,5,3,453,Champion
28490,4502,1,860.3751,4,5,3,453,Champion
29090,4451,1,860.3751,3,3,3,333,Loyal
18953,4432,1,859.0712,3,3,3,333,Loyal
27133,4432,1,858.9607,3,3,3,333,Loyal
28684,4445,1,858.9607,3,3,3,333,Loyal
27134,4447,1,858.9607,3,3,3,333,Loyal
27123,4453,1,858.9607,3,3,3,333,Loyal
27138,4426,1,858.9607,3,3,3,333,Loyal
28507,4458,1,858.9607,3,3,3,333,Loyal
28509,4464,1,858.9607,3,3,3,333,Loyal
29461,4398,1,858.9607,2,3,3,233,At Risk
25081,4458,1,858.9607,3,3,3,333,Loyal
27118,4506,1,858.9607,4,5,3,453,Champion
27859,4588,1,858.9607,5,5,3,553,Champion
26224,4627,1,858.9607,5,5,3,553,Champion
27791,4629,1,858.9607,5,5,3,553,Champion
27801,4631,1,858.9607,5,5,3,553,Champion
26945,4540,1,858.9607,4,4,3,443,Champion
29085,4492,1,858.9607,3,4,3,343,Loyal
26939,4544,1,858.9607,4,4,3,443,Champion
29065,4526,1,858.9607,4,4,3,443,Champion
28400,4531,1,858.9607,4,4,3,443,Champion
24957,4505,1,858.9607,4,5,3,453,Champion
28500,4496,1,858.9607,3,5,3,353,Loyal
26950,4514,1,858.9607,4,5,3,453,Champion
26941,4520,1,858.9607,4,5,3,453,Champion
27005,4479,1,858.9607,3,4,3,343,Loyal
28502,4478,1,858.9607,3,4,3,343,Loyal
29080,4484,1,858.9607,3,4,3,343,Loyal
29095,4470,1,858.9607,3,4,3,343,Loyal
27900,4552,1,858.9607,4,4,3,443,Champion
26902,4562,1,858.9607,4,4,3,443,Champion
26357,4572,1,858.9607,4,4,3,443,Champion
28369,4559,1,858.9607,4,4,3,443,Champion
28482,4558,1,858.9607,4,4,3,443,Champion
27899,4347,1,858.9607,1,4,3,143,At Risk
27881,4340,1,858.9607,1,4,3,143,At Risk
29371,4386,1,858.9607,2,3,3,233,At Risk
27771,4412,1,858.9607,2,3,3,233,At Risk
28699,4417,1,858.9607,2,3,3,233,At Risk
28705,4415,1,858.9607,2,3,3,233,At Risk
28691,4414,1,858.9607,2,3,3,233,At Risk
27773,4366,1,858.9607,1,3,3,133,At Risk
29362,4375,1,858.9607,2,3,3,233,At Risk
27780,4372,1,858.9607,2,3,3,233,At Risk
29363,4382,1,858.9607,2,3,3,233,At Risk
25723,4684,1,858.9607,5,5,3,553,Champion
25722,4681,1,858.9607,5,5,3,553,Champion
27767,4693,1,857.8447,5,5,3,553,Champion
27764,4403,1,857.8447,2,3,3,233,At Risk
28744,4385,1,857.8447,2,3,3,233,At Risk
27769,4394,1,857.8447,2,3,3,233,At Risk
26965,4510,1,857.8447,4,5,3,453,Champion
28421,4527,1,857.8447,4,4,3,443,Champion
28486,4531,1,857.8447,4,4,3,443,Champion
28497,4502,1,857.8447,4,5,3,453,Champion
29900,4723,2,856.8631,5,1,3,513,Potential Loyalist
28706,4400,1,854.8612,2,3,3,233,At Risk
27774,4639,1,852.3307,5,5,3,553,Champion
12031,4380,1,850.2865,2,3,3,233,At Risk
14416,4550,1,850.2865,4,4,3,443,Champion
28483,4548,1,845.6786,4,4,3,443,Champion
28698,4411,1,845.6786,2,3,3,233,At Risk
26975,4502,1,845.6786,4,5,3,453,Champion
29055,4539,1,845.6786,4,4,3,443,Champion
29456,4439,1,845.6786,3,3,3,333,Loyal
11519,4314,16,836.7838,1,1,3,113,Lost
29457,4435,1,835.7447,3,3,3,333,Loyal
29069,4515,1,835.7447,4,5,3,453,Champion
29091,4474,1,835.7447,3,4,3,343,Loyal
29088,4472,1,835.7447,3,4,3,343,Loyal
27884,4585,1,835.7447,4,5,3,453,Champion
29464,4402,1,835.7447,2,3,3,233,At Risk
27170,4406,1,835.7447,2,3,3,233,At Risk
24752,4548,1,835.7447,4,4,3,443,Champion
29375,4331,1,835.7447,1,4,3,143,At Risk
25752,4655,1,835.7447,5,5,3,553,Champion
19657,4517,1,835.6673,4,5,3,453,Champion
28388,4521,1,830.2307,4,5,3,453,Champion
26964,4535,1,830.2307,4,4,3,443,Champion
29068,4536,1,830.2307,4,4,3,443,Champion
28494,4490,1,830.2307,3,4,3,343,Loyal
26952,4525,1,830.2307,4,4,3,443,Champion
28434,4526,1,830.2307,4,4,3,443,Champion
29054,4523,1,830.2307,4,4,3,443,Champion
24956,4502,1,830.2307,4,5,3,453,Champion
27770,4637,1,830.2307,5,5,3,553,Champion
24447,4626,1,830.2307,5,5,3,553,Champion
28108,4624,1,830.2307,5,5,3,553,Champion
27792,4621,1,830.2307,5,5,3,553,Champion
28485,4556,1,830.2307,4,4,3,443,Champion
27898,4343,1,830.2307,1,4,3,143,At Risk
29463,4408,1,830.2307,2,3,3,233,At Risk
29455,4420,1,830.2307,2,3,3,233,At Risk
27845,4384,1,830.2307,2,3,3,233,At Risk
25364,4373,1,830.2307,2,3,3,233,At Risk
27776,4373,1,830.2307,2,3,3,233,At Risk
27784,4366,1,830.2307,1,3,3,133,At Risk
28531,4445,1,830.2307,3,2,3,323,Potential Loyalist
29460,4441,1,830.2307,3,2,3,323,Potential Loyalist
25362,4397,1,830.2307,2,3,3,233,At Risk
28528,4424,1,830.2307,2,3,3,233,At Risk
28548,4446,1,830.2307,3,3,3,333,Loyal
27854,4354,1,829.0815,1,3,3,133,At Risk
27897,4545,1,829.0815,4,4,3,443,Champion
25856,4340,1,829.0815,1,4,3,143,At Risk
27006,4506,1,829.0815,4,5,3,453,Champion
28472,4514,1,829.0815,4,5,3,453,Champion
28518,4478,1,829.0815,3,4,3,343,Loyal
11506,4303,16,827.2035,1,1,3,113,Lost
27768,4400,1,820.2968,2,3,3,233,At Risk
29452,4468,1,820.2968,3,3,3,333,Loyal
29453,4444,1,820.2968,3,2,3,323,Potential Loyalist
29454,4433,1,820.2968,3,3,3,333,Loyal
29082,4509,1,820.2968,4,5,3,453,Champion
28488,4522,1,820.2968,4,4,3,443,Champion
29062,4522,1,820.2968,4,4,3,443,Champion
28383,4531,1,820.2968,4,4,3,443,Champion
29081,4485,1,820.2968,3,4,3,343,Loyal
29084,4508,1,820.2968,4,5,3,453,Champion
24955,4502,1,820.2968,4,5,3,453,Champion
25759,4637,1,820.2968,5,5,3,553,Champion
26225,4629,1,820.2968,5,5,3,553,Champion
28480,4557,1,820.2968,4,4,3,443,Champion
29374,4354,1,820.2968,1,3,3,133,At Risk
25749,4659,1,820.2968,5,5,3,553,Champion
27765,4670,1,820.2968,5,5,3,553,Champion
29697,5088,1,816.1709,5,5,3,553,Champion
29852,4815,2,807.0358,5,1,3,513,Potential Loyalist
19698,4521,1,802.5284,4,4,3,443,Champion
22266,4513,1,800.5394,4,5,3,453,Champion
22753,4480,1,800.5394,3,4,3,343,Loyal
23815,4413,1,800.5394,2,3,3,233,At Risk
23833,4359,1,798.6609,1,3,3,133,At Risk
23847,4384,1,798.6609,2,3,3,233,At Risk
22778,4576,1,798.6609,4,4,3,443,Champion
26938,4533,1,798.6609,4,4,3,443,Champion
22780,4579,1,798.6609,4,5,3,453,Champion
23443,4399,1,798.6609,2,3,3,233,At Risk
15913,4604,1,787.0584,5,5,3,553,Champion
20728,4534,1,783.7323,4,4,3,443,Champion
11631,4331,16,781.7878,1,1,3,113,Lost
19024,4606,1,773.4669,5,5,3,553,Champion
15900,4623,1,773.4669,5,5,3,553,Champion
26782,5239,1,772.5036,5,5,3,553,Champion
26643,5274,1,772.5036,5,5,3,553,Champion
26630,5310,1,772.5036,5,5,3,553,Champion
26620,5394,1,772.5036,5,5,3,553,Champion
26629,5374,1,772.5036,5,5,3,553,Champion
26789,5203,1,772.5036,5,5,3,553,Champion
27026,5086,1,772.5036,5,5,3,553,Champion
11253,4353,16,769.7546,1,1,3,113,Lost
20046,4541,1,764.5606,4,4,3,443,Champion
23832,4384,1,759.9748,2,3,3,233,At Risk
23961,4451,1,757.4444,3,3,3,333,Loyal
23169,4425,1,757.4444,2,3,3,233,At Risk
29870,4357,1,757.003,1,3,3,133,At Risk
19749,4461,1,754.6266,3,3,3,333,Loyal
29832,4905,2,752.6697,5,1,3,513,Potential Loyalist
19689,4524,1,752.4387,4,4,3,443,Champion
23871,4346,1,744.7369,1,4,3,143,At Risk
23160,4430,1,744.7369,3,3,3,333,Loyal
19130,4566,1,734.7698,4,4,3,443,Champion
16067,4446,1,734.7035,3,3,3,333,Loyal
19736,4494,1,733.6648,3,4,3,343,Loyal
25726,4626,1,733.1012,5,5,3,553,Champion
25525,4361,1,733.1012,1,3,3,133,At Risk
23958,4367,1,733.1012,1,3,3,133,At Risk
19719,4506,1,729.2337,4,5,3,453,Champion
23841,4364,1,728.6812,1,3,3,133,At Risk
18916,4443,1,728.1398,3,2,3,323,Potential Loyalist
19121,4597,1,725.9187,5,5,3,553,Champion
24098,4403,1,724.2723,2,3,3,233,At Risk
16139,4377,1,723.7198,2,3,3,233,At Risk
11500,4315,16,722.9689,1,1,3,113,Lost
22678,4493,1,722.6369,3,4,3,343,Loyal
11507,4305,16,721.6317,1,1,3,113,Lost
16110,4393,1,718.7694,2,3,3,233,At Risk
22294,4517,1,718.7473,4,5,3,453,Champion
23460,4394,1,717.6533,2,3,3,233,At Risk
27892,4415,1,717.6533,2,3,3,233,At Risk
28313,4550,1,715.9737,4,4,3,443,Champion
16210,4340,1,713.7637,1,4,3,143,At Risk
29782,4784,3,713.1501,5,1,3,513,Potential Loyalist
27744,4669,1,711.5648,5,5,3,553,Champion
22392,4534,1,710.4598,4,4,3,443,Champion
19128,4587,1,710.4156,5,5,3,553,Champion
23233,4330,1,707.1448,1,4,3,143,At Risk
19845,4406,1,707.1448,2,3,3,233,At Risk
16151,4385,1,706.5923,2,3,3,233,At Risk
19129,4597,1,706.5923,5,5,3,553,Champion
19730,4500,1,706.5923,3,5,3,353,Loyal
23195,4495,1,706.0398,3,4,3,343,Loyal
25732,4624,1,706.0398,5,5,3,553,Champion
28370,4410,1,706.0398,2,3,3,233,At Risk
23821,4369,1,706.0398,2,3,3,233,At Risk
21673,4572,1,706.0398,4,4,3,443,Champion
23185,4423,1,706.0398,2,3,3,233,At Risk
21488,4678,1,706.0398,5,5,3,553,Champion
28880,4592,1,704.9458,5,5,3,553,Champion
19013,4606,1,703.2773,5,5,3,553,Champion
11619,4354,16,701.4987,1,1,3,113,Lost
16108,4398,1,700.5258,2,3,3,233,At Risk
19165,4541,1,700.5258,4,4,3,443,Champion
20077,4385,1,699.9623,2,3,3,233,At Risk
23453,4408,1,698.8573,2,3,3,233,At Risk
16150,4375,1,696.1169,2,3,3,233,At Risk
16123,4381,1,696.1169,2,3,3,233,At Risk
21019,4386,1,696.1058,2,3,3,233,At Risk
19164,4553,1,696.1058,4,4,3,443,Champion
19824,4440,1,695.5423,3,2,3,323,Potential Loyalist
27709,4445,1,695.0119,3,2,3,323,Potential Loyalist
22675,4432,1,695.0119,3,3,3,333,Loyal
23214,4398,1,695.0119,2,3,3,233,At Risk
23873,4349,1,695.0119,1,4,3,143,At Risk
25522,4385,1,695.0119,2,3,3,233,At Risk
23582,4417,1,695.0119,2,3,3,233,At Risk
20078,4365,1,695.0119,1,3,3,133,At Risk
24056,4355,1,695.0119,1,3,3,133,At Risk
29098,4476,1,695.0119,3,4,3,343,Loyal
25757,4594,1,695.0119,5,5,3,553,Champion
21671,4580,1,695.0119,4,5,3,453,Champion
27746,4632,1,695.0119,5,5,3,553,Champion
29356,4686,1,695.0119,5,5,3,553,Champion
21021,4654,1,695.0119,5,5,3,553,Champion
23723,4413,1,694.4373,2,3,3,233,At Risk
29041,4331,1,694.4373,1,3,3,133,At Risk
21054,4343,1,691.1444,1,4,3,143,At Risk
22115,4563,1,690.5919,4,4,3,443,Champion
24311,4341,1,690.5919,1,4,3,143,At Risk
29001,4352,1,690.5919,1,3,3,133,At Risk
20749,4357,1,690.5919,1,3,3,133,At Risk
26947,4536,1,690.5919,4,4,3,443,Champion
23404,4427,1,690.5919,3,3,3,333,Loyal
24850,4440,1,690.5919,3,2,3,323,Potential Loyalist
23036,4462,1,690.5698,3,3,3,333,Loyal
17664,4535,1,690.5698,4,4,3,443,Champion
22224,4529,1,690.5698,4,4,3,443,Champion
17669,4517,1,690.5698,4,4,3,443,Champion
23870,4335,1,690.5698,1,4,3,143,At Risk
23855,4366,1,690.0283,1,3,3,133,At Risk
19737,4484,1,687.2658,3,4,3,343,Loyal
22680,4368,1,686.1498,2,3,3,233,At Risk
22787,4504,1,685.6083,4,5,3,453,Champion
28212,4581,1,684.5033,4,5,3,453,Champion
26937,4510,1,684.5033,4,5,3,453,Champion
19995,4365,1,683.9729,1,3,3,133,At Risk
16230,4338,1,683.9729,1,4,3,143,At Risk
19142,4553,1,683.9729,4,4,3,443,Champion
18960,4659,1,683.9729,5,5,3,553,Champion
19412,4551,1,683.4094,4,4,3,443,Champion
16127,4403,1,683.4094,2,3,3,233,At Risk
19706,4513,1,682.8348,4,5,3,453,Champion
16215,4334,1,682.7906,1,4,3,143,At Risk
28116,4577,1,682.3044,4,4,3,443,Champion
27711,4417,1,682.3044,2,3,3,233,At Risk
28436,4386,1,682.3044,2,3,3,233,At Risk
23213,4395,1,682.3044,2,3,3,233,At Risk
23238,4501,1,682.3044,3,5,3,353,Loyal
23270,4476,1,682.3044,3,4,3,343,Loyal
22316,4541,1,682.3044,4,4,3,443,Champion
23066,4567,1,682.3044,4,4,3,443,Champion
22072,4600,1,682.3044,5,5,3,553,Champion
21611,4635,1,682.3044,5,5,3,553,Champion
27137,4462,1,682.3044,3,3,3,333,Loyal
27745,4684,1,682.3044,5,5,3,553,Champion
21059,4655,1,681.7298,5,5,3,553,Champion
27008,4432,1,681.7298,3,3,3,333,Loyal
22438,4534,1,681.7298,4,4,3,443,Champion
22480,4504,1,681.7298,4,5,3,453,Champion
23156,4513,1,681.7298,4,5,3,453,Champion
23505,4385,1,681.7298,2,3,3,233,At Risk
24333,4354,1,681.7298,1,3,3,133,At Risk
18475,4505,1,681.6856,4,5,3,453,Champion
18476,4505,1,681.6856,4,5,3,453,Champion
22368,4609,1,680.0944,5,5,3,553,Champion
24205,4415,1,680.0944,2,3,3,233,At Risk
23742,4410,1,680.0944,2,3,3,233,At Risk
24356,4334,1,680.0944,1,4,3,143,At Risk
27860,4335,1,680.0944,1,4,3,143,At Risk
23393,4442,1,680.0944,3,2,3,323,Potential Loyalist
22275,4651,1,680.0944,5,5,3,553,Champion
22415,4683,1,680.0944,5,5,3,553,Champion
22597,4554,1,680.0833,4,4,3,443,Champion
26866,4516,1,680.0833,4,5,3,453,Champion
20047,4541,1,679.5529,4,4,3,443,Champion
12032,4639,1,679.5308,5,5,3,553,Champion
19021,4613,1,679.5308,5,5,3,553,Champion
19144,4549,1,679.5308,4,4,3,443,Champion
19780,4450,1,679.5308,3,3,3,333,Loyal
19739,4455,1,679.5308,3,3,3,333,Loyal
16121,4363,1,678.9894,1,3,3,133,At Risk
16216,4351,1,678.9894,1,3,3,133,At Risk
16124,4368,1,678.9673,2,3,3,233,At Risk
20910,4422,1,678.4148,2,3,3,233,At Risk
23391,4426,1,677.8623,2,3,3,233,At Risk
29297,4408,1,677.8623,2,3,3,233,At Risk
23019,4555,1,677.8623,4,4,3,443,Champion
21795,4619,1,677.8623,5,5,3,553,Champion
23216,4481,1,677.8623,3,4,3,343,Loyal
22271,4520,1,677.3098,4,5,3,453,Champion
24308,4330,1,677.3098,1,4,3,143,At Risk
20911,4374,1,676.2158,2,3,3,233,At Risk
22679,4447,1,676.2158,3,3,3,333,Loyal
16066,4435,1,676.1937,3,3,3,333,Loyal
11808,4392,5,674.2601,2,1,3,213,Needs Attention
19111,4594,1,673.9948,5,5,3,553,Champion
25657,4579,1,673.4423,4,5,3,453,Champion
22607,4526,1,673.4423,4,4,3,443,Champion
24690,4394,1,673.4423,2,3,3,233,At Risk
25449,4388,1,672.9008,2,3,3,233,At Risk
19869,4405,1,672.9008,2,3,3,233,At Risk
24238,4337,1,672.9008,1,4,3,143,At Risk
21385,4338,1,672.9008,1,4,3,143,At Risk
24400,4341,1,672.9008,1,4,3,143,At Risk
24295,4347,1,672.9008,1,4,3,143,At Risk
22270,4532,1,672.9008,4,4,3,443,Champion
22609,4532,1,672.9008,4,4,3,443,Champion
23155,4529,1,672.9008,4,4,3,443,Champion
22231,4540,1,672.9008,4,4,3,443,Champion
23287,4477,1,672.9008,3,4,3,343,Loyal
23081,4475,1,672.9008,3,4,3,343,Loyal
16340,4603,1,672.9008,5,5,3,553,Champion
21651,4621,1,672.9008,5,5,3,553,Champion
22673,4433,1,672.9008,3,3,3,333,Loyal
23369,4437,1,672.9008,3,3,3,333,Loyal
15995,4464,1,672.9008,3,3,3,333,Loyal
21647,4649,1,672.9008,5,5,3,553,Champion
22330,4662,1,672.9008,5,5,3,553,Champion
21061,4649,1,671.7958,5,5,3,553,Champion
22436,4675,1,671.7958,5,5,3,553,Champion
21014,4674,1,671.7958,5,5,3,553,Champion
27125,4461,1,671.7958,3,3,3,333,Loyal
18651,4467,1,671.7958,3,3,3,333,Loyal
23018,4456,1,671.7958,3,3,3,333,Loyal
22997,4460,1,671.7958,3,3,3,333,Loyal
18917,4427,1,671.7958,3,3,3,333,Loyal
24036,4427,1,671.7958,3,3,3,333,Loyal
18904,4430,1,671.7958,3,3,3,333,Loyal
25703,4633,1,671.7958,5,5,3,553,Champion
22473,4609,1,671.7958,5,5,3,553,Champion
16668,4579,1,671.7958,4,5,3,453,Champion
22044,4589,1,671.7958,5,5,3,553,Champion
22495,4474,1,671.7958,3,4,3,343,Loyal
23151,4520,1,671.7958,4,5,3,453,Champion
26848,4520,1,671.7958,4,5,3,453,Champion
26913,4510,1,671.7958,4,5,3,453,Champion
26956,4504,1,671.7958,4,5,3,453,Champion
22992,4556,1,671.7958,4,4,3,443,Champion
27818,4329,1,671.7958,1,4,3,143,At Risk
28372,4390,1,671.7958,2,3,3,233,At Risk
23807,4391,1,671.7958,2,3,3,233,At Risk
23845,4370,1,671.7958,2,3,3,233,At Risk
19143,4549,1,668.7571,4,4,3,443,Champion
16090,4402,1,668.4808,2,3,3,233,At Risk
19738,4478,1,668.4808,3,4,3,343,Loyal
19110,4629,1,668.4808,5,5,3,553,Champion
19838,4444,1,668.4808,3,2,3,323,Potential Loyalist
19841,4427,1,667.9283,3,3,3,333,Loyal
21654,4615,1,667.3758,5,5,3,553,Champion
23266,4496,1,667.3758,3,5,3,353,Loyal
22788,4496,1,667.3758,3,5,3,353,Loyal
29311,4363,1,667.3758,1,3,3,133,At Risk
23835,4380,1,667.3758,2,3,3,233,At Risk
24254,4330,1,666.8565,1,4,3,143,At Risk
23884,4328,1,666.8565,1,4,3,143,At Risk
24329,4336,1,666.8565,1,4,3,143,At Risk
28205,4574,1,666.8565,4,4,3,443,Champion
23882,4345,1,666.8565,1,4,3,143,At Risk
27982,4384,1,666.8565,2,3,3,233,At Risk
25548,4374,1,666.8565,2,3,3,233,At Risk
28428,4366,1,666.8565,1,3,3,133,At Risk
24024,4420,1,666.8565,2,3,3,233,At Risk
27885,4419,1,666.8565,2,3,3,233,At Risk
23856,4385,1,666.8565,2,3,3,233,At Risk
23898,4495,1,666.8565,3,5,3,353,Loyal
22225,4512,1,666.8565,4,5,3,453,Champion
22644,4516,1,666.8565,4,5,3,453,Champion
23125,4477,1,666.8565,3,4,3,343,Loyal
23082,4471,1,666.8565,3,4,3,343,Loyal
23355,4471,1,666.8565,3,4,3,343,Loyal
28534,4492,1,666.8565,3,4,3,343,Loyal
17676,4538,1,666.8565,4,4,3,443,Champion
21769,4628,1,666.8565,5,5,3,553,Champion
23146,4424,1,666.8565,2,3,3,233,At Risk
24060,4429,1,666.8565,3,3,3,333,Loyal
27692,4446,1,666.8565,3,3,3,333,Loyal
18649,4459,1,666.8565,3,3,3,333,Loyal
23026,4458,1,666.8565,3,3,3,333,Loyal
27131,4396,1,666.8565,2,3,3,233,At Risk
27691,4442,1,666.8565,3,2,3,323,Potential Loyalist
29186,4430,1,666.8565,3,3,3,333,Loyal
27599,4436,1,666.8565,3,3,3,333,Loyal
23141,4434,1,666.8565,3,3,3,333,Loyal
23163,4430,1,663.5083,3,3,3,333,Loyal
23383,4442,1,663.5083,3,2,3,323,Potential Loyalist
23471,4399,1,663.5083,2,3,3,233,At Risk
23059,4468,1,663.5083,3,3,3,333,Loyal
23960,4463,1,663.5083,3,3,3,333,Loyal
23189,4446,1,663.5083,3,3,3,333,Loyal
23028,4454,1,663.5083,3,3,3,333,Loyal
23382,4449,1,663.5083,3,3,3,333,Loyal
21748,4627,1,663.5083,5,5,3,553,Champion
22479,4609,1,663.5083,5,5,3,553,Champion
22768,4581,1,663.5083,4,5,3,453,Champion
22374,4604,1,663.5083,5,5,3,553,Champion
22336,4605,1,663.5083,5,5,3,553,Champion
22896,4599,1,663.5083,5,5,3,553,Champion
22290,4534,1,663.5083,4,4,3,443,Champion
22322,4567,1,663.5083,4,4,3,443,Champion
22297,4523,1,663.5083,4,4,3,443,Champion
22685,4484,1,663.5083,3,4,3,343,Loyal
22718,4481,1,663.5083,3,4,3,343,Loyal
22295,4516,1,663.5083,4,5,3,453,Champion
22749,4498,1,663.5083,3,5,3,353,Loyal
23704,4416,1,663.5083,2,3,3,233,At Risk
23474,4411,1,663.5083,2,3,3,233,At Risk
28367,4407,1,663.5083,2,3,3,233,At Risk
23857,4372,1,663.5083,2,3,3,233,At Risk
28386,4383,1,663.5083,2,3,3,233,At Risk
27186,4377,1,663.5083,2,3,3,233,At Risk
23849,4377,1,663.5083,2,3,3,233,At Risk
24323,4351,1,663.5083,1,3,3,133,At Risk
22791,4577,1,663.5083,4,4,3,443,Champion
22899,4570,1,663.5083,4,4,3,443,Champion
26359,4550,1,663.5083,4,4,3,443,Champion
24324,4336,1,663.5083,1,4,3,143,At Risk
24337,4340,1,663.5083,1,4,3,143,At Risk
25605,4677,1,663.5083,5,5,3,553,Champion
25701,4648,1,663.5083,5,5,3,553,Champion
22284,4662,1,663.5083,5,5,3,553,Champion
22276,4657,1,662.4144,5,5,3,553,Champion
27969,4361,1,662.4144,1,3,3,133,At Risk
23836,4366,1,662.4144,1,3,3,133,At Risk
27719,4412,1,662.4144,2,3,3,233,At Risk
23516,4421,1,662.4144,2,3,3,233,At Risk
23158,4515,1,662.4144,4,5,3,453,Champion
22255,4513,1,662.4144,4,5,3,453,Champion
28321,4513,1,662.4144,4,5,3,453,Champion
18647,4503,1,662.4144,4,5,3,453,Champion
22886,4584,1,662.4144,4,5,3,453,Champion
23138,4425,1,662.4144,2,3,3,233,At Risk
27584,4457,1,662.4144,3,3,3,333,Loyal
23056,4462,1,662.4144,3,3,3,333,Loyal
27891,4434,1,660.7348,3,3,3,333,Loyal
21031,4645,1,660.7348,5,5,3,553,Champion
26928,4535,1,660.7348,4,4,3,443,Champion
22598,4544,1,660.7348,4,4,3,443,Champion
23227,4417,1,660.7348,2,3,3,233,At Risk
24204,4394,1,660.7348,2,3,3,233,At Risk
23231,4408,1,660.7348,2,3,3,233,At Risk
24028,4333,1,660.7348,1,4,3,143,At Risk
22441,4667,1,660.7348,5,5,3,553,Champion
15993,4547,1,659.9723,4,4,3,443,Champion
19696,4537,1,659.9723,4,4,3,443,Champion
19815,4425,1,659.9723,2,3,3,233,At Risk
24580,4455,1,659.6408,3,3,3,333,Loyal
20045,4597,1,659.6408,5,5,3,553,Champion
19897,4367,1,659.6408,1,3,3,133,At Risk
19991,4371,1,659.6408,2,3,3,233,At Risk
16020,4564,1,658.5358,4,4,3,443,Champion
19687,4540,1,654.4584,4,4,3,443,Champion
16061,4466,1,654.4584,3,3,3,333,Loyal
19808,4459,1,651.9279,3,3,3,333,Loyal
19837,4427,1,651.9279,3,3,3,333,Loyal
20891,4537,1,651.9279,4,4,3,443,Champion
19814,4475,1,651.9279,3,4,3,343,Loyal
18963,4640,1,651.9279,5,5,3,553,Champion
21601,4639,1,651.9058,5,5,3,553,Champion
28215,4596,1,651.9058,5,5,3,553,Champion
22621,4579,1,651.9058,4,5,3,453,Champion
19740,4470,1,651.9058,3,4,3,343,Loyal
16022,4472,1,651.9058,3,4,3,343,Loyal
22484,4479,1,651.9058,3,4,3,343,Loyal
12763,4536,1,651.9058,4,4,3,443,Champion
20004,4346,1,651.9058,1,4,3,143,At Risk
20002,4347,1,651.9058,1,4,3,143,At Risk
19982,4375,1,651.9058,2,3,3,233,At Risk
16141,4387,1,651.9058,2,3,3,233,At Risk
19812,4451,1,651.9058,3,3,3,333,Loyal
23042,4466,1,651.9058,3,3,3,333,Loyal
21041,4655,1,651.9058,5,5,3,553,Champion
18957,4666,1,651.1323,5,5,3,553,Champion
22393,4673,1,650.8008,5,5,3,553,Champion
21469,4680,1,650.8008,5,5,3,553,Champion
27171,4467,1,650.8008,3,3,3,333,Loyal
23033,4460,1,650.8008,3,3,3,333,Loyal
23721,4400,1,650.8008,2,3,3,233,At Risk
26929,4452,1,650.8008,3,3,3,333,Loyal
22649,4427,1,650.8008,3,3,3,333,Loyal
22641,4429,1,650.8008,3,3,3,333,Loyal
24077,4435,1,650.8008,3,3,3,333,Loyal
26979,4444,1,650.8008,3,2,3,323,Potential Loyalist
24023,4388,1,650.8008,2,3,3,233,At Risk
28425,4385,1,650.8008,2,3,3,233,At Risk
29187,4394,1,650.8008,2,3,3,233,At Risk
23778,4394,1,650.8008,2,3,3,233,At Risk
23701,4418,1,650.8008,2,3,3,233,At Risk
20074,4401,1,650.8008,2,3,3,233,At Risk
23478,4410,1,650.8008,2,3,3,233,At Risk
28530,4357,1,650.8008,1,3,3,133,At Risk
23374,4405,1,650.8008,2,3,3,233,At Risk
23479,4403,1,650.8008,2,3,3,233,At Risk
24239,4354,1,650.8008,1,3,3,133,At Risk
16125,4353,1,650.8008,1,3,3,133,At Risk
23878,4349,1,650.8008,1,3,3,133,At Risk
23932,4359,1,650.8008,1,3,3,133,At Risk
23852,4373,1,650.8008,2,3,3,233,At Risk
23492,4372,1,650.8008,2,3,3,233,At Risk
23853,4369,1,650.8008,2,3,3,233,At Risk
23589,4368,1,650.8008,1,3,3,133,At Risk
23724,4369,1,650.8008,2,3,3,233,At Risk
24388,4349,1,650.8008,1,4,3,143,At Risk
22093,4554,1,650.8008,4,4,3,443,Champion
28308,4567,1,650.8008,4,4,3,443,Champion
22606,4564,1,650.8008,4,4,3,443,Champion
22541,4571,1,650.8008,4,4,3,443,Champion
22113,4553,1,650.8008,4,4,3,443,Champion
28118,4334,1,650.8008,1,4,3,143,At Risk
25571,4339,1,650.8008,1,4,3,143,At Risk
27185,4378,1,650.8008,2,3,3,233,At Risk
18459,4538,1,650.8008,4,4,3,443,Champion
23173,4538,1,650.8008,4,4,3,443,Champion
22711,4492,1,650.8008,3,4,3,343,Loyal
23226,4494,1,650.8008,3,4,3,343,Loyal
23181,4490,1,650.8008,3,4,3,343,Loyal
28715,4491,1,650.8008,3,4,3,343,Loyal
26876,4527,1,650.8008,4,4,3,443,Champion
23058,4478,1,650.8008,3,4,3,343,Loyal
26966,4482,1,650.8008,3,4,3,343,Loyal
26890,4516,1,650.8008,4,5,3,453,Champion
23356,4471,1,650.8008,3,4,3,343,Loyal
22487,4477,1,650.8008,3,4,3,343,Loyal
22627,4514,1,650.8008,4,5,3,453,Champion
26910,4512,1,650.8008,4,5,3,453,Champion
26942,4515,1,650.8008,4,5,3,453,Champion
26914,4519,1,650.8008,4,5,3,453,Champion
16500,4580,1,650.8008,4,5,3,453,Champion
22486,4610,1,650.8008,5,5,3,553,Champion
22043,4594,1,650.8008,5,5,3,553,Champion
16504,4595,1,650.8008,5,5,3,553,Champion
19122,4597,1,650.8008,5,5,3,553,Champion
21653,4602,1,650.8008,5,5,3,553,Champion
15556,4628,1,650.8008,5,5,3,553,Champion
16221,4644,1,650.8008,5,5,3,553,Champion
22745,4622,1,650.8008,5,5,3,553,Champion
24837,4461,1,649.6516,3,3,3,333,Loyal
24536,4538,1,648.6019,4,4,3,443,Champion
22665,4554,1,648.6019,4,4,3,443,Champion
19992,4364,1,648.6019,1,3,3,133,At Risk
16211,4354,1,648.6019,1,3,3,133,At Risk
19722,4479,1,648.0383,3,4,3,343,Loyal
18974,4634,1,647.4637,5,5,3,553,Champion
19161,4569,1,646.3145,4,4,3,443,Champion
22590,4557,1,645.2869,4,4,3,443,Champion
25590,4344,1,645.2869,1,4,3,143,At Risk
25583,4343,1,645.2869,1,4,3,143,At Risk
25601,4355,1,645.2869,1,3,3,133,At Risk
28387,4368,1,645.2869,2,3,3,233,At Risk
23854,4376,1,645.2869,2,3,3,233,At Risk
23211,4404,1,645.2869,2,3,3,233,At Risk
24214,4408,1,645.2869,2,3,3,233,At Risk
25642,4635,1,645.2869,5,5,3,553,Champion
21050,4645,1,645.2869,5,5,3,553,Champion
25721,4608,1,645.2869,5,5,3,553,Champion
26992,4486,1,645.2869,3,4,3,343,Loyal
22423,4527,1,645.2869,4,4,3,443,Champion
24059,4444,1,645.2869,3,2,3,323,Potential Loyalist
19831,4436,1,640.8669,3,3,3,333,Loyal
16069,4435,1,640.8669,3,3,3,333,Loyal
21855,4459,1,640.8669,3,3,3,333,Loyal
19141,4568,1,640.8669,4,4,3,443,Champion
19542,4529,1,640.8669,4,4,3,443,Champion
19718,4495,1,640.8669,3,4,3,343,Loyal
19127,4583,1,640.8669,4,5,3,453,Champion
19023,4623,1,640.8669,5,5,3,553,Champion
16126,4418,1,640.8669,2,3,3,233,At Risk
16135,4382,1,640.8669,2,3,3,233,At Risk
20003,4341,1,640.8669,1,4,3,143,At Risk
28517,4328,1,639.1983,1,4,3,143,At Risk
27810,4342,1,639.1983,1,4,3,143,At Risk
28503,4345,1,639.1983,1,4,3,143,At Risk
22887,4573,1,639.1983,4,4,3,443,Champion
25504,4376,1,639.1983,2,3,3,233,At Risk
17656,4366,1,639.1983,1,3,3,133,At Risk
27856,4421,1,639.1983,2,3,3,233,At Risk
24706,4392,1,639.1983,2,3,3,233,At Risk
27907,4393,1,639.1983,2,3,3,233,At Risk
28366,4405,1,639.1983,2,3,3,233,At Risk
22335,4620,1,639.1983,5,5,3,553,Champion
21048,4642,1,639.1983,5,5,3,553,Champion
16873,4486,1,639.1983,3,4,3,343,Loyal
22298,4485,1,639.1983,3,4,3,343,Loyal
27501,4498,1,639.1983,3,5,3,353,Loyal
24025,4449,1,639.1983,3,3,3,333,Loyal
23450,4442,1,639.1983,3,2,3,323,Potential Loyalist
21017,4678,1,639.1983,5,5,3,553,Champion
22432,4685,1,639.1983,5,5,3,553,Champion
27140,4461,1,636.1596,3,3,3,333,Loyal
23509,4385,1,636.1596,2,3,3,233,At Risk
24286,4338,1,636.1596,1,4,3,143,At Risk
23883,4332,1,636.1596,1,3,3,133,At Risk
27762,4380,1,635.3529,2,3,3,233,At Risk
25610,4331,1,635.3529,1,3,3,133,At Risk
22016,4331,1,635.3529,1,4,3,143,At Risk
29345,4329,1,635.3529,1,4,3,143,At Risk
24402,4338,1,635.3529,1,4,3,143,At Risk
28525,4333,1,635.3529,1,4,3,143,At Risk
24334,4344,1,635.3529,1,4,3,143,At Risk
24328,4339,1,635.3529,1,4,3,143,At Risk
20751,4343,1,635.3529,1,4,3,143,At Risk
28508,4345,1,635.3529,1,4,3,143,At Risk
28119,4346,1,635.3529,1,4,3,143,At Risk
29027,4341,1,635.3529,1,4,3,143,At Risk
28693,4342,1,635.3529,1,4,3,143,At Risk
22129,4557,1,635.3529,4,4,3,443,Champion
21912,4558,1,635.3529,4,4,3,443,Champion
28312,4557,1,635.3529,4,4,3,443,Champion
24057,4349,1,635.3529,1,4,3,143,At Risk
28134,4348,1,635.3529,1,4,3,143,At Risk
22135,4564,1,635.3529,4,4,3,443,Champion
22130,4561,1,635.3529,4,4,3,443,Champion
26356,4547,1,635.3529,4,4,3,443,Champion
25550,4376,1,635.3529,2,3,3,233,At Risk
23584,4381,1,635.3529,2,3,3,233,At Risk
23837,4369,1,635.3529,2,3,3,233,At Risk
23708,4373,1,635.3529,2,3,3,233,At Risk
24296,4355,1,635.3529,1,3,3,133,At Risk
28195,4351,1,635.3529,1,3,3,133,At Risk
28133,4356,1,635.3529,1,3,3,133,At Risk
24330,4352,1,635.3529,1,3,3,133,At Risk
28438,4352,1,635.3529,1,3,3,133,At Risk
24335,4352,1,635.3529,1,3,3,133,At Risk
25303,4366,1,635.3529,1,3,3,133,At Risk
23908,4359,1,635.3529,1,3,3,133,At Risk
28160,4360,1,635.3529,1,3,3,133,At Risk
25451,4360,1,635.3529,1,3,3,133,At Risk
24698,4413,1,635.3529,2,3,3,233,At Risk
27009,4413,1,635.3529,2,3,3,233,At Risk
23901,4416,1,635.3529,2,3,3,233,At Risk
23319,4405,1,635.3529,2,3,3,233,At Risk
23463,4412,1,635.3529,2,3,3,233,At Risk
19803,4393,1,635.3529,2,3,3,233,At Risk
19209,4393,1,635.3529,2,3,3,233,At Risk
23507,4386,1,635.3529,2,3,3,233,At Risk
23222,4418,1,635.3529,2,3,3,233,At Risk
20069,4416,1,635.3529,2,3,3,233,At Risk
22717,4500,1,635.3529,3,5,3,353,Loyal
28318,4513,1,635.3529,4,5,3,453,Champion
23145,4513,1,635.3529,4,5,3,453,Champion
23269,4482,1,635.3529,3,4,3,343,Loyal
22790,4484,1,635.3529,3,4,3,343,Loyal
29096,4471,1,635.3529,3,4,3,343,Loyal
24565,4493,1,635.3529,3,4,3,343,Loyal
19723,4492,1,635.3529,3,4,3,343,Loyal
26960,4492,1,635.3529,3,4,3,343,Loyal
22789,4492,1,635.3529,3,4,3,343,Loyal
28351,4490,1,635.3529,3,4,3,343,Loyal
28325,4540,1,635.3529,4,4,3,443,Champion
22610,4535,1,635.3529,4,4,3,443,Champion
22291,4539,1,635.3529,4,4,3,443,Champion
26885,4531,1,635.3529,4,4,3,443,Champion
22650,4532,1,635.3529,4,4,3,443,Champion
22666,4523,1,635.3529,4,4,3,443,Champion
26932,4524,1,635.3529,4,4,3,443,Champion
21608,4637,1,635.3529,5,5,3,553,Champion
22346,4630,1,635.3529,5,5,3,553,Champion
22329,4635,1,635.3529,5,5,3,553,Champion
22372,4624,1,635.3529,5,5,3,553,Champion
27910,4646,1,635.3529,5,5,3,553,Champion
22327,4643,1,635.3529,5,5,3,553,Champion
25615,4643,1,635.3529,5,5,3,553,Champion
16354,4622,1,635.3529,5,5,3,553,Champion
25728,4623,1,635.3529,5,5,3,553,Champion
22477,4627,1,635.3529,5,5,3,553,Champion
21942,4627,1,635.3529,5,5,3,553,Champion
28209,4583,1,635.3529,4,5,3,453,Champion
22082,4587,1,635.3529,5,5,3,553,Champion
22525,4581,1,635.3529,4,5,3,453,Champion
22876,4582,1,635.3529,4,5,3,453,Champion
21791,4602,1,635.3529,5,5,3,553,Champion
22674,4507,1,635.3529,4,5,3,453,Champion
22463,4503,1,635.3529,4,5,3,453,Champion
22694,4502,1,635.3529,4,5,3,453,Champion
27141,4466,1,635.3529,3,3,3,333,Loyal
23339,4469,1,635.3529,3,3,3,333,Loyal
23905,4458,1,635.3529,3,3,3,333,Loyal
22712,4397,1,635.3529,2,3,3,233,At Risk
27781,4451,1,635.3529,3,3,3,333,Loyal
23161,4447,1,635.3529,3,3,3,333,Loyal
22663,4423,1,635.3529,2,3,3,233,At Risk
24033,4424,1,635.3529,2,3,3,233,At Risk
22651,4425,1,635.3529,2,3,3,233,At Risk
23136,4441,1,635.3529,3,2,3,323,Potential Loyalist
23170,4444,1,635.3529,3,2,3,323,Potential Loyalist
24049,4444,1,635.3529,3,2,3,323,Potential Loyalist
27786,4442,1,635.3529,3,2,3,323,Potential Loyalist
24018,4434,1,635.3529,3,3,3,333,Loyal
27852,4436,1,635.3529,3,3,3,333,Loyal
23187,4429,1,635.3529,3,3,3,333,Loyal
27690,4429,1,635.3529,3,3,3,333,Loyal
20977,4672,1,635.3529,5,5,3,553,Champion
22273,4673,1,635.3529,5,5,3,553,Champion
21465,4680,1,635.3529,5,5,3,553,Champion
15549,4679,1,635.3529,5,5,3,553,Champion
16218,4678,1,635.3529,5,5,3,553,Champion
22414,4682,1,635.3529,5,5,3,553,Champion
22274,4669,1,635.3529,5,5,3,553,Champion
16015,4669,1,635.3529,5,5,3,553,Champion
22282,4660,1,635.3529,5,5,3,553,Champion
25612,4652,1,635.3529,5,5,3,553,Champion
23899,4390,1,634.7783,2,3,3,233,At Risk
21038,4353,1,634.2479,1,3,3,133,At Risk
16019,4468,1,634.2479,3,3,3,333,Loyal
22620,4650,1,634.2479,5,5,3,553,Champion
11530,4326,16,634.0494,1,1,3,113,Lost
23739,4387,1,633.6291,2,3,3,233,At Risk
16229,4349,1,632.3473,1,4,3,143,At Risk
19690,4535,1,632.3473,4,4,3,443,Champion
23622,4518,1,632.3473,4,5,3,453,Champion
19735,4496,1,632.3473,3,5,3,353,Loyal
16065,4437,1,632.3473,3,3,3,333,Loyal
27132,4454,1,631.7506,3,3,3,333,Loyal
22272,4518,1,631.7506,4,5,3,453,Champion
22864,4486,1,631.7506,3,4,3,343,Loyal
22395,4539,1,631.7506,4,4,3,443,Champion
25655,4610,1,631.7506,5,5,3,553,Champion
21940,4610,1,631.7506,5,5,3,553,Champion
22088,4586,1,630.3694,5,5,3,553,Champion
21915,4620,1,630.3694,5,5,3,553,Champion
28114,4634,1,630.3694,5,5,3,553,Champion
22256,4538,1,630.3694,4,4,3,443,Champion
26219,4553,1,630.3694,4,4,3,443,Champion
24038,4344,1,630.3694,1,4,3,143,At Risk
28153,4383,1,630.3694,2,3,3,233,At Risk
23296,4456,1,630.3694,3,3,3,333,Loyal
23175,4442,1,630.3694,3,2,3,323,Potential Loyalist
16122,4411,1,629.8169,2,3,3,233,At Risk
16228,4345,1,629.8169,1,4,3,143,At Risk
19691,4538,1,629.8169,4,4,3,443,Champion
29933,4357,3,629.0524,1,1,3,113,Lost
23338,4461,1,627.3748,3,3,3,333,Loyal
23462,4399,1,627.3748,2,3,3,233,At Risk
23718,4399,1,627.3748,2,3,3,233,At Risk
23744,4396,1,627.3748,2,3,3,233,At Risk
22719,4491,1,627.3748,3,4,3,343,Loyal
23268,4488,1,627.3748,3,4,3,343,Loyal
22782,4487,1,627.3748,3,4,3,343,Loyal
25741,4627,1,627.3748,5,5,3,553,Champion
25659,4583,1,627.3748,4,5,3,453,Champion
25760,4597,1,627.3748,5,5,3,553,Champion
24325,4348,1,627.3748,1,4,3,143,At Risk
22591,4547,1,627.3748,4,4,3,443,Champion
26824,4551,1,627.3748,4,4,3,443,Champion
28189,4335,1,627.3748,1,4,3,143,At Risk
23733,4409,1,627.3748,2,3,3,233,At Risk
23781,4402,1,627.3748,2,3,3,233,At Risk
23454,4413,1,627.3748,2,3,3,233,At Risk
23568,4392,1,627.3748,2,3,3,233,At Risk
28375,4383,1,627.3748,2,3,3,233,At Risk
27634,4371,1,627.3748,2,3,3,233,At Risk
25450,4371,1,627.3748,2,3,3,233,At Risk
28437,4356,1,627.3748,1,3,3,133,At Risk
29346,4357,1,627.3748,1,3,3,133,At Risk
21603,4656,1,627.3748,5,5,3,553,Champion
29355,4690,1,627.3748,5,5,3,553,Champion
18962,4656,1,626.8334,5,5,3,553,Champion
20033,4347,1,626.8334,1,4,3,143,At Risk
18973,4637,1,626.8334,5,5,3,553,Champion
16094,4433,1,626.8334,3,3,3,333,Loyal
16080,4439,1,626.8334,3,3,3,333,Loyal
22601,4456,1,624.8444,3,3,3,333,Loyal
22993,4453,1,624.8444,3,3,3,333,Loyal
27965,4622,1,624.8444,5,5,3,553,Champion
21126,4578,1,624.8444,4,5,3,453,Champion
28117,4592,1,624.8444,5,5,3,553,Champion
26211,4590,1,624.8444,5,5,3,553,Champion
26949,4483,1,624.8444,3,4,3,343,Loyal
22626,4471,1,624.8444,3,4,3,343,Loyal
26955,4477,1,624.8444,3,4,3,343,Loyal
22655,4493,1,624.8444,3,4,3,343,Loyal
17671,4526,1,624.8444,4,4,3,443,Champion
17498,4523,1,624.8444,4,4,3,443,Champion
23127,4559,1,624.8444,4,4,3,443,Champion
22013,4342,1,624.8444,1,4,3,143,At Risk
23040,4546,1,624.8444,4,4,3,443,Champion
27863,4338,1,624.8444,1,4,3,143,At Risk
28515,4337,1,624.8444,1,4,3,143,At Risk
23587,4359,1,624.8444,1,3,3,133,At Risk
28474,4350,1,624.8444,1,3,3,133,At Risk
25528,4374,1,624.8444,2,3,3,233,At Risk
25455,4373,1,624.8444,2,3,3,233,At Risk
24010,4368,1,624.8444,1,3,3,133,At Risk
23707,4367,1,624.8444,1,3,3,133,At Risk
23585,4383,1,624.8444,2,3,3,233,At Risk
27175,4370,1,624.8444,2,3,3,233,At Risk
25609,4690,1,624.8444,5,5,3,553,Champion
18958,4685,1,624.5571,5,5,3,553,Champion
16138,4381,1,624.314,2,3,3,233,At Risk
16129,4374,1,624.314,2,3,3,233,At Risk
16136,4359,1,624.314,1,3,3,133,At Risk
19843,4412,1,624.314,2,3,3,233,At Risk
22633,4562,1,624.314,4,4,3,443,Champion
20015,4341,1,624.314,1,4,3,143,At Risk
15996,4555,1,624.314,4,4,3,443,Champion
21848,4524,1,624.314,4,4,3,443,Champion
19708,4529,1,624.314,4,4,3,443,Champion
21822,4543,1,624.314,4,4,3,443,Champion
15881,4623,1,624.314,5,5,3,553,Champion
19821,4423,1,624.314,2,3,3,233,At Risk
19140,4560,1,624.3029,4,4,3,443,Champion
23038,4557,1,623.7504,4,4,3,443,Champion
23668,4403,1,623.7504,2,3,3,233,At Risk
23813,4401,1,623.7504,2,3,3,233,At Risk
23375,4394,1,623.7504,2,3,3,233,At Risk
29291,4418,1,623.7504,2,3,3,233,At Risk
29314,4366,1,623.7504,1,3,3,133,At Risk
28424,4373,1,623.7504,2,3,3,233,At Risk
22481,4630,1,623.7504,5,5,3,553,Champion
28210,4585,1,623.7504,5,5,3,553,Champion
22216,4528,1,623.7504,4,4,3,443,Champion
15762,4514,1,623.7504,4,5,3,453,Champion
22784,4501,1,623.7504,4,5,3,453,Champion
23021,4464,1,623.7504,3,3,3,333,Loyal
23902,4463,1,623.7504,3,3,3,333,Loyal
18656,4443,1,623.7504,3,2,3,323,Potential Loyalist
23371,4442,1,623.7504,3,2,3,323,Potential Loyalist
25611,4681,1,623.7504,5,5,3,553,Champion
21448,4670,1,623.7504,5,5,3,553,Champion
19721,4494,1,623.5073,3,4,3,343,Loyal
19842,4389,1,623.5073,2,3,3,233,At Risk
27597,4419,1,623.4521,2,3,3,233,At Risk
27722,4409,1,623.4521,2,3,3,233,At Risk
19162,4570,1,623.1758,4,4,3,443,Champion
16142,4380,1,623.1758,2,3,3,233,At Risk
16068,4429,1,623.1758,3,3,3,333,Loyal
16102,4427,1,623.1758,3,3,3,333,Loyal
26959,4429,1,622.9659,3,3,3,333,Loyal
23017,4465,1,622.9659,3,3,3,333,Loyal
23015,4465,1,622.9659,3,3,3,333,Loyal
23933,4469,1,622.9659,3,3,3,333,Loyal
23162,4434,1,622.9659,3,3,3,333,Loyal
22654,4431,1,622.9659,3,3,3,333,Loyal
29185,4431,1,622.9659,3,3,3,333,Loyal
24231,4331,1,622.9659,1,4,3,143,At Risk
24032,4334,1,622.9659,1,4,3,143,At Risk
28527,4335,1,622.9659,1,4,3,143,At Risk
28284,4337,1,622.9659,1,4,3,143,At Risk
22078,4572,1,622.9659,4,4,3,443,Champion
22099,4557,1,622.9659,4,4,3,443,Champion
24234,4345,1,622.9659,1,4,3,143,At Risk
27817,4339,1,622.9659,1,4,3,143,At Risk
27710,4407,1,622.9659,2,3,3,233,At Risk
24099,4417,1,622.9659,2,3,3,233,At Risk
23816,4416,1,622.9659,2,3,3,233,At Risk
23370,4418,1,622.9659,2,3,3,233,At Risk
23844,4362,1,622.9659,1,3,3,133,At Risk
28516,4355,1,622.9659,1,3,3,133,At Risk
22119,4542,1,622.9659,4,4,3,443,Champion
22116,4542,1,622.9659,4,4,3,443,Champion
23143,4527,1,622.9659,4,4,3,443,Champion
23154,4525,1,622.9659,4,4,3,443,Champion
22164,4529,1,622.9659,4,4,3,443,Champion
23075,4565,1,622.9659,4,4,3,443,Champion
27513,4504,1,622.9659,4,5,3,453,Champion
22458,4518,1,622.9659,4,5,3,453,Champion
22054,4588,1,622.9659,5,5,3,553,Champion
22092,4588,1,622.9659,5,5,3,553,Champion
22046,4595,1,622.9659,5,5,3,553,Champion
23217,4506,1,622.9659,4,5,3,453,Champion
25647,4607,1,622.9659,5,5,3,553,Champion
21646,4641,1,622.9659,5,5,3,553,Champion
21062,4618,1,622.9659,5,5,3,553,Champion
21909,4618,1,622.9659,5,5,3,553,Champion
22469,4616,1,622.9659,5,5,3,553,Champion
22260,4683,1,622.9659,5,5,3,553,Champion
21600,4690,1,622.9659,5,5,3,553,Champion
21470,4672,1,622.0708,5,5,3,553,Champion
22259,4682,1,622.0708,5,5,3,553,Champion
21440,4692,1,622.0708,5,5,3,553,Champion
28115,4622,1,622.0708,5,5,3,553,Champion
16223,4645,1,622.0708,5,5,3,553,Champion
21024,4642,1,622.0708,5,5,3,553,Champion
21810,4630,1,622.0708,5,5,3,553,Champion
25761,4598,1,622.0708,5,5,3,553,Champion
22758,4596,1,622.0708,5,5,3,553,Champion
22879,4586,1,622.0708,5,5,3,553,Champion
22543,4611,1,622.0708,5,5,3,553,Champion
22517,4581,1,622.0708,4,5,3,453,Champion
23265,4505,1,622.0708,4,5,3,453,Champion
28352,4501,1,622.0708,4,5,3,453,Champion
23204,4482,1,622.0708,3,4,3,343,Loyal
17124,4526,1,622.0708,4,4,3,443,Champion
17123,4523,1,622.0708,4,4,3,443,Champion
22628,4535,1,622.0708,4,4,3,443,Champion
16220,4485,1,622.0708,3,4,3,343,Loyal
22132,4542,1,622.0708,4,4,3,443,Champion
22722,4489,1,622.0708,3,4,3,343,Loyal
24029,4355,1,622.0708,1,3,3,133,At Risk
23886,4352,1,622.0708,1,3,3,133,At Risk
20091,4365,1,622.0708,1,3,3,133,At Risk
25309,4361,1,622.0708,1,3,3,133,At Risk
23586,4377,1,622.0708,2,3,3,233,At Risk
24182,4416,1,622.0708,2,3,3,233,At Risk
23726,4392,1,622.0708,2,3,3,233,At Risk
17118,4547,1,622.0708,4,4,3,443,Champion
24385,4334,1,622.0708,1,4,3,143,At Risk
28511,4335,1,622.0708,1,4,3,143,At Risk
27790,4442,1,622.0708,3,2,3,323,Potential Loyalist
27585,4464,1,622.0708,3,3,3,333,Loyal
23159,4423,1,622.0708,2,3,3,233,At Risk
16083,4521,1,620.9769,4,4,3,443,Champion
18990,4646,1,620.9769,5,5,3,553,Champion
22045,4587,1,620.9216,5,5,3,553,Champion
22612,4471,1,620.9216,3,4,3,343,Loyal
27582,4470,1,620.9216,3,4,3,343,Loyal
28916,4572,1,620.9216,4,4,3,443,Champion
22897,4562,1,620.9216,4,4,3,443,Champion
24716,4418,1,620.9216,2,3,3,233,At Risk
23834,4377,1,620.9216,2,3,3,233,At Risk
23035,4464,1,620.9216,3,3,3,333,Loyal
23358,4462,1,620.9216,3,3,3,333,Loyal
24027,4438,1,620.9216,3,3,3,333,Loyal
11498,4316,16,620.4912,1,1,3,113,Lost
27890,4435,1,620.4354,3,3,3,333,Loyal
27707,4432,1,620.4354,3,3,3,333,Loyal
23326,4460,1,620.4354,3,3,3,333,Loyal
23407,4398,1,620.4354,2,3,3,233,At Risk
23041,4467,1,620.4354,3,3,3,333,Loyal
27802,4430,1,620.4354,3,3,3,333,Loyal
23373,4425,1,620.4354,2,3,3,233,At Risk
23399,4449,1,620.4354,3,3,3,333,Loyal
18650,4453,1,620.4354,3,3,3,333,Loyal
22892,4453,1,620.4354,3,3,3,333,Loyal
22603,4451,1,620.4354,3,3,3,333,Loyal
24022,4371,1,620.4354,2,3,3,233,At Risk
23508,4366,1,620.4354,1,3,3,133,At Risk
23848,4385,1,620.4354,2,3,3,233,At Risk
23341,4409,1,620.4354,2,3,3,233,At Risk
27984,4358,1,620.4354,1,3,3,133,At Risk
23112,4561,1,620.4354,4,4,3,443,Champion
28307,4565,1,620.4354,4,4,3,443,Champion
22306,4565,1,620.4354,4,4,3,443,Champion
22506,4575,1,620.4354,4,4,3,443,Champion
22131,4551,1,620.4354,4,4,3,443,Champion
23039,4554,1,620.4354,4,4,3,443,Champion
23016,4473,1,620.4354,3,4,3,343,Loyal
22471,4486,1,620.4354,3,4,3,343,Loyal
23318,4475,1,620.4354,3,4,3,343,Loyal
22293,4533,1,620.4354,4,4,3,443,Champion
26931,4530,1,620.4354,4,4,3,443,Champion
22871,4485,1,620.4354,3,4,3,343,Loyal
21089,4588,1,620.4354,5,5,3,553,Champion
25746,4606,1,620.4354,5,5,3,553,Champion
26222,4601,1,620.4354,5,5,3,553,Champion
16222,4645,1,620.4354,5,5,3,553,Champion
22261,4693,1,620.4354,5,5,3,553,Champion
25641,4691,1,620.4354,5,5,3,553,Champion
21004,4684,1,620.4354,5,5,3,553,Champion
21597,4671,1,620.4354,5,5,3,553,Champion
21438,4680,1,620.4354,5,5,3,553,Champion
22288,4652,1,620.4354,5,5,3,553,Champion
22289,4653,1,620.4354,5,5,3,553,Champion
19659,4523,1,615.7723,4,4,3,443,Champion
28315,4530,1,615.4077,4,4,3,443,Champion
23166,4521,1,615.4077,4,5,3,453,Champion
28319,4518,1,615.4077,4,5,3,453,Champion
23377,4396,1,615.4077,2,3,3,233,At Risk
18648,4461,1,615.4077,3,3,3,333,Loyal
23142,4434,1,615.4077,3,3,3,333,Loyal
27598,4446,1,614.6673,3,3,3,333,Loyal
23342,4409,1,614.6673,2,3,3,233,At Risk
22133,4551,1,614.6673,4,4,3,443,Champion
23872,4337,1,614.6673,1,4,3,143,At Risk
24326,4339,1,614.6673,1,4,3,143,At Risk
21619,4642,1,614.6673,5,5,3,553,Champion
16224,4633,1,614.6673,5,5,3,553,Champion
22875,4587,1,614.6673,5,5,3,553,Champion
21466,4667,1,614.6673,5,5,3,553,Champion
20012,4348,1,613.2419,1,4,3,143,At Risk
19854,4416,1,613.2419,2,3,3,233,At Risk
16093,4419,1,613.2419,2,3,3,233,At Risk
16137,4377,1,613.2419,2,3,3,233,At Risk
27977,4377,1,612.1369,2,3,3,233,At Risk
27974,4370,1,612.1369,2,3,3,233,At Risk
25460,4371,1,612.1369,2,3,3,233,At Risk
25459,4369,1,612.1369,2,3,3,233,At Risk
20076,4365,1,612.1369,1,3,3,133,At Risk
28069,4359,1,612.1369,1,3,3,133,At Risk
27987,4352,1,612.1369,1,3,3,133,At Risk
23880,4352,1,612.1369,1,3,3,133,At Risk
25552,4350,1,612.1369,1,3,3,133,At Risk
24233,4356,1,612.1369,1,3,3,133,At Risk
24221,4351,1,612.1369,1,3,3,133,At Risk
28399,4388,1,612.1369,2,3,3,233,At Risk
29294,4389,1,612.1369,2,3,3,233,At Risk
23210,4395,1,612.1369,2,3,3,233,At Risk
23560,4395,1,612.1369,2,3,3,233,At Risk
19206,4408,1,612.1369,2,3,3,233,At Risk
23818,4411,1,612.1369,2,3,3,233,At Risk
23683,4416,1,612.1369,2,3,3,233,At Risk
23340,4416,1,612.1369,2,3,3,233,At Risk
27986,4347,1,612.1369,1,4,3,143,At Risk
22106,4559,1,612.1369,4,4,3,443,Champion
28314,4559,1,612.1369,4,4,3,443,Champion
24232,4338,1,612.1369,1,4,3,143,At Risk
25750,4545,1,612.1369,4,4,3,443,Champion
22074,4572,1,612.1369,4,4,3,443,Champion
22136,4564,1,612.1369,4,4,3,443,Champion
22104,4563,1,612.1369,4,4,3,443,Champion
29343,4337,1,612.1369,1,4,3,143,At Risk
25595,4335,1,612.1369,1,4,3,143,At Risk
24338,4333,1,612.1369,1,4,3,143,At Risk
22089,4592,1,612.1369,5,5,3,553,Champion
22878,4591,1,612.1369,5,5,3,553,Champion
21665,4579,1,612.1369,4,5,3,453,Champion
27967,4582,1,612.1369,4,5,3,453,Champion
21064,4611,1,612.1369,5,5,3,553,Champion
26210,4598,1,612.1369,5,5,3,553,Champion
21649,4641,1,612.1369,5,5,3,553,Champion
27956,4638,1,612.1369,5,5,3,553,Champion
16360,4630,1,612.1369,5,5,3,553,Champion
21756,4630,1,612.1369,5,5,3,553,Champion
16226,4628,1,612.1369,5,5,3,553,Champion
16225,4628,1,612.1369,5,5,3,553,Champion
21650,4644,1,612.1369,5,5,3,553,Champion
22478,4612,1,612.1369,5,5,3,553,Champion
17668,4515,1,612.1369,4,5,3,453,Champion
26858,4519,1,612.1369,4,5,3,453,Champion
22652,4521,1,612.1369,4,5,3,453,Champion
22292,4513,1,612.1369,4,5,3,453,Champion
22426,4513,1,612.1369,4,5,3,453,Champion
26869,4513,1,612.1369,4,5,3,453,Champion
22623,4511,1,612.1369,4,5,3,453,Champion
26895,4512,1,612.1369,4,5,3,453,Champion
26892,4485,1,612.1369,3,4,3,343,Loyal
23917,4470,1,612.1369,3,4,3,343,Loyal
27583,4470,1,612.1369,3,4,3,343,Loyal
26886,4518,1,612.1369,4,4,3,443,Champion
22999,4477,1,612.1369,3,4,3,343,Loyal
23334,4478,1,612.1369,3,4,3,343,Loyal
26944,4528,1,612.1369,4,4,3,443,Champion
23177,4528,1,612.1369,4,4,3,443,Champion
23139,4533,1,612.1369,4,4,3,443,Champion
16219,4530,1,612.1369,4,4,3,443,Champion
26934,4528,1,612.1369,4,4,3,443,Champion
22440,4521,1,612.1369,4,4,3,443,Champion
22716,4492,1,612.1369,3,4,3,343,Loyal
23242,4490,1,612.1369,3,4,3,343,Loyal
26962,4490,1,612.1369,3,4,3,343,Loyal
23111,4542,1,612.1369,4,4,3,443,Champion
26214,4542,1,612.1369,4,4,3,443,Champion
26817,4536,1,612.1369,4,4,3,443,Champion
22443,4537,1,612.1369,4,4,3,443,Champion
26830,4542,1,612.1369,4,4,3,443,Champion
22585,4542,1,612.1369,4,4,3,443,Champion
22319,4545,1,612.1369,4,4,3,443,Champion
23510,4446,1,612.1369,3,3,3,333,Loyal
27789,4448,1,612.1369,3,3,3,333,Loyal
23392,4449,1,612.1369,3,3,3,333,Loyal
23372,4447,1,612.1369,3,3,3,333,Loyal
23135,4451,1,612.1369,3,3,3,333,Loyal
22593,4452,1,612.1369,3,3,3,333,Loyal
23403,4426,1,612.1369,2,3,3,233,At Risk
24046,4423,1,612.1369,2,3,3,233,At Risk
29181,4424,1,612.1369,2,3,3,233,At Risk
23398,4429,1,612.1369,3,3,3,333,Loyal
23047,4467,1,612.1369,3,3,3,333,Loyal
22515,4468,1,612.1369,3,3,3,333,Loyal
23302,4460,1,612.1369,3,3,3,333,Loyal
23395,4434,1,612.1369,3,3,3,333,Loyal
26978,4435,1,612.1369,3,3,3,333,Loyal
22645,4432,1,612.1369,3,3,3,333,Loyal
24017,4439,1,612.1369,3,3,3,333,Loyal
27706,4439,1,612.1369,3,3,3,333,Loyal
18653,4442,1,612.1369,3,2,3,323,Potential Loyalist
23174,4444,1,612.1369,3,2,3,323,Potential Loyalist
21609,4655,1,612.1369,5,5,3,553,Champion
22462,4651,1,612.1369,5,5,3,553,Champion
21033,4648,1,612.1369,5,5,3,553,Champion
22254,4677,1,612.1369,5,5,3,553,Champion
27949,4686,1,612.1369,5,5,3,553,Champion
21487,4674,1,606.6229,5,5,3,553,Champion
21575,4691,1,606.6229,5,5,3,553,Champion
27953,4647,1,606.6229,5,5,3,553,Champion
21648,4646,1,606.6229,5,5,3,553,Champion
22328,4651,1,606.6229,5,5,3,553,Champion
21602,4654,1,606.6229,5,5,3,553,Champion
25626,4652,1,606.6229,5,5,3,553,Champion
21576,4665,1,606.6229,5,5,3,553,Champion
21013,4663,1,606.6229,5,5,3,553,Champion
24052,4433,1,606.6229,3,3,3,333,Loyal
29097,4458,1,606.6229,3,3,3,333,Loyal
27894,4399,1,606.6229,2,3,3,233,At Risk
22490,4467,1,606.6229,3,3,3,333,Loyal
27179,4456,1,606.6229,3,3,3,333,Loyal
23032,4460,1,606.6229,3,3,3,333,Loyal
23386,4424,1,606.6229,2,3,3,233,At Risk
23384,4426,1,606.6229,3,3,3,333,Loyal
23520,4424,1,606.6229,2,3,3,233,At Risk
29099,4425,1,606.6229,2,3,3,233,At Risk
22153,4542,1,606.6229,4,4,3,443,Champion
26870,4534,1,606.6229,4,4,3,443,Champion
19714,4495,1,606.6229,3,4,3,343,Loyal
22258,4523,1,606.6229,4,4,3,443,Champion
22638,4527,1,606.6229,4,4,3,443,Champion
23165,4526,1,606.6229,4,4,3,443,Champion
23144,4534,1,606.6229,4,4,3,443,Champion
23982,4472,1,606.6229,3,4,3,343,Loyal
28324,4516,1,606.6229,4,5,3,453,Champion
27511,4484,1,606.6229,3,4,3,343,Loyal
28353,4481,1,606.6229,3,4,3,343,Loyal
22733,4505,1,606.6229,4,5,3,453,Champion
22250,4512,1,606.6229,4,5,3,453,Champion
22189,4519,1,606.6229,4,5,3,453,Champion
21903,4614,1,606.6229,5,5,3,553,Champion
25675,4644,1,606.6229,5,5,3,553,Champion
22300,4637,1,606.6229,5,5,3,553,Champion
21610,4632,1,606.6229,5,5,3,553,Champion
22334,4636,1,606.6229,5,5,3,553,Champion
21090,4601,1,606.6229,5,5,3,553,Champion
22885,4601,1,606.6229,5,5,3,553,Champion
25731,4606,1,606.6229,5,5,3,553,Champion
23183,4505,1,606.6229,4,5,3,453,Champion
22466,4509,1,606.6229,4,5,3,453,Champion
22874,4579,1,606.6229,4,5,3,453,Champion
22760,4580,1,606.6229,4,5,3,453,Champion
22048,4591,1,606.6229,5,5,3,553,Champion
27862,4335,1,606.6229,1,4,3,143,At Risk
24336,4338,1,606.6229,1,4,3,143,At Risk
23896,4341,1,606.6229,1,4,3,143,At Risk
29344,4330,1,606.6229,1,4,3,143,At Risk
29299,4380,1,606.6229,2,3,3,233,At Risk
24327,4331,1,606.6229,1,3,3,133,At Risk
25591,4331,1,606.6229,1,4,3,143,At Risk
23990,4378,1,606.6229,2,3,3,233,At Risk
22091,4575,1,606.6229,4,4,3,443,Champion
22587,4569,1,606.6229,4,4,3,443,Champion
22880,4573,1,606.6229,4,4,3,443,Champion
26372,4557,1,606.6229,4,4,3,443,Champion
26837,4557,1,606.6229,4,4,3,443,Champion
22139,4558,1,606.6229,4,4,3,443,Champion
23080,4554,1,606.6229,4,4,3,443,Champion
27909,4407,1,606.6229,2,3,3,233,At Risk
23444,4411,1,606.6229,2,3,3,233,At Risk
24873,4359,1,606.6229,1,3,3,133,At Risk
20090,4358,1,606.6229,1,3,3,133,At Risk
23709,4358,1,606.6229,1,3,3,133,At Risk
24127,4402,1,606.6229,2,3,3,233,At Risk
22689,4402,1,606.6229,2,3,3,233,At Risk
23811,4392,1,606.6229,2,3,3,233,At Risk
16109,4392,1,606.6229,2,3,3,233,At Risk
19883,4394,1,606.6229,2,3,3,233,At Risk
29298,4393,1,606.6229,2,3,3,233,At Risk
23991,4388,1,606.6229,2,3,3,233,At Risk
28072,4388,1,606.6229,2,3,3,233,At Risk
23186,4419,1,606.6229,2,3,3,233,At Risk
28132,4351,1,606.6229,1,3,3,133,At Risk
20744,4350,1,606.6229,1,3,3,133,At Risk
24321,4350,1,606.6229,1,3,3,133,At Risk
23881,4355,1,606.6229,1,3,3,133,At Risk
28135,4354,1,606.6229,1,3,3,133,At Risk
24331,4355,1,606.6229,1,3,3,133,At Risk
28477,4352,1,606.6229,1,3,3,133,At Risk
19990,4375,1,606.6229,2,3,3,233,At Risk
25486,4375,1,606.6229,2,3,3,233,At Risk
23887,4353,1,606.6229,1,3,3,133,At Risk
22684,4359,1,606.6229,1,3,3,133,At Risk
23493,4364,1,606.6229,1,3,3,133,At Risk
25468,4367,1,606.6229,1,3,3,133,At Risk
23909,4374,1,606.6229,2,3,3,233,At Risk
23828,4374,1,606.6229,2,3,3,233,At Risk
20080,4384,1,606.6229,2,3,3,233,At Risk
23860,4381,1,606.6229,2,3,3,233,At Risk
23484,4376,1,596.689,2,3,3,233,At Risk
19994,4385,1,596.689,2,3,3,233,At Risk
23506,4381,1,596.689,2,3,3,233,At Risk
23851,4384,1,596.689,2,3,3,233,At Risk
23715,4369,1,596.689,2,3,3,233,At Risk
25508,4383,1,596.689,2,3,3,233,At Risk
27162,4375,1,596.689,2,3,3,233,At Risk
23850,4374,1,596.689,2,3,3,233,At Risk
28427,4375,1,596.689,2,3,3,233,At Risk
23499,4366,1,596.689,1,3,3,133,At Risk
27985,4369,1,596.689,2,3,3,233,At Risk
23840,4364,1,596.689,1,3,3,133,At Risk
23480,4366,1,596.689,1,3,3,133,At Risk
23838,4366,1,596.689,1,3,3,133,At Risk
27973,4362,1,596.689,1,3,3,133,At Risk
25575,4353,1,596.689,1,3,3,133,At Risk
28120,4350,1,596.689,1,3,3,133,At Risk
23895,4349,1,596.689,1,3,3,133,At Risk
23746,4417,1,596.689,2,3,3,233,At Risk
27130,4391,1,596.689,2,3,3,233,At Risk
27896,4390,1,596.689,2,3,3,233,At Risk
19889,4393,1,596.689,2,3,3,233,At Risk
24717,4391,1,596.689,2,3,3,233,At Risk
24155,4394,1,596.689,2,3,3,233,At Risk
23680,4394,1,596.689,2,3,3,233,At Risk
27906,4396,1,596.689,2,3,3,233,At Risk
23706,4386,1,596.689,2,3,3,233,At Risk
23874,4387,1,596.689,2,3,3,233,At Risk
27983,4386,1,596.689,2,3,3,233,At Risk
19204,4402,1,596.689,2,3,3,233,At Risk
17125,4409,1,596.689,2,3,3,233,At Risk
19769,4402,1,596.689,2,3,3,233,At Risk
23359,4408,1,596.689,2,3,3,233,At Risk
28371,4406,1,596.689,2,3,3,233,At Risk
24191,4407,1,596.689,2,3,3,233,At Risk
22900,4554,1,596.689,4,4,3,443,Champion
24224,4343,1,596.689,1,4,3,143,At Risk
16128,4343,1,596.689,1,4,3,143,At Risk
28692,4346,1,596.689,1,4,3,143,At Risk
24291,4347,1,596.689,1,4,3,143,At Risk
26842,4570,1,596.689,4,4,3,443,Champion
19163,4546,1,596.689,4,4,3,443,Champion
26220,4549,1,596.689,4,4,3,443,Champion
26360,4550,1,596.689,4,4,3,443,Champion
22067,4574,1,596.689,4,4,3,443,Champion
22888,4574,1,596.689,4,4,3,443,Champion
22094,4562,1,596.689,4,4,3,443,Champion
29313,4379,1,596.689,2,3,3,233,At Risk
25587,4332,1,596.689,1,4,3,143,At Risk
24387,4331,1,596.689,1,3,3,133,At Risk
24037,4329,1,596.689,1,4,3,143,At Risk
21386,4330,1,596.689,1,4,3,143,At Risk
25597,4339,1,596.689,1,4,3,143,At Risk
25596,4339,1,596.689,1,4,3,143,At Risk
25589,4337,1,596.689,1,4,3,143,At Risk
20753,4335,1,596.689,1,4,3,143,At Risk
20013,4333,1,596.689,1,4,3,143,At Risk
20011,4333,1,596.689,1,4,3,143,At Risk
23885,4334,1,596.689,1,4,3,143,At Risk
27861,4336,1,596.689,1,4,3,143,At Risk
22522,4590,1,596.689,5,5,3,553,Champion
25656,4583,1,596.689,4,5,3,453,Champion
28211,4589,1,596.689,5,5,3,553,Champion
27515,4508,1,596.689,4,5,3,453,Champion
22472,4502,1,596.689,4,5,3,453,Champion
27512,4507,1,596.689,4,5,3,453,Champion
14886,4606,1,596.689,5,5,3,553,Champion
22066,4599,1,596.689,5,5,3,553,Champion
21747,4631,1,596.689,5,5,3,553,Champion
21022,4640,1,596.689,5,5,3,553,Champion
22287,4641,1,596.689,5,5,3,553,Champion
25646,4642,1,596.689,5,5,3,553,Champion
22281,4644,1,596.689,5,5,3,553,Champion
21766,4621,1,596.689,5,5,3,553,Champion
25727,4611,1,596.689,5,5,3,553,Champion
25739,4612,1,596.689,5,5,3,553,Champion
22042,4613,1,596.689,5,5,3,553,Champion
25748,4619,1,596.689,5,5,3,553,Champion
25747,4617,1,596.689,5,5,3,553,Champion
21072,4617,1,596.689,5,5,3,553,Champion
23178,4518,1,596.689,4,5,3,453,Champion
22615,4520,1,596.689,4,5,3,453,Champion
17557,4515,1,596.689,4,5,3,453,Champion
19697,4513,1,596.689,4,5,3,453,Champion
22249,4512,1,596.689,4,5,3,453,Champion
17518,4514,1,596.689,4,5,3,453,Champion
23176,4510,1,596.689,4,5,3,453,Champion
23257,4496,1,596.689,3,5,3,353,Loyal
23239,4495,1,596.689,3,5,3,353,Loyal
27121,4495,1,596.689,3,5,3,353,Loyal
16021,4512,1,596.689,4,5,3,453,Champion
27517,4479,1,596.689,3,4,3,343,Loyal
22862,4481,1,596.689,3,4,3,343,Loyal
27514,4487,1,596.689,3,4,3,343,Loyal
22873,4488,1,596.689,3,4,3,343,Loyal
23264,4488,1,596.689,3,4,3,343,Loyal
23903,4472,1,596.689,3,4,3,343,Loyal
29067,4471,1,596.689,3,4,3,343,Loyal
27778,4477,1,596.689,3,4,3,343,Loyal
26860,4535,1,596.689,4,4,3,443,Champion
28317,4534,1,596.689,4,4,3,443,Champion
17670,4534,1,596.689,4,4,3,443,Champion
17672,4526,1,596.689,4,4,3,443,Champion
28320,4526,1,596.689,4,4,3,443,Champion
23148,4521,1,596.689,4,4,3,443,Champion
26868,4528,1,596.689,4,4,3,443,Champion
19658,4523,1,596.689,4,4,3,443,Champion
22257,4533,1,596.689,4,4,3,443,Champion
21830,4529,1,596.689,4,4,3,443,Champion
22898,4568,1,596.689,4,4,3,443,Champion
29066,4492,1,596.689,3,4,3,343,Loyal
22872,4491,1,596.689,3,4,3,343,Loyal
18471,4491,1,596.689,3,4,3,343,Loyal
22770,4489,1,596.689,3,4,3,343,Loyal
22972,4542,1,596.689,4,4,3,443,Champion
28316,4538,1,596.689,4,4,3,443,Champion
23179,4540,1,596.689,4,4,3,443,Champion
23110,4544,1,596.689,4,4,3,443,Champion
29182,4448,1,596.689,3,3,3,333,Loyal
23167,4425,1,596.689,2,3,3,233,At Risk
23515,4427,1,596.689,3,3,3,333,Loyal
19203,4429,1,596.689,3,3,3,333,Loyal
22994,4452,1,596.689,3,3,3,333,Loyal
19813,4454,1,596.689,3,3,3,333,Loyal
23352,4461,1,596.689,3,3,3,333,Loyal
23900,4456,1,596.689,3,3,3,333,Loyal
23034,4457,1,596.689,3,3,3,333,Loyal
27581,4468,1,596.689,3,3,3,333,Loyal
24121,4397,1,596.689,2,3,3,233,At Risk
23073,4462,1,596.689,3,3,3,333,Loyal
27689,4434,1,596.689,3,3,3,333,Loyal
27693,4437,1,596.689,3,3,3,333,Loyal
23394,4439,1,596.689,3,3,3,333,Loyal
23365,4441,1,596.689,3,2,3,323,Potential Loyalist
23390,4442,1,596.689,3,2,3,323,Potential Loyalist
23168,4445,1,596.689,3,2,3,323,Potential Loyalist
22398,4664,1,596.689,5,5,3,553,Champion
25608,4668,1,596.689,5,5,3,553,Champion
22262,4668,1,596.689,5,5,3,553,Champion
22459,4670,1,596.689,5,5,3,553,Champion
22301,4653,1,596.689,5,5,3,553,Champion
21030,4649,1,596.689,5,5,3,553,Champion
25616,4649,1,596.689,5,5,3,553,Champion
21439,4684,1,596.689,5,5,3,553,Champion
11827,4347,5,566.2796,1,1,3,113,Lost
11642,4301,5,532.4664,1,1,3,113,Lost
11769,4429,5,529.2399,3,1,3,313,Potential Loyalist
29908,4388,3,525.3083,2,1,3,213,Needs Attention
12970,4395,4,520.5766,2,1,3,213,Needs Attention
14904,4355,3,517.2727,1,1,3,113,Lost
29978,4388,2,498.4405,2,2,3,223,Needs Attention
15468,4407,3,482.1668,2,1,3,213,Needs Attention
29668,5300,1,472.3108,5,5,3,553,Champion
29585,5300,1,472.3108,5,5,3,553,Champion
29768,5239,1,472.3108,5,5,3,553,Champion
12892,4357,4,463.5144,1,1,3,113,Lost
11640,4327,5,452.0777,1,1,3,113,Lost
12054,4339,5,444.7958,1,1,3,113,Lost
14566,4418,3,443.6465,2,1,3,213,Needs Attention
29575,4570,2,430.5564,4,2,3,423,Potential Loyalist
13005,4302,3,427.5909,1,1,3,113,Lost
11740,4307,5,424.4196,1,1,3,113,Lost
12672,4522,3,422.0769,4,1,3,413,Potential Loyalist
15943,4452,3,403.7781,3,1,3,313,Potential Loyalist
29831,4357,1,397.3257,1,3,3,133,At Risk
19224,4385,3,389.5347,2,1,3,213,Needs Attention
17381,4305,2,384.4627,1,2,3,123,Needs Attention
30072,4357,3,383.0017,1,1,3,113,Lost
16609,4597,2,380.1643,5,1,3,513,Potential Loyalist
16089,4384,3,377.9432,2,1,3,213,Needs Attention
14087,4501,3,377.8769,3,1,3,313,Potential Loyalist
12678,4543,3,377.2802,4,1,3,413,Potential Loyalist
13474,4396,4,375.1255,2,1,3,213,Needs Attention
12530,4348,4,373.3796,1,1,3,113,Lost
12895,4354,4,371.9984,1,1,3,113,Lost
12606,4300,3,368.2966,1,1,3,113,Lost
11738,4329,5,366.5065,1,1,3,113,Lost
29729,4449,1,364.8172,3,3,3,333,Loyal
29578,4601,1,364.8172,5,5,3,553,Champion
13095,4334,4,363.4236,1,1,3,113,Lost
11709,4403,5,360.1087,2,1,3,213,Needs Attention
15353,4353,2,360.0422,1,2,3,123,Needs Attention
13140,4305,3,359.3572,1,1,3,113,Lost
11660,4462,5,358.8157,3,1,3,313,Potential Loyalist
12945,4300,4,355.1361,1,1,3,113,Lost
17442,4335,3,353.4675,1,1,3,113,Lost
15413,4445,3,352.4066,3,1,3,313,Potential Loyalist
14725,4347,3,352.3072,1,1,3,113,Lost
12692,4322,3,348.3623,1,1,3,113,Lost
11652,4338,5,343.5777,1,1,3,113,Lost
14328,4414,5,341.0694,2,1,3,213,Needs Attention
11841,4380,5,340.307,2,1,3,213,Needs Attention
14611,4404,3,336.5279,2,1,3,213,Needs Attention
11641,4460,5,335.0362,3,1,3,313,Potential Loyalist
18759,4297,3,333.7433,1,1,3,113,Lost
18919,4613,2,332.5387,5,1,3,513,Potential Loyalist
13756,4517,4,329.8316,4,1,3,413,Potential Loyalist
11677,4356,5,329.5221,1,1,3,113,Lost
15748,4361,3,328.0856,1,1,3,113,Lost
12697,4371,3,327.2901,2,1,3,213,Needs Attention
13002,4366,3,325.9088,1,1,3,113,Lost
12444,4300,4,324.2071,1,1,3,113,Lost
11875,4298,5,323.4336,1,1,3,113,Lost
16689,4458,2,320.9584,3,2,3,323,Potential Loyalist
13268,4444,4,320.1187,3,1,3,313,Potential Loyalist
12430,4315,4,319.2346,1,1,3,113,Lost
11661,4342,5,317.9086,1,1,3,113,Lost
11719,4427,5,317.3561,3,1,3,313,Potential Loyalist
13175,4298,4,317.0025,1,1,3,113,Lost
13941,4337,4,316.9362,1,1,3,113,Lost
11861,4334,5,316.3616,1,1,3,113,Lost
13830,4316,2,314.4389,1,2,3,123,Needs Attention
13758,4339,4,313.9638,1,1,3,113,Lost
19647,4340,3,311.6543,1,1,3,113,Lost
13144,4441,4,311.0244,3,1,3,313,Potential Loyalist
14054,4301,3,310.2399,1,1,3,113,Lost
12165,4504,4,310.1073,4,1,3,413,Potential Loyalist
11987,4376,3,308.5492,2,1,3,213,Needs Attention
11922,4394,5,304.4276,2,1,3,213,Needs Attention
15494,4364,3,304.3613,1,1,3,113,Lost
11760,4367,3,303.7867,1,1,3,113,Lost
12352,4367,3,303.0353,1,1,3,113,Lost
12363,4416,4,302.6596,2,1,3,213,Needs Attention
11273,4547,2,301.9192,4,2,3,423,Potential Loyalist
12760,4529,4,301.864,4,1,3,413,Potential Loyalist
11784,4339,5,301.3226,1,1,3,113,Lost
12533,4587,2,300.5048,5,1,3,513,Potential Loyalist
12147,4373,4,299.9524,2,1,3,213,Needs Attention
11869,4309,5,297.3336,1,1,3,113,Lost
18852,4440,2,296.4163,3,2,3,323,Potential Loyalist
15507,4480,3,295.9633,3,1,3,313,Potential Loyalist
13920,4388,4,295.0019,2,1,3,213,Needs Attention
12936,4397,4,293.0682,2,1,3,213,Needs Attention
11823,4302,5,289.9742,1,1,3,113,Lost
14320,4429,2,289.4548,3,2,3,323,Potential Loyalist
17026,4611,3,288.836,5,1,3,513,Potential Loyalist
12074,4391,4,288.825,2,1,3,213,Needs Attention
12916,4349,4,288.6482,1,1,3,113,Lost
13816,4448,2,288.2172,3,2,3,323,Potential Loyalist
12159,4310,4,286.0735,1,1,3,113,Lost
12412,4375,2,285.6204,2,2,3,223,Needs Attention
14291,4462,3,285.5763,3,1,3,313,Potential Loyalist
11510,4330,5,285.2559,1,1,3,113,Lost
11849,4314,2,285.0569,1,2,3,123,Needs Attention
12919,4379,4,284.9575,2,1,3,213,Needs Attention
15498,4423,3,283.4546,2,1,3,213,Needs Attention
13013,4383,3,283.1453,2,1,3,213,Needs Attention
14359,4372,3,283.1452,2,1,3,213,Needs Attention
11698,4311,5,282.8138,1,1,3,113,Lost
11788,4458,2,282.0734,3,2,3,323,Potential Loyalist
29545,4784,1,281.8555,5,5,3,553,Champion
14529,4334,2,280.7364,1,2,3,123,Needs Attention
12056,4322,4,280.5596,1,1,3,113,Lost
11682,4347,2,279.543,1,2,3,123,Needs Attention
19640,4300,3,278.8137,1,1,3,113,Lost
14091,4473,5,277.5762,3,1,3,313,Potential Loyalist
16646,4333,2,277.2556,1,2,3,123,Needs Attention
24424,4610,1,275.7859,5,5,3,553,Champion
15536,4327,3,275.7307,1,1,3,113,Lost
16948,4320,3,274.0511,1,1,3,113,Lost
13231,4430,4,273.9296,3,1,3,313,Potential Loyalist
12691,4343,3,273.4433,1,1,3,113,Lost
12928,4383,4,273.3881,2,1,3,213,Needs Attention
11868,4339,5,272.9462,1,1,3,113,Lost
12191,4419,2,271.2444,2,2,3,223,Needs Attention
13998,4395,2,271.0013,2,2,3,223,Needs Attention
18926,4299,2,269.8742,1,2,3,123,Needs Attention
14341,4303,4,269.7527,1,1,3,113,Lost
15863,4495,3,268.5261,3,1,3,313,Potential Loyalist
15230,4311,2,268.4598,1,2,3,123,Needs Attention
14806,4526,2,268.4487,4,2,3,423,Potential Loyalist
14633,4386,3,267.9626,2,1,3,213,Needs Attention
11870,4308,2,267.7084,1,2,3,123,Needs Attention
13047,4428,3,267.3327,3,1,3,313,Potential Loyalist
12260,4480,2,267.1448,3,1,3,313,Potential Loyalist
12513,4406,2,267.1448,2,2,3,223,Needs Attention
15847,4305,3,265.6862,1,1,3,113,Lost
13141,4361,3,265.4652,1,1,3,113,Lost
11824,4316,5,265.2112,1,1,3,113,Lost
11833,4358,5,265.2112,1,1,3,113,Lost
12097,4306,4,263.2111,1,1,3,113,Lost
14675,4320,2,262.9569,1,2,3,123,Needs Attention
12939,4298,4,262.8906,1,1,3,113,Lost
18713,4333,2,262.1724,1,2,3,123,Needs Attention
11581,4364,5,262.0951,1,1,3,113,Lost
11094,4314,3,260.6585,1,1,3,113,Lost
12532,4332,4,260.4707,1,1,3,113,Lost
15872,4341,3,260.2718,1,1,3,113,Lost
11659,4319,5,259.6862,1,1,3,113,Lost
13634,4332,3,259.5977,1,1,3,113,Lost
11931,4383,2,259.0562,2,2,3,223,Needs Attention
14586,4336,3,258.5038,1,1,3,113,Lost
16717,4430,3,258.3601,3,1,3,313,Potential Loyalist
14096,4305,5,258.2275,1,1,3,113,Lost
29607,4631,1,258.1833,5,5,3,553,Champion
23696,4610,1,257.7192,5,5,3,553,Champion
11820,4350,5,257.1447,1,1,3,113,Lost
16488,4318,2,256.8242,1,2,3,123,Needs Attention
15418,4513,3,256.6142,4,1,3,413,Potential Loyalist
12696,4309,3,256.3159,1,1,3,113,Lost
17305,4300,2,256.3159,1,2,3,123,Needs Attention
13092,4362,2,256.3158,1,2,3,123,Needs Attention
11419,4512,2,256.0838,4,1,3,413,Potential Loyalist
13170,4576,2,255.2108,4,1,3,413,Potential Loyalist
17027,4535,3,255.1445,4,1,3,413,Potential Loyalist
13096,4317,4,254.9016,1,1,3,113,Lost
13003,4495,3,254.4263,3,1,3,313,Potential Loyalist
13116,4367,3,254.4263,1,1,3,113,Lost
16698,4315,2,254.3268,1,2,3,123,Needs Attention
13814,4587,2,254.1942,5,1,3,513,Potential Loyalist
11803,4363,2,254.0948,1,2,3,123,Needs Attention
14156,4372,2,253.6749,2,2,3,223,Needs Attention
17496,4312,2,253.5423,1,2,3,123,Needs Attention
13762,4320,4,253.0451,1,1,3,113,Lost
17840,4425,2,253.0008,2,2,3,223,Needs Attention
12795,4323,4,252.5147,1,1,3,113,Lost
12183,4500,4,252.4043,3,1,3,313,Potential Loyalist
12682,4361,3,251.8959,1,1,3,113,Lost
12146,4378,2,251.2992,2,2,3,223,Needs Attention
13155,4330,3,250.7799,1,1,3,113,Lost
20944,4653,1,250.2715,5,5,3,553,Champion
11651,4399,5,250.2053,2,1,3,213,Needs Attention
14100,4350,3,250.0173,1,1,3,113,Lost
15878,4370,3,249.6417,2,1,3,213,Needs Attention
15874,4383,3,249.1113,2,1,3,213,Needs Attention
13486,4445,3,249.1112,3,1,3,313,Potential Loyalist
17601,4514,2,249.0892,4,1,3,413,Potential Loyalist
13751,4329,3,248.5256,1,1,3,113,Lost
12431,4317,4,248.1057,1,1,3,113,Lost
14079,4299,4,247.1002,1,1,3,113,Lost
11726,4349,2,246.9012,1,2,3,123,Needs Attention
18320,4326,3,246.6251,1,1,3,113,Lost
14313,4365,3,245.7963,1,1,3,113,Lost
12107,4480,4,245.5642,3,1,3,313,Potential Loyalist
17680,4310,2,245.52,1,2,3,123,Needs Attention
13158,4396,3,245.2106,2,1,3,213,Needs Attention
13184,4353,2,243.6083,1,2,3,123,Needs Attention
17409,4418,2,243.0117,2,2,3,223,Needs Attention
13936,4378,3,241.9177,2,1,3,213,Needs Attention
14455,4373,3,241.9177,2,1,3,213,Needs Attention
18492,4475,2,241.1774,3,1,3,313,Potential Loyalist
12361,4368,3,240.2934,2,1,3,213,Needs Attention
12704,4404,3,240.2933,2,1,3,213,Needs Attention
13099,4403,2,239.7408,2,2,3,223,Needs Attention
18642,4320,2,239.1221,1,2,3,123,Needs Attention
22773,4388,1,238.6358,2,3,3,233,At Risk
13635,4330,3,238.3928,1,1,3,113,Lost
15172,4373,4,238.0724,2,1,3,213,Needs Attention
11802,4355,5,237.8955,1,1,3,113,Lost
13675,4378,2,237.8292,2,2,3,223,Needs Attention
14265,4320,5,237.8182,1,1,3,113,Lost
17119,4571,3,237.4645,4,1,3,413,Potential Loyalist
13285,4391,3,236.8568,2,1,3,213,Needs Attention
13318,4414,4,236.7574,2,1,3,213,Needs Attention
13627,4366,3,236.7463,1,1,3,113,Lost
12371,4361,3,236.5143,1,1,3,113,Lost
15157,4358,3,236.4037,1,1,3,113,Lost
16096,4392,3,234.2711,2,1,3,213,Needs Attention
16902,4316,2,234.2269,1,2,3,123,Needs Attention
16950,4486,3,233.1662,3,1,3,313,Potential Loyalist
15108,4411,2,232.6468,2,2,3,223,Needs Attention
13664,4391,2,232.3263,2,2,3,223,Needs Attention
11724,4342,5,232.1495,1,1,3,113,Lost
15007,4373,3,231.8623,2,1,3,213,Needs Attention
11862,4394,2,231.1992,2,2,3,223,Needs Attention
11975,4403,2,230.9009,2,2,3,223,Needs Attention
17385,4403,3,230.6025,2,1,3,213,Needs Attention
15974,4366,3,230.2932,1,1,3,113,Lost
13159,4341,3,230.039,1,1,3,113,Lost
12958,4379,2,229.818,2,2,3,223,Needs Attention
11222,4358,2,229.7958,1,2,3,123,Needs Attention
11197,4489,2,229.3538,3,1,3,313,Potential Loyalist
12161,4361,2,228.6688,1,2,3,123,Needs Attention
29934,4905,1,228.534,5,5,3,553,Champion
17374,4498,3,228.3262,3,1,3,313,Potential Loyalist
17539,4379,2,227.5417,2,2,3,223,Needs Attention
16666,4483,2,227.0112,3,1,3,313,Potential Loyalist
17348,4441,3,226.9891,3,1,3,313,Potential Loyalist
13120,4330,3,226.956,1,1,3,113,Lost
17809,4504,1,226.8123,4,5,3,453,Champion
18382,4420,2,226.4588,2,2,3,223,Needs Attention
18749,4297,3,226.3151,1,1,3,113,Lost
12496,4458,1,226.0609,3,3,3,333,Loyal
29790,4662,1,225.9588,5,5,3,553,Champion
29860,4662,1,225.9588,5,5,3,553,Champion
11254,4342,2,225.3317,1,2,3,123,Needs Attention
12959,4327,4,225.3317,1,1,3,113,Lost
14686,4377,3,224.8234,2,1,3,213,Needs Attention
11065,4315,2,223.8399,1,2,3,123,Needs Attention
11137,4305,2,223.8399,1,2,3,123,Needs Attention
14953,4609,2,223.7184,5,1,3,513,Potential Loyalist
12158,4344,4,223.4311,1,1,3,113,Lost
13180,4452,2,222.6133,3,2,3,323,Potential Loyalist
22206,4466,1,222.4144,3,3,3,333,Loyal
27150,4556,1,222.4144,4,4,3,443,Champion
27325,4618,1,222.4034,5,5,3,553,Champion
18078,4425,2,222.0388,2,2,3,223,Needs Attention
13788,4399,2,221.8951,2,2,3,223,Needs Attention
12880,4399,4,221.8067,2,1,3,213,Needs Attention
11087,4469,2,221.3095,3,2,3,323,Potential Loyalist
14099,4433,3,221.2873,3,1,3,313,Potential Loyalist
12984,4388,4,221.2212,2,1,3,213,Needs Attention
15251,4297,4,221.2211,1,1,3,113,Lost
12203,4320,4,221.21,1,1,3,113,Lost
19675,4437,1,219.884,3,3,3,333,Loyal
15696,4512,1,219.884,4,5,3,453,Champion
16005,4474,3,219.5967,3,1,3,313,Potential Loyalist
28431,4457,1,218.6574,3,3,3,333,Loyal
25018,4540,1,218.6574,4,4,3,443,Champion
13760,4322,4,218.5802,1,1,3,113,Lost
12690,4304,3,218.2928,1,1,3,113,Lost
19709,4332,2,217.9613,1,2,3,123,Needs Attention
11845,4347,4,217.9061,1,1,3,113,Lost
19646,4336,3,217.7292,1,1,3,113,Lost
14626,4333,3,217.7292,1,1,3,113,Lost
14858,4384,2,217.6519,2,2,3,223,Needs Attention
15879,4463,3,217.6078,3,1,3,313,Potential Loyalist
15761,4299,4,217.0222,1,1,3,113,Lost
11509,4480,1,216.9005,3,4,3,343,Loyal
20715,4470,1,216.8784,3,4,3,343,Loyal
14897,4418,3,216.8784,2,1,3,213,Needs Attention
14307,4494,3,216.8674,3,1,3,313,Potential Loyalist
17844,4558,2,216.8673,4,2,3,423,Potential Loyalist
13183,4603,2,216.5469,5,1,3,513,Potential Loyalist
18524,4354,2,216.5248,1,2,3,123,Needs Attention
16380,4354,2,216.5248,1,2,3,123,Needs Attention
24822,4471,1,216.127,3,4,3,343,Loyal
24772,4590,1,216.127,5,5,3,553,Champion
24406,4336,1,216.127,1,4,3,143,At Risk
24620,4390,1,216.127,2,3,3,233,At Risk
13988,4415,4,216.0497,2,1,3,213,Needs Attention
26261,4580,1,215.7734,4,5,3,453,Champion
29417,4499,1,215.7734,3,5,3,353,Loyal
14282,4316,5,215.7182,1,1,3,113,Lost
14661,4474,3,215.4972,3,1,3,313,Potential Loyalist
11733,4318,2,215.453,1,2,3,123,Needs Attention
13014,4315,2,215.4529,1,2,3,123,Needs Attention
12199,4373,2,215.4529,2,2,3,223,Needs Attention
12111,4424,2,215.4529,2,2,3,223,Needs Attention
19839,4422,2,215.4309,2,2,3,223,Needs Attention
14480,4385,3,215.4088,2,1,3,213,Needs Attention
16481,4335,2,215.3756,1,2,3,123,Needs Attention
28024,4308,1,215.1656,1,4,3,143,At Risk
23671,4421,1,214.3479,2,3,3,233,At Risk
18040,4510,1,214.3479,4,5,3,453,Champion
22777,4534,1,214.3479,4,4,3,443,Champion
22754,4435,1,214.3479,3,3,3,333,Loyal
20973,4441,1,214.3479,3,2,3,323,Potential Loyalist
14209,4376,3,214.3369,2,1,3,213,Needs Attention
24410,4378,1,214.2485,2,3,3,233,At Risk
19934,4556,1,213.7512,4,4,3,443,Champion
19801,4426,3,213.2762,3,1,3,313,Potential Loyalist
12695,4405,3,213.2319,2,1,3,213,Needs Attention
14547,4333,2,213.2098,1,2,3,123,Needs Attention
11723,4322,5,212.7458,1,1,3,113,Lost
11717,4328,2,212.6794,1,2,3,123,Needs Attention
11150,4494,3,212.6242,3,1,3,313,Potential Loyalist
14363,4369,3,212.5357,2,1,3,213,Needs Attention
11499,4510,2,212.3921,4,1,3,413,Potential Loyalist
16149,4424,3,212.2043,2,1,3,213,Needs Attention
13171,4533,2,212.1269,4,2,3,423,Potential Loyalist
13169,4402,2,212.1269,2,2,3,223,Needs Attention
11713,4365,2,212.1048,1,2,3,123,Needs Attention
11673,4628,2,212.1048,5,1,3,513,Potential Loyalist
11073,4457,3,212.0496,3,1,3,313,Potential Loyalist
15942,4426,3,212.0165,3,1,3,313,Potential Loyalist
15197,4308,3,211.9502,1,1,3,113,Lost
22165,4552,1,211.3644,4,4,3,443,Champion
21818,4568,1,211.3644,4,4,3,443,Champion
26048,4484,1,211.3534,3,4,3,343,Loyal
24927,4596,1,211.3534,5,5,3,553,Champion
26043,4388,1,211.3534,2,3,3,233,At Risk
14312,4474,3,211.3534,3,1,3,313,Potential Loyalist
21251,4477,2,211.3534,3,1,3,313,Potential Loyalist
13628,4421,3,211.3313,2,1,3,213,Needs Attention
15235,4451,2,210.9335,3,2,3,323,Potential Loyalist
14531,4603,2,210.5467,5,1,3,513,Potential Loyalist
13004,4441,3,210.2484,3,1,3,313,Potential Loyalist
29212,4406,1,210.2484,2,3,3,233,At Risk
28639,4513,1,210.2484,4,5,3,453,Champion
29034,4524,1,210.2484,4,4,3,443,Champion
13048,4380,3,210.2042,2,1,3,213,Needs Attention
13179,4343,4,210.1379,1,1,3,113,Lost
17855,4340,2,209.9058,1,2,3,123,Needs Attention
16847,4364,2,209.8838,1,2,3,123,Needs Attention
14906,4311,3,209.4307,1,1,3,113,Lost
13707,4302,4,208.8893,1,1,3,113,Lost
26203,4396,1,208.8229,2,3,3,233,At Risk
13639,4518,3,208.8009,4,1,3,413,Potential Loyalist
16170,4297,2,208.7014,1,2,3,123,Needs Attention
15564,4441,3,208.3146,3,1,3,313,Potential Loyalist
15526,4383,3,208.0937,2,1,3,213,Needs Attention
15816,4537,3,207.7622,4,1,3,413,Potential Loyalist
29862,4966,1,207.7582,5,5,3,553,Champion
12679,4358,3,207.718,1,1,3,113,Lost
15829,4528,2,207.718,4,2,3,423,Potential Loyalist
27214,4569,1,207.7179,4,4,3,443,Champion
21847,4485,1,207.7179,3,4,3,343,Loyal
16255,4583,1,207.7179,4,5,3,453,Champion
20714,4619,1,207.7179,5,5,3,553,Champion
18023,4416,1,207.7179,2,3,3,233,At Risk
28633,4573,1,207.7179,4,4,3,443,Champion
17877,4553,1,207.7179,4,4,3,443,Champion
16628,4334,2,207.2759,1,2,3,123,Needs Attention
20223,4328,2,207.0549,1,2,3,123,Needs Attention
17078,4612,2,206.5687,5,1,3,513,Potential Loyalist
13803,4466,1,205.8394,3,3,3,333,Loyal
13530,4433,1,205.8394,3,3,3,333,Loyal
19344,4662,1,205.8394,5,5,3,553,Champion
16172,4394,2,205.5742,2,2,3,223,Needs Attention
14575,4302,1,205.4969,1,4,3,143,At Risk
13181,4384,2,205.4859,2,2,3,223,Needs Attention
18812,4325,2,205.4638,1,2,3,123,Needs Attention
12351,4298,3,205.4638,1,1,3,113,Lost
18181,4533,2,205.4417,4,2,3,423,Potential Loyalist
13239,4335,4,205.1986,1,1,3,113,Lost
16162,4371,2,204.4693,2,2,3,223,Needs Attention
19217,4358,3,204.4472,1,1,3,113,Lost
15826,4304,4,204.1046,1,1,3,113,Lost
29373,4560,1,203.8504,4,4,3,443,Champion
22531,4415,1,203.8504,2,3,3,233,At Risk
22377,4404,1,203.8504,2,3,3,233,At Risk
26843,4403,1,203.8504,2,3,3,233,At Risk
28921,4609,1,203.8504,5,5,3,553,Champion
26792,4600,1,203.8504,5,5,3,553,Champion
24278,4538,1,203.8504,4,4,3,443,Champion
21992,4328,1,203.6073,1,4,3,143,At Risk
12652,4363,2,202.1488,1,2,3,123,Needs Attention
15478,4455,3,202.0272,3,1,3,313,Potential Loyalist
29445,4440,1,201.9719,3,2,3,323,Potential Loyalist
27814,4615,1,201.9719,5,5,3,553,Champion
27525,4623,1,201.9719,5,5,3,553,Champion
12136,4302,4,200.7897,1,1,3,113,Lost
12979,4639,1,199.9829,5,5,3,553,Champion
13337,4533,1,199.9829,4,4,3,443,Champion
14450,4547,1,199.9829,4,4,3,443,Champion
21777,4362,1,199.9829,1,3,3,133,At Risk
13872,4658,1,199.9829,5,5,3,553,Champion
16846,4581,2,199.9498,4,1,3,413,Potential Loyalist
15543,4414,3,199.9388,2,1,3,213,Needs Attention
11201,4438,2,199.9388,3,2,3,323,Potential Loyalist
12969,4405,4,199.7731,2,1,3,213,Needs Attention
14077,4398,4,199.7068,2,1,3,213,Needs Attention
16721,4303,3,199.6846,1,1,3,113,Lost
13983,4483,2,199.3531,3,1,3,313,Potential Loyalist
17213,4496,2,198.8448,3,1,3,313,Potential Loyalist
11233,4531,2,198.2702,4,2,3,423,Potential Loyalist
15244,4390,4,198.0051,2,1,3,213,Needs Attention
28617,4339,1,197.7729,1,4,3,143,At Risk
11653,4405,2,197.7509,2,2,3,223,Needs Attention
11657,4297,2,197.7509,1,2,3,123,Needs Attention
14934,4366,2,197.1873,1,2,3,123,Needs Attention
14554,4469,2,197.1873,3,2,3,323,Potential Loyalist
13670,4354,3,197.1873,1,1,3,113,Lost
13137,4520,3,196.6238,4,1,3,413,Potential Loyalist
13604,4306,2,196.6016,1,2,3,123,Needs Attention
14574,4360,3,196.248,1,1,3,113,Lost
14278,4454,2,196.0934,3,2,3,323,Potential Loyalist
16849,4320,2,195.5298,1,2,3,123,Needs Attention
17036,4539,2,195.5298,4,1,3,413,Potential Loyalist
16840,4512,2,195.5298,4,1,3,413,Potential Loyalist
17867,4323,2,195.5077,1,2,3,123,Needs Attention
13491,4312,3,194.9331,1,1,3,113,Lost
13043,4426,2,194.4027,3,2,3,323,Potential Loyalist
12972,4381,4,194.1597,2,1,3,213,Needs Attention
14655,4560,3,193.3309,4,1,3,413,Potential Loyalist
17422,4477,2,193.2866,3,1,3,313,Potential Loyalist
12077,4307,4,193.0216,1,1,3,113,Lost
17298,4469,2,192.7673,3,2,3,323,Potential Loyalist
12295,4421,4,192.4579,2,1,3,213,Needs Attention
26898,4628,1,192.2148,5,5,3,553,Champion
14069,4332,2,192.2038,1,2,3,123,Needs Attention
17237,4322,2,192.1927,1,2,3,123,Needs Attention
19580,4350,2,192.1927,1,2,3,123,Needs Attention
11732,4463,2,191.6844,3,2,3,323,Potential Loyalist
29232,4599,1,191.6844,5,5,3,553,Champion
19955,4453,2,191.6623,3,2,3,323,Potential Loyalist
15326,4465,1,191.1429,3,3,3,333,Loyal
16584,4496,2,191.1098,3,1,3,313,Potential Loyalist
13423,4298,3,191.0435,1,1,3,113,Lost
15828,4373,2,190.3363,2,2,3,223,Needs Attention
15559,4545,3,190.1042,4,1,3,413,Potential Loyalist
19604,4369,2,189.7617,2,2,3,223,Needs Attention
12202,4413,4,189.4744,2,1,3,213,Needs Attention
12049,4377,2,189.4412,2,2,3,223,Needs Attention
16325,4364,2,189.2534,1,2,3,123,Needs Attention
12088,4300,2,188.8887,1,2,3,123,Needs Attention
15378,4393,3,188.8557,2,1,3,213,Needs Attention
12753,4521,2,188.6899,4,1,3,413,Potential Loyalist
15008,4391,3,188.4357,2,1,3,213,Needs Attention
16009,4415,2,188.3473,2,2,3,223,Needs Attention
16181,4334,2,187.9164,1,2,3,123,Needs Attention
12106,4405,4,187.3419,2,1,3,213,Needs Attention
13701,4307,4,187.3197,1,1,3,113,Lost
16338,4570,2,187.2202,4,2,3,423,Potential Loyalist
16590,4461,2,186.6898,3,2,3,323,Potential Loyalist
14194,4420,2,186.6677,2,2,3,223,Needs Attention
30077,5027,1,186.6284,5,5,3,553,Champion
17410,4441,2,186.4578,3,2,3,323,Potential Loyalist
13009,4335,3,186.3804,1,1,3,113,Lost
16958,4597,3,185.6621,5,1,3,513,Potential Loyalist
14678,4314,2,185.5848,1,2,3,123,Needs Attention
15787,4344,2,185.5627,1,2,3,123,Needs Attention
15598,4356,2,185.5627,1,2,3,123,Needs Attention
15377,4304,3,185.5296,1,1,3,113,Lost
12490,4444,3,185.4522,3,1,3,313,Potential Loyalist
13621,4438,3,184.9771,3,1,3,313,Potential Loyalist
14760,4344,3,184.8224,1,1,3,113,Lost
16023,4469,2,184.4135,3,2,3,323,Potential Loyalist
15868,4297,3,183.9936,1,1,3,113,Lost
11736,4352,2,183.9273,1,2,3,123,Needs Attention
18826,4369,2,183.9052,2,2,3,223,Needs Attention
22141,4452,1,183.7394,3,3,3,333,Loyal
15975,4429,1,183.7394,3,3,3,333,Loyal
28086,4592,1,183.7394,5,5,3,553,Champion
24695,4621,1,183.7394,5,5,3,553,Champion
28931,4522,1,183.7394,4,4,3,443,Champion
28254,4518,1,183.7394,4,4,3,443,Champion
15738,4340,1,183.7394,1,4,3,143,At Risk
16131,4381,1,183.7394,2,3,3,233,At Risk
16072,4405,1,183.7394,2,3,3,233,At Risk
13828,4386,1,183.7394,2,3,3,233,At Risk
27721,4394,1,183.7394,2,3,3,233,At Risk
27688,4662,1,183.7394,5,5,3,553,Champion
13182,4350,2,183.3748,1,2,3,123,Needs Attention
11131,4302,5,183.3307,1,1,3,113,Lost
15488,4400,3,182.6566,2,1,3,213,Needs Attention
29257,4398,1,182.6344,2,3,3,233,At Risk
29332,4615,1,182.6344,5,5,3,553,Champion
27783,4598,1,182.6344,5,5,3,553,Champion
22737,4526,1,182.5681,4,4,3,443,Champion
16690,4416,2,182.4024,2,2,3,223,Needs Attention
19566,4523,2,182.2256,4,2,3,423,Potential Loyalist
16133,4321,3,182.1262,1,1,3,113,Lost
17585,4352,2,181.7283,1,2,3,123,Needs Attention
12944,4443,4,181.4521,3,1,3,313,Potential Loyalist
14808,4377,2,181.441,2,2,3,223,Needs Attention
14905,4428,1,181.209,3,3,3,333,Loyal
15957,4487,1,181.209,3,4,3,343,Loyal
15090,4486,1,181.209,3,4,3,343,Loyal
14509,4418,1,181.209,2,3,3,233,At Risk
14594,4572,1,181.209,4,4,3,443,Champion
14680,4297,2,181.1648,1,2,3,123,Needs Attention
17101,4415,2,181.1538,2,2,3,223,Needs Attention
17619,4365,2,181.1317,1,2,3,123,Needs Attention
14787,4357,2,180.6123,1,2,3,123,Needs Attention
17479,4534,2,180.557,4,2,3,423,Potential Loyalist
13206,4445,3,180.325,3,1,3,313,Potential Loyalist
25470,4562,1,180.104,4,4,3,443,Champion
25482,4391,1,180.104,2,3,3,233,At Risk
20935,4375,1,180.104,2,3,3,233,At Risk
20953,4368,1,180.104,2,3,3,233,At Risk
22699,4363,1,180.104,1,3,3,133,At Risk
23632,4592,1,180.104,5,5,3,553,Champion
29107,4581,1,180.104,4,5,3,453,Champion
18635,4645,1,180.104,5,5,3,553,Champion
14799,4558,2,180.0598,4,2,3,423,Potential Loyalist
11214,4367,2,179.3195,1,2,3,123,Needs Attention
11196,4423,2,179.3195,2,2,3,223,Needs Attention
12119,4381,2,179.3194,2,2,3,223,Needs Attention
12176,4311,2,179.3194,1,2,3,123,Needs Attention
12413,4465,2,179.3194,3,2,3,323,Potential Loyalist
14504,4303,3,179.2753,1,1,3,113,Lost
12166,4375,4,179.2532,2,1,3,213,Needs Attention
18279,4345,2,179.0322,1,2,3,123,Needs Attention
15137,4567,2,178.9438,4,2,3,423,Potential Loyalist
15146,4496,2,178.9438,3,1,3,313,Potential Loyalist
25043,4455,1,178.557,3,3,3,333,Loyal
16635,4304,2,178.2255,1,2,3,123,Needs Attention
28301,4652,1,178.2255,5,5,3,553,Champion
14567,4350,3,178.2145,1,1,3,113,Lost
18523,4474,2,177.8388,3,1,3,313,Potential Loyalist
17551,4456,2,177.8167,3,2,3,323,Potential Loyalist
16617,4433,2,177.4078,3,2,3,323,Potential Loyalist
14533,4326,2,177.4078,1,2,3,123,Needs Attention
18305,4408,2,177.4078,2,2,3,223,Needs Attention
13708,4315,4,177.3858,1,1,3,113,Lost
12367,4376,2,177.2973,2,2,3,223,Needs Attention
18077,4316,2,177.2862,1,2,3,123,Needs Attention
23132,4614,1,177.0542,5,5,3,553,Champion
22370,4330,1,177.0542,1,4,3,143,At Risk
13944,4319,4,176.9327,1,1,3,113,Lost
12410,4309,2,176.789,1,2,3,123,Needs Attention
12117,4338,2,176.789,1,2,3,123,Needs Attention
12192,4334,2,176.789,1,2,3,123,Needs Attention
12411,4400,2,176.789,2,2,3,223,Needs Attention
11729,4314,2,176.7559,1,2,3,123,Needs Attention
11958,4376,2,176.7558,2,2,3,223,Needs Attention
17808,4341,2,176.7338,1,2,3,123,Needs Attention
12196,4312,4,176.7228,1,1,3,113,Lost
14970,4359,2,175.6509,1,2,3,123,Needs Attention
14783,4425,2,175.6509,2,2,3,223,Needs Attention
14974,4335,2,175.6398,1,2,3,123,Needs Attention
18278,4493,2,175.6398,3,1,3,313,Potential Loyalist
25292,4556,1,175.5624,4,4,3,443,Champion
14561,4375,3,175.5183,2,1,3,213,Needs Attention
16772,4316,3,175.1757,1,1,3,113,Lost
16479,4364,3,175.1536,1,1,3,113,Lost
12992,4470,3,175.1536,3,1,3,313,Potential Loyalist
18758,4544,3,175.1536,4,1,3,413,Potential Loyalist
14840,4435,2,174.5458,3,2,3,323,Potential Loyalist
12489,4316,4,174.5017,1,1,3,113,Lost
16106,4312,3,174.0486,1,1,3,113,Lost
12414,4447,2,173.8055,3,2,3,323,Potential Loyalist
27733,4344,1,173.8055,1,4,3,143,At Risk
23456,4547,1,173.7834,4,4,3,443,Champion
23147,4372,1,173.7834,2,3,3,233,At Risk
22283,4458,1,173.7834,3,3,3,333,Loyal
11170,4327,2,173.7392,1,2,3,123,Needs Attention
17500,4327,2,173.4408,1,2,3,123,Needs Attention
14694,4535,2,173.4187,4,2,3,423,Potential Loyalist
14073,4396,2,173.3082,2,2,3,223,Needs Attention
27904,4635,1,173.2198,5,5,3,553,Champion
14206,4316,1,173.032,1,4,3,143,At Risk
25369,4441,1,173.032,3,2,3,323,Potential Loyalist
14632,4318,3,172.9878,1,1,3,113,Lost
24021,4401,1,172.6784,2,3,3,233,At Risk
26250,4645,1,172.6784,5,5,3,553,Champion
12752,4430,3,172.6563,3,1,3,313,Potential Loyalist
14839,4531,2,172.6563,4,2,3,423,Potential Loyalist
14540,4444,2,172.6563,3,2,3,323,Potential Loyalist
14784,4351,2,172.6563,1,2,3,123,Needs Attention
15340,4353,3,172.4243,1,1,3,113,Lost
14223,4522,2,172.3138,4,2,3,423,Potential Loyalist
12931,4490,2,172.3138,3,1,3,313,Potential Loyalist
13026,4350,2,172.3138,1,2,3,123,Needs Attention
16731,4372,3,172.2806,2,1,3,213,Needs Attention
24864,4490,1,172.0706,3,4,3,343,Loyal
16837,4339,2,171.7944,1,2,3,123,Needs Attention
18065,4406,2,171.7944,2,2,3,223,Needs Attention
17411,4392,2,171.7944,2,2,3,223,Needs Attention
18554,4597,2,171.7723,5,1,3,513,Potential Loyalist
24978,4495,1,171.3634,3,4,3,343,Loyal
13015,4562,2,171.275,4,2,3,423,Potential Loyalist
13072,4318,2,171.275,1,2,3,123,Needs Attention
12175,4366,2,171.275,1,2,3,123,Needs Attention
12409,4379,2,171.275,2,2,3,223,Needs Attention
22083,4451,1,171.2529,3,3,3,333,Loyal
20949,4601,1,171.2529,5,5,3,553,Champion
15162,4366,3,171.2309,1,1,3,113,Lost
14244,4336,3,171.2309,1,1,3,113,Lost
16213,4405,3,170.7668,2,1,3,213,Needs Attention
13041,4520,2,170.1148,4,1,3,413,Potential Loyalist
19623,4349,2,170.0927,1,2,3,123,Needs Attention
17450,4306,2,170.0706,1,2,3,123,Needs Attention
11645,4322,2,169.5734,1,2,3,123,Needs Attention
11807,4435,2,169.5734,3,2,3,323,Potential Loyalist
11722,4377,2,169.5733,2,2,3,223,Needs Attention
11086,4335,2,169.5623,1,2,3,123,Needs Attention
15856,4318,3,169.2971,1,1,3,113,Lost
30081,4540,1,169.2827,4,4,3,443,Champion
14546,4324,2,169.0319,1,2,3,123,Needs Attention
11697,4413,2,169.0208,2,2,3,223,Needs Attention
14993,4492,2,168.9987,3,1,3,313,Potential Loyalist
24422,4579,1,168.623,4,5,3,453,Champion
23861,4643,1,168.623,5,5,3,553,Champion
24971,4386,1,168.623,2,3,3,233,At Risk
24428,4367,1,168.623,1,3,3,133,At Risk
25189,4324,1,168.623,1,4,3,143,At Risk
24945,4558,1,168.623,4,4,3,443,Champion
27379,4473,1,168.4794,3,4,3,343,Loyal
14982,4597,2,168.4573,5,1,3,513,Potential Loyalist
29505,4754,1,168.3305,5,5,3,553,Champion
23293,4446,1,168.2694,3,3,3,333,Loyal
23180,4510,1,168.2694,4,5,3,453,Champion
15132,4358,2,167.8937,1,2,3,123,Needs Attention
17371,4346,3,167.8717,1,1,3,113,Lost
16876,4351,3,167.7833,1,1,3,113,Lost
11782,4431,2,167.6838,3,2,3,323,Potential Loyalist
11821,4444,2,167.3302,3,2,3,323,Potential Loyalist
18968,4360,2,167.3302,1,2,3,123,Needs Attention
17579,4347,2,167.3302,1,2,3,123,Needs Attention
19399,4528,2,167.3302,4,2,3,423,Potential Loyalist
23756,4599,1,167.1644,5,5,3,553,Champion
14961,4593,1,167.1534,5,5,3,553,Champion
29006,4475,1,167.1534,3,4,3,343,Loyal
18215,4386,2,166.8219,2,2,3,223,Needs Attention
18355,4335,2,166.7998,1,2,3,123,Needs Attention
16855,4339,2,166.7998,1,2,3,123,Needs Attention
19667,4367,1,166.7998,1,3,3,133,At Risk
23695,4653,1,166.7777,5,5,3,553,Champion
13222,4380,3,166.2031,2,1,3,213,Needs Attention
21541,4441,1,165.7279,3,3,3,333,Loyal
26086,4396,1,165.7279,2,3,3,233,At Risk
16457,4465,1,165.7279,3,3,3,333,Loyal
16303,4299,1,165.7279,1,4,3,143,At Risk
18024,4599,1,165.7279,5,5,3,553,Champion
17637,4647,1,165.7279,5,5,3,553,Champion
22728,4635,1,165.6727,5,5,3,553,Champion
18356,4327,2,165.6506,1,2,3,123,Needs Attention
11123,4300,3,165.5733,1,1,3,113,Lost
13185,4488,4,165.5733,3,1,3,313,Potential Loyalist
11850,4536,2,165.1534,4,2,3,423,Potential Loyalist
16599,4337,2,165.1534,1,2,3,123,Needs Attention
16576,4319,1,165.1533,1,4,3,143,At Risk
16870,4517,3,164.6893,4,1,3,413,Potential Loyalist
20134,4299,1,164.6229,1,4,3,143,At Risk
19307,4390,1,164.6229,2,3,3,233,At Risk
29206,4582,1,164.6229,4,5,3,453,Champion
21865,4540,1,164.6229,4,4,3,443,Champion
14119,4389,3,164.5788,2,1,3,213,Needs Attention
18322,4336,3,164.5235,1,1,3,113,Lost
11116,4401,3,164.3136,2,1,3,213,Needs Attention
18816,4631,1,164.0594,5,5,3,553,Champion
19747,4631,1,164.0594,5,5,3,553,Champion
19774,4628,1,164.0594,5,5,3,553,Champion
19241,4644,1,164.0594,5,5,3,553,Champion
19115,4380,1,164.0594,2,3,3,233,At Risk
13674,4565,1,164.0594,4,4,3,443,Champion
11881,4339,2,163.9821,1,2,3,123,Needs Attention
15922,4418,2,163.7611,2,2,3,223,Needs Attention
17387,4597,3,163.7501,5,1,3,513,Potential Loyalist
12288,4316,2,163.4958,1,2,3,123,Needs Attention
12566,4422,2,163.4848,2,2,3,223,Needs Attention
14553,4574,2,163.4848,4,2,3,423,Potential Loyalist
27198,4492,1,163.4848,3,4,3,343,Loyal
21670,4436,1,163.2859,3,3,3,333,Loyal
17238,4602,2,162.9655,5,1,3,513,Potential Loyalist
17254,4590,2,162.9655,5,1,3,513,Potential Loyalist
17283,4298,2,162.9212,1,2,3,123,Needs Attention
17302,4417,2,162.9212,2,2,3,223,Needs Attention
19248,4478,1,162.7444,3,4,3,343,Loyal
24751,4511,1,162.7444,4,5,3,453,Champion
26102,4600,1,162.7444,5,5,3,553,Champion
25257,4503,1,162.7444,4,5,3,453,Champion
19187,4402,1,162.7444,2,3,3,233,At Risk
25357,4409,1,162.7444,2,3,3,233,At Risk
16332,4333,2,162.6892,1,2,3,123,Needs Attention
16059,4613,1,162.4019,5,5,3,553,Champion
20694,4630,1,162.4019,5,5,3,553,Champion
11790,4548,2,162.3798,4,2,3,423,Potential Loyalist
17482,4476,2,162.3688,3,1,3,313,Potential Loyalist
18944,4337,2,162.3688,1,2,3,123,Needs Attention
13615,4394,3,162.3356,2,1,3,213,Needs Attention
14446,4364,3,162.1588,1,1,3,113,Lost
14685,4395,3,162.1478,2,1,3,213,Needs Attention
18329,4393,3,161.9157,2,1,3,213,Needs Attention
15760,4307,4,161.9048,1,1,3,113,Lost
24429,4642,1,161.3963,5,5,3,553,Champion
24631,4367,1,161.3963,1,3,3,133,At Risk
11679,4357,2,161.2859,1,2,3,123,Needs Attention
18674,4299,2,161.2858,1,2,3,123,Needs Attention
15866,4367,3,161.1312,1,1,3,113,Lost
14175,4312,2,160.4792,1,2,3,123,Needs Attention
16480,4313,2,160.1588,1,2,3,123,Needs Attention
11178,4544,2,159.9598,4,2,3,423,Potential Loyalist
11164,4473,2,159.9598,3,1,3,313,Potential Loyalist
12006,4480,3,159.9378,3,1,3,313,Potential Loyalist
13641,4532,2,159.9377,4,2,3,423,Potential Loyalist
27998,4437,1,159.6394,3,3,3,333,Loyal
20287,4436,1,159.6394,3,3,3,333,Loyal
28602,4400,1,159.6394,2,3,3,233,At Risk
20363,4375,1,159.6394,2,3,3,233,At Risk
20279,4615,1,159.6394,5,5,3,553,Champion
19856,4539,1,159.6394,4,4,3,443,Champion
28631,4649,1,159.6394,5,5,3,553,Champion
13571,4662,1,159.6394,5,5,3,553,Champion
21518,4489,1,159.6173,3,4,3,343,Loyal
20056,4365,1,159.6173,1,3,3,133,At Risk
22075,4420,1,159.6173,2,3,3,233,At Risk
18032,4565,1,159.6173,4,4,3,443,Champion
23614,4552,1,159.6173,4,4,3,443,Champion
22134,4422,1,159.6173,2,3,3,233,At Risk
13172,4317,2,159.4184,1,2,3,123,Needs Attention
18295,4558,2,159.4184,4,2,3,423,Potential Loyalist
12803,4310,2,159.3189,1,2,3,123,Needs Attention
29802,4601,1,159.12,5,5,3,553,Champion
11715,4326,2,159.0869,1,2,3,123,Needs Attention
20723,4489,1,159.0758,3,4,3,343,Loyal
13071,4325,4,159.0649,1,1,3,113,Lost
16709,4484,2,159.0538,3,1,3,313,Potential Loyalist
11128,4466,2,159.0537,3,2,3,323,Potential Loyalist
18055,4469,2,159.0206,3,2,3,323,Potential Loyalist
22555,4432,1,158.8769,3,3,3,333,Loyal
28232,4505,1,158.8769,4,5,3,453,Champion
24382,4483,1,158.8769,3,4,3,343,Loyal
21122,4589,1,158.8769,5,5,3,553,Champion
25551,4342,1,158.8769,1,4,3,143,At Risk
15511,4305,3,158.6118,1,1,3,113,Lost
16085,4507,3,158.6007,4,1,3,413,Potential Loyalist
15577,4466,2,158.5123,3,2,3,323,Potential Loyalist
16342,4326,2,158.446,1,2,3,123,Needs Attention
12933,4510,2,157.9598,4,1,3,413,Potential Loyalist
14674,4369,2,157.4294,2,2,3,223,Needs Attention
17321,4314,2,157.4184,1,2,3,123,Needs Attention
18262,4333,2,157.4073,1,2,3,123,Needs Attention
24551,4634,1,157.4073,5,5,3,553,Champion
20582,4482,1,157.4073,3,4,3,343,Loyal
13488,4527,1,156.8879,4,4,3,443,Champion
12907,4612,1,156.8879,5,5,3,553,Champion
13341,4644,1,156.8879,5,5,3,553,Champion
14441,4577,1,156.8879,4,5,3,453,Champion
13323,4343,1,156.8879,1,4,3,143,At Risk
22095,4376,1,156.8879,2,3,3,233,At Risk
14514,4299,1,156.8879,1,4,3,143,At Risk
21461,4387,1,156.8879,2,3,3,233,At Risk
13204,4382,1,156.8879,2,3,3,233,At Risk
17501,4389,2,156.8879,2,2,3,223,Needs Attention
16910,4496,2,156.8659,3,1,3,313,Potential Loyalist
18390,4384,2,156.8658,2,2,3,223,Needs Attention
14423,4555,2,156.8106,4,2,3,423,Potential Loyalist
13617,4305,3,156.8106,1,1,3,113,Lost
15815,4331,3,156.7223,1,1,3,113,Lost
18286,4352,2,156.4128,1,2,3,123,Needs Attention
18285,4460,2,156.4128,3,2,3,323,Potential Loyalist
16730,4304,2,155.7388,1,2,3,123,Needs Attention
20740,4436,2,155.7387,3,2,3,323,Potential Loyalist
13838,4332,2,155.3078,1,2,3,123,Needs Attention
13930,4389,1,155.2194,2,3,3,233,At Risk
16174,4521,2,155.1973,4,1,3,413,Potential Loyalist
12061,4418,4,154.8879,2,1,3,213,Needs Attention
14217,4505,2,154.0923,4,1,3,413,Potential Loyalist
13963,4312,2,154.0923,1,2,3,123,Needs Attention
18186,4472,2,154.0812,3,1,3,313,Potential Loyalist
28336,4458,1,153.5619,3,3,3,333,Loyal
14804,4481,2,153.5509,3,1,3,313,Potential Loyalist
26613,4306,1,153.5508,1,4,3,143,At Risk
15444,4325,2,153.5398,1,2,3,123,Needs Attention
14084,4451,4,153.2415,3,1,3,313,Potential Loyalist
13125,4336,3,153.0867,1,1,3,113,Lost
11959,4376,2,153.0205,2,2,3,223,Needs Attention
15142,4359,2,152.9984,1,2,3,123,Needs Attention
14682,4350,2,152.9873,1,2,3,123,Needs Attention
14319,4351,2,152.9873,1,2,3,123,Needs Attention
11235,4320,2,152.9873,1,2,3,123,Needs Attention
14013,4344,2,152.9873,1,2,3,123,Needs Attention
11180,4422,2,152.9873,2,2,3,223,Needs Attention
14311,4467,2,152.9873,3,2,3,323,Potential Loyalist
14318,4453,2,152.9873,3,2,3,323,Potential Loyalist
11014,4570,2,152.9873,4,2,3,423,Potential Loyalist
17077,4500,2,152.9873,3,1,3,313,Potential Loyalist
19389,4549,1,152.9873,4,4,3,443,Champion
16295,4614,1,152.9873,5,5,3,553,Champion
16591,4381,2,152.4459,2,2,3,223,Needs Attention
11681,4361,2,152.4458,1,2,3,123,Needs Attention
11700,4530,2,152.4458,4,2,3,423,Potential Loyalist
14604,4565,3,152.4348,4,1,3,413,Potential Loyalist
13533,4348,2,152.4238,1,2,3,123,Needs Attention
14196,4317,2,152.4238,1,2,3,123,Needs Attention
11752,4350,3,152.3464,1,1,3,113,Lost
20082,4317,2,151.9818,1,2,3,123,Needs Attention
13961,4309,2,151.3188,1,2,3,123,Needs Attention
13798,4320,2,150.6779,1,2,3,123,Needs Attention
12022,4445,2,150.5563,3,2,3,323,Potential Loyalist
11932,4484,2,150.5563,3,1,3,313,Potential Loyalist
15376,4385,3,150.5452,2,1,3,213,Needs Attention
11734,4502,2,150.037,4,1,3,413,Potential Loyalist
14126,4358,2,149.7828,1,2,3,123,Needs Attention
22005,4329,1,149.6833,1,4,3,143,At Risk
18644,4500,2,149.6612,3,1,3,313,Potential Loyalist
18155,4318,2,149.6502,1,2,3,123,Needs Attention
16959,4456,3,149.5618,3,1,3,313,Potential Loyalist
11177,4403,2,149.4513,2,2,3,223,Needs Attention
13671,4297,1,149.4292,1,4,3,143,At Risk
11838,4450,2,149.4071,3,2,3,323,Potential Loyalist
21626,4436,1,149.1529,3,3,3,333,Loyal
29301,4575,1,149.1529,4,4,3,443,Champion
21498,4372,1,149.1529,2,3,3,233,At Risk
21761,4493,1,149.1529,3,4,3,343,Loyal
17193,4330,2,149.1308,1,2,3,123,Needs Attention
28411,4634,1,149.1198,5,5,3,553,Champion
22925,4444,1,149.0977,3,2,3,323,Potential Loyalist
25166,4422,1,148.6888,2,3,3,233,At Risk
11730,4317,2,148.5784,1,2,3,123,Needs Attention
15727,4351,2,148.5784,1,2,3,123,Needs Attention
11971,4361,2,148.5783,1,2,3,123,Needs Attention
11781,4347,2,148.5783,1,2,3,123,Needs Attention
19645,4518,2,148.5562,4,1,3,413,Potential Loyalist
11208,4430,2,148.3242,3,2,3,323,Potential Loyalist
11804,4466,2,148.0258,3,2,3,323,Potential Loyalist
12048,4360,2,148.0258,1,2,3,123,Needs Attention
11856,4325,2,148.0258,1,2,3,123,Needs Attention
12073,4575,2,148.0258,4,2,3,423,Potential Loyalist
12067,4483,2,148.0258,3,1,3,313,Potential Loyalist
14458,4433,3,148.0148,3,1,3,313,Potential Loyalist
13603,4529,2,148.0038,4,2,3,423,Potential Loyalist
17814,4363,2,147.9927,1,2,3,123,Needs Attention
18884,4397,2,147.9927,2,2,3,223,Needs Attention
11622,4524,2,147.7938,4,2,3,423,Potential Loyalist
19147,4416,2,147.7496,2,2,3,223,Needs Attention
14143,4308,2,147.5728,1,2,3,123,Needs Attention
19642,4361,3,147.5618,1,1,3,113,Lost
19636,4445,1,147.5065,3,2,3,323,Potential Loyalist
22151,4439,1,147.5065,3,3,3,333,Loyal
19145,4427,1,147.5065,3,3,3,333,Loyal
18989,4448,1,147.5065,3,3,3,333,Loyal
13499,4646,1,147.5065,5,5,3,553,Champion
19018,4505,1,147.5065,4,5,3,453,Champion
20331,4541,1,147.5065,4,4,3,443,Champion
19244,4568,1,147.5065,4,4,3,443,Champion
18970,4369,1,147.5065,2,3,3,233,At Risk
18810,4377,1,147.5065,2,3,3,233,At Risk
19699,4404,1,147.5065,2,3,3,233,At Risk
18861,4407,1,147.5065,2,3,3,233,At Risk
26762,4570,1,147.5065,4,4,3,443,Champion
19543,4569,1,147.5065,4,4,3,443,Champion
28357,4338,1,147.5065,1,4,3,143,At Risk
20201,4297,1,147.5065,1,4,3,143,At Risk
18805,4298,1,147.5065,1,4,3,143,At Risk
18887,4329,1,147.5065,1,4,3,143,At Risk
20275,4312,1,147.5065,1,4,3,143,At Risk
20392,4389,1,147.4844,2,3,3,233,At Risk
22096,4567,1,147.4844,4,4,3,443,Champion
22751,4526,1,147.4844,4,4,3,443,Champion
23300,4582,1,147.4844,4,5,3,453,Champion
13466,4340,3,147.4624,1,1,3,113,Lost
16177,4495,2,147.3407,3,1,3,313,Potential Loyalist
26400,4624,1,146.9429,5,5,3,553,Champion
27368,4625,1,146.9319,5,5,3,553,Champion
19544,4645,1,146.9319,5,5,3,553,Champion
19218,4620,1,146.9319,5,5,3,553,Champion
19860,4633,1,146.9319,5,5,3,553,Champion
27343,4503,1,146.9319,4,5,3,453,Champion
27757,4606,1,146.9319,5,5,3,553,Champion
20315,4524,1,146.9319,4,4,3,443,Champion
12508,4539,1,146.9319,4,4,3,443,Champion
28545,4516,1,146.9319,4,5,3,453,Champion
27363,4500,1,146.9319,3,5,3,353,Loyal
20123,4407,1,146.9319,2,3,3,233,At Risk
27403,4370,1,146.9319,2,3,3,233,At Risk
18846,4322,1,146.9319,1,4,3,143,At Risk
18774,4299,1,146.9319,1,4,3,143,At Risk
20016,4467,1,146.9319,3,3,3,333,Loyal
18967,4650,1,146.9319,5,5,3,553,Champion
12325,4330,2,146.9098,1,2,3,123,Needs Attention
16711,4497,2,146.9098,3,1,3,313,Potential Loyalist
17307,4636,2,146.9098,5,1,3,513,Potential Loyalist
22296,4390,1,146.9098,2,3,3,233,At Risk
23473,4631,1,146.9098,5,5,3,553,Champion
15880,4615,1,146.8987,5,5,3,553,Champion
24399,4603,1,146.8987,5,5,3,553,Champion
18354,4577,1,146.8987,4,5,3,453,Champion
12145,4325,2,146.8767,1,2,3,123,Needs Attention
16497,4346,4,146.6446,1,1,3,113,Lost
16370,4298,3,146.4125,1,1,3,113,Lost
26690,4544,1,146.3794,4,4,3,443,Champion
13350,4297,3,146.3573,1,1,3,113,Lost
15795,4571,2,146.3462,4,2,3,423,Potential Loyalist
17645,4374,2,146.1584,2,2,3,223,Needs Attention
16564,4453,2,146.1584,3,2,3,323,Potential Loyalist
20106,4530,2,145.8048,4,2,3,423,Potential Loyalist
22681,4529,1,145.8048,4,4,3,443,Champion
11199,4400,2,145.5838,2,2,3,223,Needs Attention
15402,4416,3,145.3628,2,1,3,213,Needs Attention
11748,4385,5,145.3518,2,1,3,213,Needs Attention
21740,4311,1,145.2412,1,4,3,143,At Risk
21066,4308,1,145.2412,1,4,3,143,At Risk
11301,4406,2,145.0424,2,2,3,223,Needs Attention
19541,4375,2,145.0202,2,2,3,223,Needs Attention
17493,4344,2,144.7109,1,2,3,123,Needs Attention
11829,4518,2,144.6888,4,1,3,413,Potential Loyalist
16492,4303,2,144.6887,1,2,3,123,Needs Attention
24634,4407,1,144.2688,2,3,3,233,At Risk
24430,4541,1,144.2688,4,4,3,443,Champion
28241,4625,1,144.1583,5,5,3,553,Champion
11890,4504,2,144.1362,4,1,3,413,Potential Loyalist
16386,4453,2,143.5948,3,2,3,323,Potential Loyalist
13669,4307,3,143.3296,1,1,3,113,Lost
12100,4430,2,143.0644,3,2,3,323,Potential Loyalist
16613,4458,2,142.9318,3,2,3,323,Potential Loyalist
20019,4443,1,142.5119,3,2,3,323,Potential Loyalist
18873,4467,1,142.5119,3,3,3,333,Loyal
18672,4456,1,142.5119,3,3,3,333,Loyal
27402,4396,1,142.5119,2,3,3,233,At Risk
21881,4429,1,142.5119,3,3,3,333,Loyal
26155,4422,1,142.5119,2,3,3,233,At Risk
28341,4451,1,142.5119,3,3,3,333,Loyal
11668,4321,2,142.5119,1,2,3,123,Needs Attention
11650,4339,2,142.5119,1,2,3,123,Needs Attention
11805,4381,2,142.5119,2,2,3,223,Needs Attention
11695,4459,2,142.5119,3,2,3,323,Potential Loyalist
11694,4419,2,142.5119,2,2,3,223,Needs Attention
16734,4528,2,142.5119,4,2,3,423,Potential Loyalist
11686,4576,2,142.5119,4,2,3,423,Potential Loyalist
11701,4566,2,142.5119,4,2,3,423,Potential Loyalist
20758,4581,1,142.5119,4,5,3,453,Champion
18675,4586,1,142.5119,5,5,3,553,Champion
18836,4604,1,142.5119,5,5,3,553,Champion
20384,4545,1,142.5119,4,4,3,443,Champion
19760,4544,1,142.5119,4,4,3,443,Champion
18673,4499,1,142.5119,3,5,3,353,Loyal
18504,4500,1,142.5119,3,5,3,353,Loyal
18784,4402,1,142.5119,2,3,3,233,At Risk
20742,4412,1,142.5119,2,3,3,233,At Risk
20122,4374,1,142.5119,2,3,3,233,At Risk
18977,4350,1,142.5119,1,3,3,133,At Risk
20367,4356,1,142.5119,1,3,3,133,At Risk
18920,4307,1,142.5119,1,4,3,143,At Risk
20276,4320,1,142.5119,1,4,3,143,At Risk
27377,4322,1,142.5119,1,4,3,143,At Risk
29072,4332,1,142.5119,1,3,3,133,At Risk
19895,4311,1,142.5119,1,4,3,143,At Risk
20737,4304,1,142.5119,1,4,3,143,At Risk
18813,4305,1,142.5119,1,4,3,143,At Risk
26166,4332,1,142.5119,1,4,3,143,At Risk
14690,4336,1,142.5119,1,4,3,143,At Risk
18993,4348,1,142.5119,1,4,3,143,At Risk
19655,4553,1,142.5119,4,4,3,443,Champion
27653,4552,1,142.5119,4,4,3,443,Champion
20326,4572,1,142.5119,4,4,3,443,Champion
13508,4655,1,142.5119,5,5,3,553,Champion
11085,4317,2,142.5008,1,2,3,123,Needs Attention
17317,4418,2,142.4898,2,2,3,223,Needs Attention
21530,4470,1,142.4898,3,4,3,343,Loyal
18628,4537,1,142.4898,4,4,3,443,Champion
21510,4598,1,142.4898,5,5,3,553,Champion
18283,4325,2,142.4788,1,2,3,123,Needs Attention
15025,4448,2,142.4788,3,2,3,323,Potential Loyalist
11172,4314,2,142.4787,1,2,3,123,Needs Attention
17468,4376,2,142.4456,2,2,3,223,Needs Attention
14353,4595,3,142.3682,5,1,3,513,Potential Loyalist
20086,4548,2,142.0478,4,2,3,423,Potential Loyalist
26528,4327,1,141.9594,1,4,3,143,At Risk
14056,4307,3,141.9484,1,1,3,113,Lost
13954,4413,3,141.9484,2,1,3,213,Needs Attention
14814,4623,2,141.9483,5,1,3,513,Potential Loyalist
19798,4414,2,141.9263,2,2,3,223,Needs Attention
18756,4449,2,141.8931,3,2,3,323,Potential Loyalist
28786,4543,1,141.3848,4,4,3,443,Champion
26719,4492,1,141.3848,3,4,3,343,Loyal
28773,4514,1,141.3848,4,5,3,453,Champion
13505,4480,2,141.3627,3,1,3,313,Potential Loyalist
11712,4388,5,141.2191,2,1,3,213,Needs Attention
11285,4391,2,141.1749,2,2,3,223,Needs Attention
17350,4413,2,140.8544,2,2,3,223,Needs Attention
15805,4339,2,140.8544,1,2,3,123,Needs Attention
28139,4446,1,140.6444,3,3,3,333,Loyal
14907,4448,1,140.6444,3,3,3,333,Loyal
12725,4460,1,140.6444,3,3,3,333,Loyal
18473,4472,1,140.6444,3,4,3,343,Loyal
14491,4544,1,140.6444,4,4,3,443,Champion
15574,4318,1,140.6444,1,4,3,143,At Risk
22544,4655,1,140.6444,5,5,3,553,Champion
11639,4317,2,140.6224,1,2,3,123,Needs Attention
17126,4318,2,140.2909,1,2,3,123,Needs Attention
11786,4302,2,140.2909,1,2,3,123,Needs Attention
16241,4434,2,140.2909,3,2,3,323,Potential Loyalist
16841,4541,2,140.2909,4,1,3,413,Potential Loyalist
16643,4557,2,140.2909,4,2,3,423,Potential Loyalist
17484,4579,2,140.2908,4,1,3,413,Potential Loyalist
15236,4537,2,140.2798,4,1,3,413,Potential Loyalist
14518,4477,2,140.2798,3,1,3,313,Potential Loyalist
14522,4423,2,140.2798,2,2,3,223,Needs Attention
14344,4334,2,140.2798,1,2,3,123,Needs Attention
28634,4302,1,140.2798,1,4,3,143,At Risk
17491,4324,2,140.2688,1,2,3,123,Needs Attention
18263,4352,2,140.2688,1,2,3,123,Needs Attention
17481,4567,2,140.2688,4,2,3,423,Potential Loyalist
23060,4539,1,140.2577,4,4,3,443,Champion
15711,4504,2,139.8488,4,1,3,413,Potential Loyalist
18280,4334,2,139.8488,1,2,3,123,Needs Attention
20974,4507,1,139.5394,4,5,3,453,Champion
20941,4638,1,139.5394,5,5,3,553,Champion
26407,4629,1,139.5394,5,5,3,553,Champion
11148,4353,3,139.4953,1,1,3,113,Lost
17801,4363,1,139.1527,1,3,3,133,At Risk
24944,4601,1,138.7549,5,5,3,553,Champion
13008,4339,3,138.6886,1,1,3,113,Lost
14878,4579,1,138.6333,4,5,3,453,Champion
16848,4306,2,138.6223,1,2,3,123,Needs Attention
11179,4316,2,138.6113,1,2,3,123,Needs Attention
19015,4560,2,138.6002,4,2,3,423,Potential Loyalist
22349,4461,1,138.114,3,3,3,333,Loyal
16217,4449,1,138.114,3,3,3,333,Loyal
15774,4592,1,138.114,5,5,3,553,Champion
15156,4605,1,138.114,5,5,3,553,Champion
14579,4628,1,138.114,5,5,3,553,Champion
16777,4635,1,138.114,5,5,3,553,Champion
18364,4621,1,138.114,5,5,3,553,Champion
17379,4624,1,138.114,5,5,3,553,Champion
15514,4543,1,138.114,4,4,3,443,Champion
15981,4566,1,138.114,4,4,3,443,Champion
17444,4526,1,138.114,4,4,3,443,Champion
14748,4478,1,138.114,3,4,3,343,Loyal
16993,4514,1,138.114,4,5,3,453,Champion
23279,4389,1,138.114,2,3,3,233,At Risk
17675,4390,1,138.114,2,3,3,233,At Risk
14548,4385,1,138.114,2,3,3,233,At Risk
14564,4337,1,138.114,1,4,3,143,At Risk
20404,4314,1,138.114,1,4,3,143,At Risk
16600,4554,1,138.0919,4,4,3,443,Champion
12439,4606,1,138.0919,5,5,3,553,Champion
11832,4438,2,138.0919,3,2,3,323,Potential Loyalist
11852,4445,2,138.0919,3,2,3,323,Potential Loyalist
11844,4314,2,138.0919,1,2,3,123,Needs Attention
11857,4351,2,138.0919,1,2,3,123,Needs Attention
11847,4371,2,138.0919,2,2,3,223,Needs Attention
12821,4344,2,138.0587,1,2,3,123,Needs Attention
21283,4586,1,138.0587,5,5,3,553,Champion
13267,4319,4,138.0477,1,1,3,113,Lost
18685,4342,2,137.5283,1,2,3,123,Needs Attention
21767,4475,1,137.5173,3,4,3,343,Loyal
21574,4647,1,137.5173,5,5,3,553,Champion
12195,4482,2,137.4731,3,1,3,313,Potential Loyalist
13981,4489,2,137.2521,3,1,3,313,Potential Loyalist
26865,4640,1,137.009,5,5,3,553,Champion
24542,4353,1,137.009,1,3,3,133,At Risk
24107,4384,1,137.009,2,3,3,233,At Risk
27147,4381,1,136.9979,2,3,3,233,At Risk
28550,4375,1,136.9979,2,3,3,233,At Risk
26427,4366,1,136.9979,1,3,3,133,At Risk
19819,4393,1,136.9979,2,3,3,233,At Risk
19229,4390,1,136.9979,2,3,3,233,At Risk
26672,4391,1,136.9979,2,3,3,233,At Risk
13506,4414,1,136.9979,2,3,3,233,At Risk
26669,4555,1,136.9979,4,4,3,443,Champion
20762,4341,1,136.9979,1,4,3,143,At Risk
26755,4342,1,136.9979,1,4,3,143,At Risk
26432,4574,1,136.9979,4,4,3,443,Champion
18888,4576,1,136.9979,4,4,3,443,Champion
20184,4574,1,136.9979,4,4,3,443,Champion
27518,4564,1,136.9979,4,4,3,443,Champion
22405,4563,1,136.9979,4,4,3,443,Champion
27349,4315,1,136.9979,1,4,3,143,At Risk
26772,4324,1,136.9979,1,4,3,143,At Risk
22149,4326,1,136.9979,1,4,3,143,At Risk
27516,4323,1,136.9979,1,4,3,143,At Risk
18994,4380,1,136.9979,2,3,3,233,At Risk
18941,4331,1,136.9979,1,4,3,143,At Risk
19885,4327,1,136.9979,1,4,3,143,At Risk
19848,4336,1,136.9979,1,4,3,143,At Risk
18965,4306,1,136.9979,1,4,3,143,At Risk
18503,4300,1,136.9979,1,4,3,143,At Risk
26374,4305,1,136.9979,1,4,3,143,At Risk
18584,4623,1,136.9979,5,5,3,553,Champion
19643,4642,1,136.9979,5,5,3,553,Champion
27393,4619,1,136.9979,5,5,3,553,Champion
28444,4611,1,136.9979,5,5,3,553,Champion
20748,4584,1,136.9979,4,5,3,453,Champion
20290,4591,1,136.9979,5,5,3,553,Champion
26664,4604,1,136.9979,5,5,3,553,Champion
28475,4606,1,136.9979,5,5,3,553,Champion
26163,4607,1,136.9979,5,5,3,553,Champion
19804,4477,1,136.9979,3,4,3,343,Loyal
20379,4473,1,136.9979,3,4,3,343,Loyal
20763,4520,1,136.9979,4,5,3,453,Champion
18844,4518,1,136.9979,4,5,3,453,Champion
19882,4495,1,136.9979,3,5,3,353,Loyal
19715,4496,1,136.9979,3,5,3,353,Loyal
26143,4505,1,136.9979,4,5,3,453,Champion
18542,4501,1,136.9979,4,5,3,453,Champion
19149,4501,1,136.9979,4,5,3,453,Champion
18753,4500,1,136.9979,3,5,3,353,Loyal
20358,4567,1,136.9979,4,4,3,443,Champion
22964,4543,1,136.9979,4,4,3,443,Champion
19851,4537,1,136.9979,4,4,3,443,Champion
27351,4534,1,136.9979,4,4,3,443,Champion
26759,4493,1,136.9979,3,4,3,343,Loyal
19816,4436,1,136.9979,3,3,3,333,Loyal
19020,4450,1,136.9979,3,3,3,333,Loyal
18934,4429,1,136.9979,3,3,3,333,Loyal
19228,4427,1,136.9979,3,3,3,333,Loyal
20338,4396,1,136.9979,2,3,3,233,At Risk
22167,4649,1,136.9979,5,5,3,553,Champion
17060,4433,2,136.9759,3,2,3,323,Potential Loyalist
17053,4434,2,136.9759,3,2,3,323,Potential Loyalist
18715,4351,2,136.9759,1,2,3,123,Needs Attention
18763,4379,2,136.9759,2,2,3,223,Needs Attention
17059,4348,2,136.9759,1,2,3,123,Needs Attention
17251,4528,2,136.9759,4,2,3,423,Potential Loyalist
17070,4639,2,136.9759,5,1,3,513,Potential Loyalist
17072,4361,2,136.9758,1,2,3,123,Needs Attention
21188,4540,1,136.9758,4,4,3,443,Champion
21640,4489,1,136.9758,3,4,3,343,Loyal
23936,4538,1,136.9758,4,4,3,443,Champion
20798,4500,1,136.9758,3,5,3,353,Loyal
23977,4476,1,136.9758,3,4,3,343,Loyal
21522,4507,1,136.9758,4,5,3,453,Champion
23171,4563,1,136.9758,4,4,3,443,Champion
21207,4545,1,136.9758,4,4,3,443,Champion
21967,4356,1,136.9758,1,3,3,133,At Risk
26282,4337,1,136.9648,1,4,3,143,At Risk
11051,4324,2,136.9648,1,2,3,123,Needs Attention
11725,4568,2,136.9206,4,2,3,423,Potential Loyalist
17337,4386,3,136.9206,2,1,3,213,Needs Attention
11118,4299,3,136.7991,1,1,3,113,Lost
23438,4430,1,136.4454,3,3,3,333,Loyal
27932,4469,1,136.4454,3,3,3,333,Loyal
19215,4391,1,136.4454,2,3,3,233,At Risk
27772,4624,1,136.4454,5,5,3,553,Champion
18109,4636,1,136.4454,5,5,3,553,Champion
14535,4614,2,136.4344,5,1,3,513,Potential Loyalist
15239,4473,2,136.4123,3,1,3,313,Potential Loyalist
17303,4438,2,136.4123,3,2,3,323,Potential Loyalist
12304,4328,2,136.4123,1,2,3,123,Needs Attention
15138,4391,2,136.4123,2,2,3,223,Needs Attention
15222,4391,2,136.4123,2,2,3,223,Needs Attention
11621,4387,2,136.1803,2,2,3,223,Needs Attention
15730,4389,2,135.8709,2,2,3,223,Needs Attention
17708,4306,2,135.8708,1,2,3,123,Needs Attention
27284,4546,1,135.8708,4,4,3,443,Champion
29243,4392,1,135.8598,2,3,3,233,At Risk
16296,4354,1,135.8598,1,3,3,133,At Risk
14314,4469,2,135.8598,3,2,3,323,Potential Loyalist
11114,4330,3,135.7936,1,1,3,113,Lost
13860,4306,4,135.7383,1,1,3,113,Lost
18707,4432,2,135.6499,3,2,3,323,Potential Loyalist
14370,4484,3,135.4288,3,1,3,313,Potential Loyalist
15124,4547,2,135.2963,4,2,3,423,Potential Loyalist
12064,4358,2,135.2741,1,2,3,123,Needs Attention
14502,4418,3,135.0974,2,1,3,213,Needs Attention
11699,4469,2,135.0863,3,2,3,323,Potential Loyalist
19098,4344,2,135.0753,1,2,3,123,Needs Attention
11023,4311,2,135.0752,1,2,3,123,Needs Attention
11304,4578,2,135.0421,4,1,3,413,Potential Loyalist
17360,4341,3,135.009,1,1,3,113,Lost
18637,4391,2,134.7438,2,2,3,223,Needs Attention
13338,4299,1,134.7437,1,4,3,143,At Risk
23475,4500,1,134.7437,3,5,3,353,Loyal
26376,4399,1,134.7327,2,3,3,233,At Risk
13785,4522,2,134.6222,4,2,3,423,Potential Loyalist
25896,4514,1,134.3349,4,5,3,453,Champion
24236,4566,1,134.3349,4,4,3,443,Champion
14176,4529,1,134.3349,4,4,3,443,Champion
24964,4308,1,134.3349,1,4,3,143,At Risk
24508,4401,1,134.3349,2,3,3,233,At Risk
14274,4327,3,134.3239,1,1,3,113,Lost
11731,4474,2,134.2023,3,1,3,313,Potential Loyalist
21991,4303,1,134.2023,1,4,3,143,At Risk
13121,4441,3,133.9813,3,1,3,313,Potential Loyalist
14016,4442,2,133.7714,3,2,3,323,Potential Loyalist
22205,4489,1,133.1304,3,4,3,343,Loyal
12793,4640,1,133.1194,5,5,3,553,Champion
23522,4589,1,133.1194,5,5,3,553,Champion
19375,4584,1,133.1083,4,5,3,453,Champion
23029,4597,1,133.1083,5,5,3,553,Champion
20144,4327,1,133.1083,1,4,3,143,At Risk
14724,4314,3,133.0531,1,1,3,113,Lost
28616,4353,1,132.60,1,3,3,133,At Risk
28581,4354,1,132.5779,1,3,3,133,At Risk
18830,4369,1,132.5779,2,3,3,233,At Risk
28121,4380,1,132.5779,2,3,3,233,At Risk
28476,4382,1,132.5779,2,3,3,233,At Risk
20311,4369,1,132.5779,2,3,3,233,At Risk
18995,4393,1,132.5779,2,3,3,233,At Risk
27725,4393,1,132.5779,2,3,3,233,At Risk
20292,4387,1,132.5779,2,3,3,233,At Risk
19734,4390,1,132.5779,2,3,3,233,At Risk
19868,4390,1,132.5779,2,3,3,233,At Risk
19853,4406,1,132.5779,2,3,3,233,At Risk
29351,4406,1,132.5779,2,3,3,233,At Risk
18765,4415,1,132.5779,2,3,3,233,At Risk
18588,4414,1,132.5779,2,3,3,233,At Risk
19235,4403,1,132.5779,2,3,3,233,At Risk
20022,4410,1,132.5779,2,3,3,233,At Risk
18834,4328,1,132.5779,1,4,3,143,At Risk
19840,4328,1,132.5779,1,4,3,143,At Risk
28027,4379,1,132.5779,2,3,3,233,At Risk
18891,4325,1,132.5779,1,4,3,143,At Risk
28466,4317,1,132.5779,1,4,3,143,At Risk
19226,4302,1,132.5779,1,4,3,143,At Risk
15113,4306,1,132.5779,1,4,3,143,At Risk
19893,4297,1,132.5779,1,4,3,143,At Risk
19236,4337,1,132.5779,1,4,3,143,At Risk
19850,4333,1,132.5779,1,4,3,143,At Risk
12525,4545,1,132.5779,4,4,3,443,Champion
18590,4548,1,132.5779,4,4,3,443,Champion
28495,4563,1,132.5779,4,4,3,443,Champion
20741,4576,1,132.5779,4,4,3,443,Champion
19668,4338,1,132.5779,1,4,3,143,At Risk
19234,4345,1,132.5779,1,4,3,143,At Risk
13573,4557,1,132.5779,4,4,3,443,Champion
20129,4596,1,132.5779,5,5,3,553,Champion
26668,4596,1,132.5779,5,5,3,553,Champion
18799,4596,1,132.5779,5,5,3,553,Champion
21233,4596,1,132.5779,5,5,3,553,Champion
19245,4503,1,132.5779,4,5,3,453,Champion
18807,4604,1,132.5779,5,5,3,553,Champion
28600,4601,1,132.5779,5,5,3,553,Champion
18809,4599,1,132.5779,5,5,3,553,Champion
18786,4597,1,132.5779,5,5,3,553,Champion
28539,4588,1,132.5779,5,5,3,553,Champion
18602,4590,1,132.5779,5,5,3,553,Champion
20120,4591,1,132.5779,5,5,3,553,Champion
21240,4611,1,132.5779,5,5,3,553,Champion
18752,4609,1,132.5779,5,5,3,553,Champion
21234,4641,1,132.5779,5,5,3,553,Champion
13568,4641,1,132.5779,5,5,3,553,Champion
19728,4631,1,132.5779,5,5,3,553,Champion
20115,4628,1,132.5779,5,5,3,553,Champion
15105,4629,1,132.5779,5,5,3,553,Champion
15356,4624,1,132.5779,5,5,3,553,Champion
20378,4644,1,132.5779,5,5,3,553,Champion
20344,4623,1,132.5779,5,5,3,553,Champion
20116,4627,1,132.5779,5,5,3,553,Champion
18591,4625,1,132.5779,5,5,3,553,Champion
18521,4613,1,132.5779,5,5,3,553,Champion
28460,4616,1,132.5779,5,5,3,553,Champion
19025,4617,1,132.5779,5,5,3,553,Champion
19660,4541,1,132.5779,4,4,3,443,Champion
20125,4541,1,132.5779,4,4,3,443,Champion
20271,4492,1,132.5779,3,4,3,343,Loyal
19890,4492,1,132.5779,3,4,3,343,Loyal
28722,4485,1,132.5779,3,4,3,343,Loyal
20307,4530,1,132.5779,4,4,3,443,Champion
18676,4565,1,132.5779,4,4,3,443,Champion
15109,4526,1,132.5779,4,4,3,443,Champion
19834,4524,1,132.5779,4,4,3,443,Champion
18992,4526,1,132.5779,4,4,3,443,Champion
27734,4534,1,132.5779,4,4,3,443,Champion
28546,4510,1,132.5779,4,5,3,453,Champion
19712,4520,1,132.5779,4,5,3,453,Champion
13672,4512,1,132.5779,4,5,3,453,Champion
19688,4500,1,132.5779,3,5,3,353,Loyal
19777,4481,1,132.5779,3,4,3,343,Loyal
19888,4485,1,132.5779,3,4,3,343,Loyal
11792,4509,2,132.5779,4,1,3,413,Potential Loyalist
28045,4440,1,132.5779,3,2,3,323,Potential Loyalist
18828,4432,1,132.5779,3,3,3,333,Loyal
20294,4434,1,132.5779,3,3,3,333,Loyal
18690,4400,1,132.5779,2,3,3,233,At Risk
20328,4460,1,132.5779,3,3,3,333,Loyal
18612,4458,1,132.5779,3,3,3,333,Loyal
18822,4468,1,132.5779,3,3,3,333,Loyal
19012,4467,1,132.5779,3,3,3,333,Loyal
20203,4425,1,132.5779,2,3,3,233,At Risk
20351,4427,1,132.5779,3,3,3,333,Loyal
19700,4448,1,132.5779,3,3,3,333,Loyal
19806,4452,1,132.5779,3,3,3,333,Loyal
11791,4355,2,132.5779,1,2,3,123,Needs Attention
12506,4648,1,132.5779,5,5,3,553,Champion
18987,4660,1,132.5779,5,5,3,553,Champion
18583,4651,1,132.5779,5,5,3,553,Champion
27283,4650,1,132.5779,5,5,3,553,Champion
19168,4656,1,132.5779,5,5,3,553,Champion
11691,4551,2,132.5559,4,2,3,423,Potential Loyalist
21786,4449,1,132.5558,3,3,3,333,Loyal
21513,4458,1,132.5558,3,3,3,333,Loyal
22738,4401,1,132.5558,2,3,3,233,At Risk
20504,4442,1,132.5558,3,2,3,323,Potential Loyalist
20937,4443,1,132.5558,3,2,3,323,Potential Loyalist
23693,4496,1,132.5558,3,5,3,353,Loyal
23333,4497,1,132.5558,3,5,3,353,Loyal
20916,4522,1,132.5558,4,4,3,443,Champion
20597,4529,1,132.5558,4,4,3,443,Champion
19383,4625,1,132.5558,5,5,3,553,Champion
16208,4627,1,132.5558,5,5,3,553,Champion
23188,4633,1,132.5558,5,5,3,553,Champion
22305,4320,1,132.5558,1,4,3,143,At Risk
23062,4404,1,132.5558,2,3,3,233,At Risk
22813,4390,1,132.5558,2,3,3,233,At Risk
20138,4653,1,132.5558,5,5,3,553,Champion
12964,4370,4,132.5449,2,1,3,213,Needs Attention
20746,4500,2,132.5448,3,1,3,313,Potential Loyalist
17879,4385,2,132.5448,2,2,3,223,Needs Attention
18271,4332,2,132.5448,1,2,3,123,Needs Attention
12204,4517,2,132.5227,4,1,3,413,Potential Loyalist
17495,4409,2,132.5006,2,2,3,223,Needs Attention
12138,4447,2,132.5006,3,2,3,323,Potential Loyalist
14765,4316,3,132.4454,1,1,3,113,Lost
14371,4321,3,132.4454,1,1,3,113,Lost
14641,4401,3,132.4454,2,1,3,213,Needs Attention
11981,4297,2,132.3348,1,2,3,123,Needs Attention
17347,4378,3,132.2907,2,1,3,213,Needs Attention
12262,4600,2,131.9923,5,1,3,513,Potential Loyalist
19618,4479,2,131.9923,3,1,3,313,Potential Loyalist
19583,4311,2,131.9923,1,2,3,123,Needs Attention
12545,4388,2,131.9923,2,2,3,223,Needs Attention
20421,4561,1,131.4619,4,4,3,443,Champion
12329,4421,2,131.4509,2,2,3,223,Needs Attention
15721,4411,2,131.4509,2,2,3,223,Needs Attention
12563,4508,2,131.4509,4,1,3,413,Potential Loyalist
13624,4317,3,131.4509,1,1,3,113,Lost
11369,4329,2,131.4508,1,2,3,123,Needs Attention
26809,4561,1,131.4508,4,4,3,443,Champion
26059,4556,1,131.4508,4,4,3,443,Champion
26396,4309,1,131.4508,1,4,3,143,At Risk
19486,4309,1,131.4508,1,4,3,143,At Risk
27480,4302,1,131.4508,1,4,3,143,At Risk
27059,4634,1,131.4508,5,5,3,553,Champion
19610,4462,2,131.4288,3,2,3,323,Potential Loyalist
14199,4454,2,131.4288,3,2,3,323,Potential Loyalist
19817,4402,2,131.4287,2,2,3,223,Needs Attention
16331,4304,3,131.252,1,1,3,113,Lost
11965,4355,3,131.2078,1,1,3,113,Lost
18978,4435,2,131.1967,3,2,3,323,Potential Loyalist
25237,4308,1,130.8983,1,4,3,143,At Risk
12997,4378,3,130.589,2,1,3,213,Needs Attention
12140,4388,4,130.5779,2,1,3,213,Needs Attention
17306,4546,2,130.3459,4,2,3,423,Potential Loyalist
14557,4302,2,130.3459,1,2,3,123,Needs Attention
14521,4373,2,130.3459,2,2,3,223,Needs Attention
28866,4572,1,130.3458,4,4,3,443,Champion
11720,4485,2,130.3348,3,1,3,313,Potential Loyalist
12357,4314,3,130.3238,1,1,3,113,Lost
16016,4403,2,130.3127,2,2,3,223,Needs Attention
12862,4411,1,129.9259,2,3,3,233,At Risk
12603,4423,2,129.7823,2,2,3,223,Needs Attention
14208,4491,2,129.7602,3,1,3,313,Potential Loyalist
15635,4374,2,129.2298,2,2,3,223,Needs Attention
14837,4369,1,129.2298,2,3,3,233,At Risk
19385,4355,1,129.2298,1,3,3,133,At Risk
11059,4615,3,129.2077,5,1,3,513,Potential Loyalist
14986,4309,2,129.1856,1,2,3,123,Needs Attention
11843,4623,2,129.0198,5,1,3,513,Potential Loyalist
19584,4596,2,128.9978,5,1,3,513,Potential Loyalist
12311,4335,2,128.6552,1,2,3,123,Needs Attention
15593,4493,2,128.4673,3,1,3,313,Potential Loyalist
15735,4440,2,128.4563,3,2,3,323,Potential Loyalist
11747,4404,2,128.1359,2,2,3,223,Needs Attention
18257,4460,2,128.1248,3,2,3,323,Potential Loyalist
13389,4356,1,128.1248,1,3,3,133,At Risk
19071,4567,1,128.1248,4,4,3,443,Champion
16649,4333,2,128.1138,1,2,3,123,Needs Attention
15606,4460,2,128.1027,3,2,3,323,Potential Loyalist
15426,4375,2,128.0917,2,2,3,223,Needs Attention
19377,4305,1,128.0916,1,4,3,143,At Risk
18314,4506,3,127.8817,4,1,3,413,Potential Loyalist
18345,4386,2,127.5944,2,2,3,223,Needs Attention
14836,4460,2,127.3513,3,2,3,323,Potential Loyalist
14542,4412,2,127.3513,2,2,3,223,Needs Attention
14809,4476,2,127.3513,3,1,3,313,Potential Loyalist
12244,4553,2,127.0309,4,2,3,423,Potential Loyalist
11361,4362,2,127.0309,1,2,3,123,Needs Attention
14067,4462,2,127.0309,3,2,3,323,Potential Loyalist
12249,4396,2,127.0309,2,2,3,223,Needs Attention
11045,4388,2,127.0309,2,2,3,223,Needs Attention
14227,4344,2,127.0309,1,2,3,123,Needs Attention
14057,4305,2,127.0309,1,2,3,123,Needs Attention
17204,4377,2,127.0308,2,2,3,223,Needs Attention
15610,4389,2,127.0308,2,2,3,223,Needs Attention
15057,4404,2,127.0308,2,2,3,223,Needs Attention
26104,4457,1,127.0308,3,3,3,333,Loyal
16198,4499,2,127.0308,3,1,3,313,Potential Loyalist
21524,4297,1,127.0308,1,4,3,143,At Risk
15670,4339,1,127.0308,1,4,3,143,At Risk
25346,4314,1,127.0308,1,4,3,143,At Risk
15650,4342,1,127.0308,1,4,3,143,At Risk
26472,4611,1,127.0308,5,5,3,553,Champion
20570,4583,1,127.0308,4,5,3,453,Champion
13198,4419,3,127.0198,2,1,3,213,Needs Attention
18875,4435,2,127.0198,3,2,3,323,Potential Loyalist
19587,4321,2,127.0198,1,2,3,123,Needs Attention
11865,4411,2,126.9867,2,2,3,223,Needs Attention
13815,4419,2,126.5778,2,2,3,223,Needs Attention
25810,4527,1,126.4783,4,4,3,443,Champion
25520,4520,1,126.4783,4,5,3,453,Champion
27112,4513,1,126.4783,4,5,3,453,Champion
15274,4552,1,126.4783,4,4,3,443,Champion
18732,4298,1,126.4783,1,4,3,143,At Risk
15383,4306,1,126.4783,1,4,3,143,At Risk
16233,4311,1,126.4783,1,4,3,143,At Risk
21792,4356,1,126.4783,1,3,3,133,At Risk
26852,4657,1,126.4783,5,5,3,553,Champion
12865,4571,2,126.2242,4,2,3,423,Potential Loyalist
13614,4401,3,126.2021,2,1,3,213,Needs Attention
13668,4349,3,126.2021,1,1,3,113,Lost
15794,4329,2,125.9369,1,2,3,123,Needs Attention
15153,4448,2,125.9369,3,2,3,323,Potential Loyalist
25812,4356,1,125.9369,1,3,3,133,At Risk
18530,4641,1,125.9369,5,5,3,553,Champion
17296,4321,2,125.9259,1,2,3,123,Needs Attention
17067,4335,2,125.9259,1,2,3,123,Needs Attention
11236,4319,2,125.9258,1,2,3,123,Needs Attention
11013,4304,2,125.9258,1,2,3,123,Needs Attention
11141,4419,2,125.9258,2,2,3,223,Needs Attention
11192,4422,2,125.9258,2,2,3,223,Needs Attention
27935,4452,1,125.9258,3,3,3,333,Loyal
14717,4561,2,125.9258,4,2,3,423,Potential Loyalist
11255,4600,2,125.9258,5,1,3,513,Potential Loyalist
13809,4582,1,125.9258,4,5,3,453,Champion
27007,4491,1,125.9258,3,4,3,343,Loyal
20745,4301,2,125.9148,1,2,3,123,Needs Attention
12740,4325,2,125.9148,1,2,3,123,Needs Attention
15581,4452,2,125.9038,3,2,3,323,Potential Loyalist
17710,4483,2,125.9038,3,1,3,313,Potential Loyalist
11115,4323,3,125.6496,1,1,3,113,Lost
11646,4484,2,125.3955,3,1,3,313,Potential Loyalist
11672,4429,2,125.3955,3,2,3,323,Potential Loyalist
21445,4631,1,125.3844,5,5,3,553,Champion
29049,4595,1,125.3733,5,5,3,553,Champion
11974,4351,2,125.3623,1,2,3,123,Needs Attention
11068,4409,3,125.2629,2,1,3,213,Needs Attention
17657,4322,2,125.1303,1,2,3,123,Needs Attention
16486,4324,2,125.1303,1,2,3,123,Needs Attention
19026,4366,2,125.1303,1,2,3,123,Needs Attention
11669,4459,2,125.0971,3,2,3,323,Potential Loyalist
14545,4311,2,124.8208,1,2,3,123,Needs Attention
11146,4432,3,124.7878,3,1,3,313,Potential Loyalist
20087,4321,2,124.5998,1,2,3,123,Needs Attention
19624,4309,2,124.5888,1,2,3,123,Needs Attention
19619,4490,2,124.5888,3,1,3,313,Potential Loyalist
16489,4561,2,124.5667,4,2,3,423,Potential Loyalist
15018,4634,2,124.2684,5,1,3,513,Potential Loyalist
19569,4368,2,124.0253,2,2,3,223,Needs Attention
17494,4543,2,123.7159,4,1,3,413,Potential Loyalist
11658,4485,2,123.7158,3,1,3,313,Potential Loyalist
14551,4336,1,123.7158,1,4,3,143,At Risk
15544,4572,1,123.7048,4,4,3,443,Champion
28272,4374,1,123.7048,2,3,3,233,At Risk
23550,4387,1,123.7048,2,3,3,233,At Risk
16314,4507,2,123.7048,4,1,3,413,Potential Loyalist
16300,4336,2,123.7048,1,2,3,123,Needs Attention
13290,4370,3,123.6385,2,1,3,213,Needs Attention
14582,4362,3,123.528,1,1,3,113,Lost
17194,4486,1,123.1523,3,4,3,343,Loyal
23247,4375,1,122.5998,2,3,3,233,At Risk
12627,4509,2,122.5888,4,1,3,413,Potential Loyalist
11685,4343,2,122.5666,1,2,3,123,Needs Attention
12564,4370,2,122.3788,2,2,3,223,Needs Attention
12502,4440,2,122.0584,3,2,3,323,Potential Loyalist
22483,4352,1,122.0583,1,3,3,133,At Risk
26781,4311,1,122.0583,1,4,3,143,At Risk
21080,4315,1,122.0583,1,4,3,143,At Risk
27461,4499,1,122.0583,3,5,3,353,Loyal
25633,4492,1,122.0583,3,4,3,343,Loyal
17729,4598,1,122.0583,5,5,3,553,Champion
27815,4644,1,122.0583,5,5,3,553,Champion
18885,4650,1,122.0583,5,5,3,553,Champion
11071,4355,3,121.8042,1,1,3,113,Lost
11891,4509,2,121.5169,4,1,3,413,Potential Loyalist
17226,4534,2,121.5169,4,2,3,423,Potential Loyalist
11783,4559,2,121.5169,4,2,3,423,Potential Loyalist
11970,4426,2,121.5169,3,2,3,323,Potential Loyalist
11787,4381,2,121.5169,2,2,3,223,Needs Attention
11728,4380,2,121.5169,2,2,3,223,Needs Attention
11950,4379,2,121.5169,2,2,3,223,Needs Attention
11735,4334,2,121.5169,1,2,3,123,Needs Attention
15154,4324,2,121.5169,1,2,3,123,Needs Attention
11884,4327,2,121.5169,1,2,3,123,Needs Attention
28890,4503,1,121.5169,4,5,3,453,Champion
24665,4478,1,121.5169,3,4,3,343,Loyal
13781,4521,2,121.5059,4,1,3,413,Potential Loyalist
11113,4579,3,121.4175,4,1,3,413,Potential Loyalist
11153,4602,2,121.2959,5,1,3,513,Potential Loyalist
14315,4412,2,121.2296,2,2,3,223,Needs Attention
19581,4311,2,120.9534,1,2,3,123,Needs Attention
19629,4476,2,120.9313,3,1,3,313,Potential Loyalist
19200,4327,2,120.7103,1,2,3,123,Needs Attention
11941,4384,2,120.4009,2,2,3,223,Needs Attention
13732,4453,3,120.4009,3,1,3,313,Potential Loyalist
21317,4515,1,120.3898,4,5,3,453,Champion
13409,4395,1,120.3898,2,3,3,233,At Risk
18325,4550,2,120.2793,4,2,3,423,Potential Loyalist
16178,4367,2,120.2793,1,2,3,123,Needs Attention
16166,4404,2,120.2793,2,2,3,223,Needs Attention
16964,4516,3,119.9367,4,1,3,413,Potential Loyalist
12927,4486,2,119.8484,3,1,3,313,Potential Loyalist
11980,4358,2,119.8484,1,2,3,123,Needs Attention
12956,4391,2,119.8484,2,2,3,223,Needs Attention
12940,4394,2,119.8484,2,2,3,223,Needs Attention
12963,4329,2,119.8484,1,2,3,123,Needs Attention
12085,4454,2,119.8484,3,2,3,323,Potential Loyalist
26907,4363,1,119.8483,1,3,3,133,At Risk
28543,4601,1,119.8483,5,5,3,553,Champion
13544,4369,2,119.8263,2,2,3,223,Needs Attention
14938,4419,2,119.3069,2,2,3,223,Needs Attention
25839,4654,1,119.2737,5,5,3,553,Champion
15103,4352,2,119.1743,1,2,3,123,Needs Attention
13791,4437,2,119.1743,3,2,3,323,Potential Loyalist
11187,4472,2,118.7655,3,1,3,313,Potential Loyalist
11879,4384,2,118.6992,2,2,3,223,Needs Attention
15694,4304,2,118.6439,1,2,3,123,Needs Attention
14197,4409,1,118.3234,2,3,3,233,At Risk
13463,4373,1,118.1908,2,3,3,233,At Risk
13833,4368,1,118.1908,2,3,3,233,At Risk
14361,4319,1,118.1908,1,4,3,143,At Risk
12966,4504,1,118.1908,4,5,3,453,Champion
12757,4597,1,118.1908,5,5,3,553,Champion
13336,4592,1,118.1908,5,5,3,553,Champion
13416,4621,1,118.1908,5,5,3,553,Champion
13388,4626,1,118.1908,5,5,3,553,Champion
13913,4501,1,118.1908,4,5,3,453,Champion
14001,4470,1,118.1908,3,4,3,343,Loyal
14768,4538,1,118.1908,4,4,3,443,Champion
16353,4530,1,118.1908,4,4,3,443,Champion
12897,4442,1,118.1908,3,2,3,323,Potential Loyalist
13153,4647,1,118.1908,5,5,3,553,Champion
17289,4384,2,118.1798,2,2,3,223,Needs Attention
23024,4557,1,118.1798,4,4,3,443,Champion
23470,4549,1,118.1577,4,4,3,443,Champion
23020,4321,1,118.1577,1,4,3,143,At Risk
21136,4530,1,118.1577,4,4,3,443,Champion
18054,4407,2,118.1577,2,2,3,223,Needs Attention
14059,4505,2,117.9588,4,1,3,413,Potential Loyalist
16622,4301,2,117.7489,1,2,3,123,Needs Attention
16634,4395,2,117.7488,2,2,3,223,Needs Attention
16679,4600,2,117.7488,5,1,3,513,Potential Loyalist
14692,4314,2,117.4174,1,2,3,123,Needs Attention
14992,4320,2,117.4174,1,2,3,123,Needs Attention
17628,4559,2,117.3952,4,2,3,423,Potential Loyalist
12943,4309,2,117.0748,1,2,3,123,Needs Attention
12044,4355,2,117.0748,1,2,3,123,Needs Attention
12920,4437,2,117.0748,3,2,3,323,Potential Loyalist
16189,4348,2,117.0637,1,2,3,123,Needs Attention
11194,4348,2,116.8538,1,2,3,123,Needs Attention
17066,4416,2,116.8538,2,2,3,223,Needs Attention
11195,4395,2,116.8538,2,2,3,223,Needs Attention
11067,4313,2,116.8538,1,2,3,123,Needs Attention
13694,4417,2,116.6438,2,2,3,223,Needs Attention
15681,4516,2,116.6438,4,1,3,413,Potential Loyalist
24899,4639,1,116.5223,5,5,3,553,Champion
11982,4415,2,116.3124,2,2,3,223,Needs Attention
11721,4400,2,116.3123,2,2,3,223,Needs Attention
12746,4387,2,116.2903,2,2,3,223,Needs Attention
14184,4480,2,116.2903,3,1,3,313,Potential Loyalist
13613,4507,3,116.2682,4,1,3,413,Potential Loyalist
13197,4376,3,116.2351,2,1,3,213,Needs Attention
13199,4410,3,116.235,2,1,3,213,Needs Attention
19567,4547,2,115.9809,4,2,3,423,Potential Loyalist
14663,4370,1,115.9698,2,3,3,233,At Risk
16680,4400,2,115.8704,2,2,3,223,Needs Attention
20218,4567,2,115.6825,4,2,3,423,Potential Loyalist
15572,4403,3,115.5278,2,1,3,213,Needs Attention
16771,4426,3,115.5278,3,1,3,313,Potential Loyalist
19101,4406,2,115.3842,2,2,3,223,Needs Attention
11081,4587,2,115.2074,5,1,3,513,Potential Loyalist
14034,4347,2,115.1853,1,2,3,123,Needs Attention
17686,4300,2,115.1742,1,2,3,123,Needs Attention
12055,4309,4,115.1301,1,1,3,113,Lost
12043,4343,2,114.8869,1,2,3,123,Needs Attention
14552,4365,2,114.8869,1,2,3,123,Needs Attention
14955,4462,2,114.8869,3,2,3,323,Potential Loyalist
12310,4395,2,114.8759,2,2,3,223,Needs Attention
12718,4374,1,114.8758,2,3,3,233,At Risk
20530,4570,1,114.8758,4,4,3,443,Champion
21456,4563,1,114.8758,4,4,3,443,Champion
29315,4560,1,114.8758,4,4,3,443,Champion
21135,4580,1,114.8648,4,5,3,453,Champion
16171,4560,2,114.7653,4,2,3,423,Potential Loyalist
16071,4321,3,114.4229,1,1,3,113,Lost
16097,4492,3,114.4229,3,1,3,313,Potential Loyalist
15864,4409,3,114.4228,2,1,3,213,Needs Attention
21964,4425,1,114.3565,2,3,3,233,At Risk
16597,4629,1,114.3565,5,5,3,553,Champion
15946,4578,1,114.3454,4,5,3,453,Champion
15273,4594,1,114.3454,5,5,3,553,Champion
20103,4566,1,114.3454,4,4,3,443,Champion
27413,4540,1,114.3454,4,4,3,443,Champion
15382,4474,1,114.3454,3,4,3,343,Loyal
25054,4486,1,114.3454,3,4,3,343,Loyal
28287,4577,1,114.3454,4,4,3,443,Champion
18507,4322,1,114.3454,1,4,3,143,At Risk
14621,4336,1,114.3454,1,4,3,143,At Risk
23552,4361,1,114.3454,1,3,3,133,At Risk
18384,4650,1,114.3454,5,5,3,553,Champion
19379,4400,1,114.3233,2,3,3,233,At Risk
28855,4494,1,114.3233,3,4,3,343,Loyal
17076,4330,2,114.3233,1,2,3,123,Needs Attention
15034,4362,2,114.3123,1,2,3,123,Needs Attention
11962,4462,2,113.7819,3,2,3,323,Potential Loyalist
12643,4299,2,113.7709,1,2,3,123,Needs Attention
24911,4478,1,113.7708,3,4,3,343,Loyal
28879,4496,1,113.7708,3,5,3,353,Loyal
25223,4604,1,113.7708,5,5,3,553,Champion
29100,4357,1,113.7708,1,3,3,133,At Risk
27999,4376,1,113.7708,2,3,3,233,At Risk
12139,4336,2,113.7377,1,2,3,123,Needs Attention
11102,4347,3,113.7157,1,1,3,113,Lost
15806,4564,2,113.6493,4,2,3,423,Potential Loyalist
16640,4298,2,113.3399,1,2,3,123,Needs Attention
16167,4338,2,113.3399,1,2,3,123,Needs Attention
11173,4332,2,113.2515,1,2,3,123,Needs Attention
11165,4534,2,113.2515,4,2,3,423,Potential Loyalist
29079,4662,1,113.2404,5,5,3,553,Champion
12309,4556,2,112.9973,4,2,3,423,Potential Loyalist
14332,4448,4,112.9864,3,1,3,313,Potential Loyalist
16401,4378,2,112.9863,2,2,3,223,Needs Attention
16506,4302,3,112.7543,1,1,3,113,Lost
11793,4649,2,112.6659,5,1,3,513,Potential Loyalist
12610,4431,2,112.6548,3,2,3,323,Potential Loyalist
26178,4405,1,112.6548,2,3,3,233,At Risk
18506,4414,2,112.6438,2,2,3,223,Needs Attention
20927,4376,1,112.6437,2,3,3,233,At Risk
15571,4413,3,112.5444,2,1,3,213,Needs Attention
11517,4455,2,112.4449,3,2,3,323,Potential Loyalist
16593,4551,2,112.4448,4,2,3,423,Potential Loyalist
15216,4593,2,112.4227,5,1,3,513,Potential Loyalist
16608,4364,2,112.2349,1,2,3,123,Needs Attention
16633,4320,2,112.2349,1,2,3,123,Needs Attention
14805,4517,1,112.1133,4,5,3,453,Champion
22882,4452,1,112.1023,3,3,3,333,Loyal
16192,4572,2,112.1023,4,2,3,423,Potential Loyalist
11814,4439,2,111.8923,3,2,3,323,Potential Loyalist
13503,4548,2,111.8813,4,2,3,423,Potential Loyalist
18811,4607,2,111.5609,5,1,3,513,Potential Loyalist
18391,4595,2,111.5608,5,1,3,513,Potential Loyalist
18449,4505,2,111.5388,4,1,3,413,Potential Loyalist
19648,4457,3,111.4283,3,1,3,313,Potential Loyalist
20212,4341,2,111.3177,1,2,3,123,Needs Attention
22176,4504,1,111.0083,4,5,3,453,Champion
13164,4509,1,111.0083,4,5,3,453,Champion
13759,4597,1,111.0083,5,5,3,553,Champion
14445,4594,1,111.0083,5,5,3,553,Champion
12983,4628,1,111.0083,5,5,3,553,Champion
11703,4370,2,110.7984,2,2,3,223,Needs Attention
11670,4429,2,110.7984,3,2,3,323,Potential Loyalist
11662,4503,2,110.7984,4,1,3,413,Potential Loyalist
11718,4610,2,110.7984,5,1,3,513,Potential Loyalist
17063,4600,2,110.7763,5,1,3,513,Potential Loyalist
17297,4547,2,110.7763,4,2,3,423,Potential Loyalist
17282,4307,2,110.7763,1,2,3,123,Needs Attention
11643,4505,2,110.7431,4,1,3,413,Potential Loyalist
25333,4435,1,110.5995,3,3,3,333,Loyal
24974,4439,1,110.5995,3,3,3,333,Loyal
24678,4466,1,110.5995,3,3,3,333,Loyal
13498,4459,1,110.5995,3,3,3,333,Loyal
25329,4618,1,110.5995,5,5,3,553,Champion
24657,4359,1,110.5995,1,3,3,133,At Risk
28406,4301,1,110.5995,1,4,3,143,At Risk
25200,4331,1,110.5995,1,3,3,133,At Risk
25330,4327,1,110.5995,1,4,3,143,At Risk
24629,4568,1,110.5995,4,4,3,443,Champion
24287,4341,1,110.5995,1,4,3,143,At Risk
21296,4309,1,110.4558,1,4,3,143,At Risk
21675,4310,1,110.4558,1,4,3,143,At Risk
21499,4383,1,110.4558,2,3,3,233,At Risk
21719,4386,1,110.4558,2,3,3,233,At Risk
21421,4487,1,110.4558,3,4,3,343,Loyal
21706,4455,1,110.4558,3,3,3,333,Loyal
21936,4446,1,110.4558,3,3,3,333,Loyal
21320,4431,1,110.4558,3,3,3,333,Loyal
12625,4443,1,110.4558,3,2,3,323,Potential Loyalist
19104,4305,2,110.4338,1,2,3,123,Needs Attention
17327,4365,2,110.4338,1,2,3,123,Needs Attention
18199,4507,2,110.4338,4,1,3,413,Potential Loyalist
14842,4623,1,110.4337,5,5,3,553,Champion
13390,4326,1,110.4337,1,4,3,143,At Risk
15174,4424,1,110.3895,2,3,3,233,At Risk
24765,4411,1,110.0249,2,3,3,233,At Risk
24732,4473,1,110.0249,3,4,3,343,Loyal
21952,4542,1,109.9144,4,4,3,443,Champion
21990,4594,1,109.9144,5,5,3,553,Champion
12426,4381,1,109.9144,2,3,3,233,At Risk
21965,4369,1,109.9144,2,3,3,233,At Risk
12424,4453,1,109.9144,3,3,3,333,Loyal
14060,4393,2,109.9144,2,2,3,223,Needs Attention
14309,4382,2,109.9144,2,2,3,223,Needs Attention
13623,4338,3,109.6161,1,1,3,113,Lost
12372,4490,3,109.4282,3,1,3,313,Potential Loyalist
11842,4352,2,109.3619,1,2,3,123,Needs Attention
29341,4440,1,109.3619,3,2,3,323,Potential Loyalist
21395,4320,1,109.3619,1,4,3,143,At Risk
18256,4423,2,109.3509,2,2,3,223,Needs Attention
13609,4369,2,109.3509,2,2,3,223,Needs Attention
15758,4301,2,109.3509,1,2,3,123,Needs Attention
17503,4330,2,109.3509,1,2,3,123,Needs Attention
15804,4342,2,109.3509,1,2,3,123,Needs Attention
15783,4394,2,109.3509,2,2,3,223,Needs Attention
15206,4397,2,109.3509,2,2,3,223,Needs Attention
15238,4404,2,109.3509,2,2,4,224,Needs Attention
15798,4529,2,109.3509,4,2,4,424,Potential Loyalist
16236,4422,1,109.3508,2,3,4,234,At Risk
14932,4466,1,109.3508,3,3,4,334,Loyal
16368,4324,1,109.3508,1,4,4,144,At Risk
16922,4303,1,109.3508,1,4,4,144,At Risk
15160,4297,1,109.3508,1,4,4,144,At Risk
23971,4349,1,109.3508,1,4,4,144,At Risk
15190,4351,1,109.3508,1,3,4,134,At Risk
22475,4590,1,109.3508,5,5,4,554,Champion
21549,4627,1,109.3508,5,5,4,554,Champion
17130,4626,1,109.3508,5,5,4,554,Champion
17016,4643,1,109.3508,5,5,4,554,Champion
14749,4615,1,109.3508,5,5,4,554,Champion
22539,4544,1,109.3508,4,4,4,444,Champion
12726,4475,1,109.3508,3,4,4,344,Loyal
24574,4471,1,109.3508,3,4,4,344,Loyal
21082,4487,1,109.3508,3,4,4,344,Loyal
25209,4484,1,109.3508,3,4,4,344,Loyal
19208,4500,1,109.3508,3,5,4,354,Loyal
14683,4420,3,109.3399,2,1,4,214,Needs Attention
19796,4313,2,109.3287,1,2,4,124,Needs Attention
17509,4346,2,109.0857,1,2,4,124,Needs Attention
19862,4492,2,108.8205,3,1,4,314,Potential Loyalist
23357,4585,1,108.8204,5,5,4,554,Champion
11198,4646,2,108.8094,5,1,4,514,Potential Loyalist
19969,4533,2,108.7873,4,2,4,424,Potential Loyalist
11268,4370,2,108.5663,2,2,4,224,Needs Attention
11710,4344,2,108.2679,1,2,4,124,Needs Attention
11687,4518,2,108.2679,4,1,4,414,Potential Loyalist
19961,4348,2,108.2569,1,2,4,124,Needs Attention
13586,4338,2,108.2459,1,2,4,124,Needs Attention
18466,4316,2,108.2459,1,2,4,124,Needs Attention
18326,4316,2,108.2458,1,2,4,124,Needs Attention
17250,4324,2,108.2458,1,2,4,124,Needs Attention
16705,4376,2,108.2458,2,2,4,224,Needs Attention
29260,4437,1,108.2458,3,3,4,334,Loyal
17631,4613,1,108.2458,5,5,4,554,Champion
23091,4362,1,108.2458,1,3,4,134,At Risk
29370,4416,1,108.2458,2,3,4,234,At Risk
16579,4382,2,108.2348,2,2,4,224,Needs Attention
19220,4312,3,107.8702,1,1,4,114,Lost
16619,4488,2,107.826,3,1,4,314,Potential Loyalist
15147,4472,2,107.6823,3,1,4,314,Potential Loyalist
12134,4408,2,107.6823,2,2,4,224,Needs Attention
17316,4358,2,107.6823,1,2,4,124,Needs Attention
15102,4361,2,107.5718,1,2,4,124,Needs Attention
16321,4325,2,107.4613,1,2,4,124,Needs Attention
16188,4318,2,107.1298,1,2,4,124,Needs Attention
16200,4576,2,107.1298,4,2,4,424,Potential Loyalist
17052,4520,2,107.0967,4,1,4,414,Potential Loyalist
27202,4622,1,107.0966,5,5,4,554,Champion
26689,4473,1,107.0966,3,4,4,344,Loyal
11458,4307,3,107.0636,1,1,4,114,Lost
15641,4576,2,106.9088,4,1,4,414,Potential Loyalist
19574,4559,2,106.8978,4,2,4,424,Potential Loyalist
14249,4540,1,106.5883,4,4,4,444,Champion
18129,4534,1,106.5883,4,4,4,444,Champion
12888,4404,1,106.5883,2,3,4,234,At Risk
14395,4400,1,106.5883,2,3,4,234,At Risk
14460,4352,1,106.5883,1,3,4,134,At Risk
20478,4558,1,106.5883,4,4,4,444,Champion
15076,4338,1,106.5883,1,4,4,144,At Risk
13216,4562,1,106.5883,4,4,4,444,Champion
12899,4339,1,106.5883,1,4,4,144,At Risk
14252,4336,1,106.5883,1,4,4,144,At Risk
15277,4517,1,106.5662,4,5,4,454,Champion
11819,4309,2,106.3784,1,2,4,124,Needs Attention
11716,4312,2,106.3784,1,2,4,124,Needs Attention
11702,4372,2,106.3784,2,2,4,224,Needs Attention
11806,4414,2,106.3784,2,2,4,224,Needs Attention
11674,4460,2,106.3784,3,2,4,324,Potential Loyalist
12993,4542,3,106.3563,4,1,4,414,Potential Loyalist
24985,4441,1,106.1574,3,2,4,324,Potential Loyalist
25201,4396,1,106.1574,2,3,4,234,At Risk
24416,4449,1,106.1574,3,3,4,334,Loyal
24265,4488,1,106.1574,3,4,4,344,Loyal
24826,4499,1,106.1574,3,5,4,354,Loyal
25172,4520,1,106.1574,4,5,4,454,Champion
24740,4567,1,106.1574,4,4,4,444,Champion
24830,4587,1,106.1574,5,5,4,554,Champion
24438,4309,1,106.1574,1,4,4,144,At Risk
24622,4547,1,106.1574,4,4,4,444,Champion
24408,4359,1,106.1574,1,3,4,134,At Risk
25153,4415,1,106.1574,2,3,4,234,At Risk
25277,4402,1,106.1574,2,3,4,234,At Risk
20280,4433,2,106.0138,3,2,4,324,Potential Loyalist
17100,4424,1,106.0137,2,3,4,234,At Risk
14936,4463,1,106.0137,3,3,4,334,Loyal
14704,4655,1,106.0137,5,5,4,554,Champion
16615,4510,2,105.9032,4,1,4,414,Potential Loyalist
16247,4487,3,105.8812,3,1,4,314,Potential Loyalist
12359,4410,3,105.7928,2,1,4,214,Needs Attention
25438,4401,1,105.6049,2,3,4,234,At Risk
24823,4307,1,105.6049,1,4,4,144,At Risk
17287,4435,2,105.2623,3,2,4,324,Potential Loyalist
19589,4441,2,105.2623,3,2,4,324,Potential Loyalist
15709,4607,1,104.9529,5,5,4,554,Champion
19252,4601,1,104.9419,5,5,4,554,Champion
21312,4479,1,104.9419,3,4,4,344,Loyal
21736,4370,1,104.9419,2,3,4,234,At Risk
25662,4432,1,104.9419,3,3,4,334,Loyal
25663,4465,1,104.9419,3,3,4,334,Loyal
13040,4308,2,104.9419,1,2,4,124,Needs Attention
16387,4337,2,104.9308,1,2,4,124,Needs Attention
16933,4341,2,104.9308,1,2,4,124,Needs Attention
16935,4423,2,104.9308,2,2,4,224,Needs Attention
13330,4437,3,104.9198,3,1,4,314,Potential Loyalist
13034,4438,2,104.6546,3,2,4,324,Potential Loyalist
28000,4440,1,104.4004,3,2,4,324,Potential Loyalist
18770,4456,1,104.4004,3,3,4,334,Loyal
19742,4396,1,104.4004,2,3,4,234,At Risk
20272,4423,1,104.4004,2,3,4,234,At Risk
11771,4485,2,104.4004,3,1,4,314,Potential Loyalist
27436,4370,1,104.4004,2,3,4,234,At Risk
20025,4376,1,104.4004,2,3,4,234,At Risk
20288,4377,1,104.4004,2,3,4,234,At Risk
13673,4369,1,104.4004,2,3,4,234,At Risk
19635,4360,1,104.4004,1,3,4,134,At Risk
18985,4364,1,104.4004,1,3,4,134,At Risk
19858,4353,1,104.4004,1,3,4,134,At Risk
20313,4354,1,104.4004,1,3,4,134,At Risk
19767,4410,1,104.4004,2,3,4,234,At Risk
20383,4391,1,104.4004,2,3,4,234,At Risk
28346,4307,1,104.4004,1,4,4,144,At Risk
27562,4301,1,104.4004,1,4,4,144,At Risk
19980,4309,1,104.4004,1,4,4,144,At Risk
13549,4569,1,104.4004,4,4,4,444,Champion
28976,4556,1,104.4004,4,4,4,444,Champion
18915,4476,1,104.4004,3,4,4,344,Loyal
18921,4480,1,104.4004,3,4,4,344,Loyal
27428,4510,1,104.4004,4,5,4,454,Champion
15115,4499,1,104.4004,3,5,4,354,Loyal
26158,4568,1,104.4004,4,4,4,444,Champion
28332,4532,1,104.4004,4,4,4,444,Champion
19776,4533,1,104.4004,4,4,4,444,Champion
18823,4533,1,104.4004,4,4,4,444,Champion
18837,4534,1,104.4004,4,4,4,444,Champion
18983,4522,1,104.4004,4,4,4,444,Champion
19692,4537,1,104.4004,4,4,4,444,Champion
18984,4608,1,104.4004,5,5,4,554,Champion
19005,4637,1,104.4004,5,5,4,554,Champion
28141,4637,1,104.4004,5,5,4,554,Champion
19695,4652,1,104.4004,5,5,4,554,Champion
18687,4650,1,104.4004,5,5,4,554,Champion
15112,4648,1,104.4004,5,5,4,554,Champion
13510,4657,1,104.4004,5,5,4,554,Champion
18270,4498,2,104.3894,3,1,4,314,Potential Loyalist
17322,4313,2,104.3894,1,2,4,124,Needs Attention
18289,4310,2,104.3894,1,2,4,124,Needs Attention
18191,4378,2,104.3894,2,2,4,224,Needs Attention
18195,4359,2,104.3894,1,2,4,124,Needs Attention
23577,4632,1,104.3783,5,5,4,554,Champion
19600,4580,1,104.3783,4,5,4,454,Champion
22122,4587,1,104.3783,5,5,4,554,Champion
22087,4499,1,104.3783,3,5,4,354,Loyal
22269,4486,1,104.3783,3,4,4,344,Loyal
22191,4553,1,104.3783,4,4,4,444,Champion
22222,4337,1,104.3783,1,4,4,144,At Risk
22757,4309,1,104.3783,1,4,4,144,At Risk
23000,4312,1,104.3783,1,4,4,144,At Risk
21735,4329,1,104.3783,1,4,4,144,At Risk
22762,4419,1,104.3783,2,3,4,234,At Risk
23686,4358,1,104.3783,1,3,4,134,At Risk
23705,4370,1,104.3783,2,3,4,234,At Risk
21252,4644,2,104.3673,5,1,4,514,Potential Loyalist
15310,4433,3,104.3563,3,1,4,314,Potential Loyalist
16012,4517,2,104.1574,4,1,4,414,Potential Loyalist
18541,4413,2,104.1574,2,2,4,224,Needs Attention
11308,4310,2,104.1574,1,2,4,124,Needs Attention
12369,4342,3,104.1243,1,1,4,114,Lost
17300,4535,2,104.1132,4,2,4,424,Potential Loyalist
17292,4338,2,104.1132,1,2,4,124,Needs Attention
12334,4307,2,104.1021,1,2,4,124,Needs Attention
11074,4543,3,104.0801,4,1,4,414,Potential Loyalist
11704,4492,2,103.848,3,1,4,314,Potential Loyalist
11714,4556,2,103.848,4,2,4,424,Potential Loyalist
11828,4581,2,103.848,4,1,4,414,Potential Loyalist
11692,4307,2,103.848,1,2,4,124,Needs Attention
11680,4306,2,103.848,1,2,4,124,Needs Attention
11684,4344,2,103.848,1,2,4,124,Needs Attention
12068,4360,2,103.8479,1,2,4,124,Needs Attention
21360,4438,1,103.8369,3,3,4,334,Loyal
15835,4350,1,103.8369,1,3,4,134,At Risk
14384,4411,1,103.8369,2,3,4,234,At Risk
15814,4407,1,103.8369,2,3,4,234,At Risk
24041,4387,1,103.8369,2,3,4,234,At Risk
21362,4306,1,103.8369,1,4,4,144,At Risk
28932,4344,1,103.8369,1,4,4,144,At Risk
17018,4561,1,103.8369,4,4,4,444,Champion
22560,4577,1,103.8369,4,4,4,444,Champion
22310,4515,1,103.8369,4,5,4,454,Champion
24128,4485,1,103.8369,3,4,4,344,Loyal
15912,4533,1,103.8369,4,4,4,444,Champion
21690,4582,1,103.8369,4,5,4,454,Champion
23387,4530,1,103.8258,4,4,4,444,Champion
11161,4375,2,103.8148,2,2,4,224,Needs Attention
14684,4320,3,103.3618,1,1,4,114,Lost
20604,4447,1,103.3065,3,3,4,334,Loyal
23549,4541,1,103.3065,4,4,4,444,Champion
24225,4474,1,103.3065,3,4,4,344,Loyal
18014,4594,1,103.3065,5,5,4,554,Champion
17843,4572,1,103.3065,4,4,4,444,Champion
17751,4553,1,103.3065,4,4,4,444,Champion
23702,4303,1,103.3065,1,4,4,144,At Risk
26046,4413,1,103.2954,2,3,4,234,At Risk
15442,4506,1,103.2954,4,5,4,454,Champion
26550,4475,1,103.2954,3,4,4,344,Loyal
15053,4430,1,103.2954,3,3,4,334,Loyal
20542,4463,1,103.2733,3,3,4,334,Loyal
27603,4503,1,103.2733,4,5,4,454,Champion
21298,4605,1,103.2733,5,5,4,554,Champion
27229,4637,1,103.2733,5,5,4,554,Champion
26256,4408,1,103.2733,2,3,4,234,At Risk
12565,4412,1,103.2733,2,3,4,234,At Risk
23260,4394,1,103.2733,2,3,4,234,At Risk
26733,4395,1,103.2733,2,3,4,234,At Risk
20532,4347,1,103.2733,1,4,4,144,At Risk
27635,4341,1,103.2733,1,4,4,144,At Risk
26260,4550,1,103.2733,4,4,4,444,Champion
26266,4547,1,103.2733,4,4,4,444,Champion
27939,4590,1,102.7319,5,5,4,554,Champion
26216,4494,1,102.7319,3,4,4,344,Loyal
17245,4369,2,102.7319,2,2,4,224,Needs Attention
17068,4317,2,102.7319,1,2,4,124,Needs Attention
16706,4417,2,102.7319,2,2,4,224,Needs Attention
17290,4465,2,102.7319,3,2,4,324,Potential Loyalist
17252,4419,2,102.7319,2,2,4,224,Needs Attention
16700,4514,2,102.7319,4,1,4,414,Potential Loyalist
28381,4433,1,102.7208,3,3,4,334,Loyal
23949,4577,1,102.7208,4,5,4,454,Champion
14658,4381,3,102.5662,2,1,4,214,Needs Attention
21839,4451,1,102.1904,3,3,4,334,Loyal
16195,4548,1,102.1904,4,4,4,444,Champion
19457,4343,1,102.1904,1,4,4,144,At Risk
29216,4298,1,102.1904,1,4,4,144,At Risk
12087,4310,2,101.9584,1,2,4,124,Needs Attention
11848,4350,2,101.9584,1,2,4,124,Needs Attention
12065,4599,2,101.9584,5,1,4,514,Potential Loyalist
12137,4559,2,101.9584,4,2,4,424,Potential Loyalist
12101,4533,2,101.9584,4,2,4,424,Potential Loyalist
17881,4307,2,101.9363,1,2,4,124,Needs Attention
17760,4339,2,101.9363,1,2,4,124,Needs Attention
17338,4318,3,101.8369,1,1,4,114,Lost
25174,4546,1,101.7484,4,4,4,444,Champion
12432,4391,1,101.6269,2,3,4,234,At Risk
28304,4624,1,101.6269,5,5,4,554,Champion
18821,4380,2,101.6269,2,2,4,224,Needs Attention
16243,4452,2,101.6269,3,2,4,324,Potential Loyalist
19920,4640,1,101.6158,5,5,4,554,Champion
14028,4490,1,101.6048,3,4,4,344,Loyal
23200,4533,1,101.6048,4,4,4,444,Champion
20232,4526,1,101.6048,4,4,4,444,Champion
13151,4352,1,101.6048,1,3,4,134,At Risk
22920,4360,1,101.6048,1,3,4,134,At Risk
22981,4344,1,101.6048,1,4,4,144,At Risk
21023,4554,1,101.6048,4,4,4,444,Champion
19001,4474,2,101.6048,3,1,4,314,Potential Loyalist
18686,4474,2,101.6048,3,1,4,314,Potential Loyalist
14329,4662,1,101.6048,5,5,4,554,Champion
21702,4416,2,101.5937,2,2,4,224,Needs Attention
13124,4323,3,101.5717,1,1,4,114,Lost
29763,4996,1,101.5473,5,5,4,554,Champion
12038,4299,3,101.3839,1,1,4,114,Lost
25165,4340,1,101.1959,1,4,4,144,At Risk
24687,4530,1,101.1959,4,4,4,444,Champion
24776,4639,1,101.1959,5,5,4,554,Champion
24652,4658,1,101.1959,5,5,4,554,Champion
11649,4577,2,100.8645,4,1,4,414,Potential Loyalist
11667,4337,2,100.8645,1,2,4,124,Needs Attention
11676,4347,2,100.8645,1,2,4,124,Needs Attention
16710,4329,2,100.8424,1,2,4,124,Needs Attention
19578,4350,2,100.8424,1,2,4,124,Needs Attention
17062,4621,2,100.8424,5,1,4,514,Potential Loyalist
16704,4497,2,100.8424,3,1,4,314,Potential Loyalist
17234,4349,2,100.8424,1,2,4,124,Needs Attention
26882,4575,1,100.8423,4,4,4,444,Champion
11957,4317,2,100.8313,1,2,4,124,Needs Attention
19571,4410,2,100.4998,2,2,4,224,Needs Attention
16032,4577,2,100.4998,4,1,4,414,Potential Loyalist
12924,4385,1,100.4998,2,3,4,234,At Risk
22100,4470,1,100.4998,3,4,4,344,Loyal
22924,4648,1,100.4998,5,5,4,554,Champion
15148,4532,2,100.2788,4,2,4,424,Potential Loyalist
15231,4310,2,100.2788,1,2,4,124,Needs Attention
25103,4474,1,100.0909,3,4,4,344,Loyal
15099,4526,1,100.0909,4,4,4,444,Champion
14829,4526,1,99.9694,4,4,4,444,Champion
14466,4404,1,99.9694,2,3,4,234,At Risk
15779,4549,1,99.9694,4,4,4,444,Champion
16193,4574,2,99.9694,4,2,4,424,Potential Loyalist
17284,4476,2,99.7263,3,1,4,314,Potential Loyalist
17074,4514,2,99.7263,4,1,4,414,Potential Loyalist
14669,4356,2,99.7263,1,2,4,124,Needs Attention
14237,4467,2,99.7263,3,2,4,324,Potential Loyalist
13962,4305,2,99.6821,1,2,4,124,Needs Attention
11466,4457,3,99.6601,3,1,4,314,Potential Loyalist
12115,4518,2,99.428,4,1,4,414,Potential Loyalist
11853,4519,2,99.428,4,1,4,414,Potential Loyalist
12051,4539,2,99.428,4,1,4,414,Potential Loyalist
11985,4320,2,99.428,1,2,4,124,Needs Attention
11855,4436,2,99.428,3,2,4,324,Potential Loyalist
12425,4369,1,99.4279,2,3,4,234,At Risk
15683,4618,1,99.4279,5,5,4,554,Champion
16355,4611,1,99.4169,5,5,4,554,Champion
15487,4624,1,99.4169,5,5,4,554,Champion
16013,4642,1,99.4169,5,5,4,554,Champion
15759,4610,1,99.4169,5,5,4,554,Champion
19373,4504,1,99.4169,4,5,4,454,Champion
18083,4509,1,99.4169,4,5,4,454,Champion
15894,4595,1,99.4169,5,5,4,554,Champion
14511,4595,1,99.4169,5,5,4,554,Champion
15963,4597,1,99.4169,5,5,4,554,Champion
25328,4507,1,99.4169,4,5,4,454,Champion
18975,4533,1,99.4169,4,4,4,444,Champion
25569,4530,1,99.4169,4,4,4,444,Champion
22264,4529,1,99.4169,4,4,4,444,Champion
22827,4532,1,99.4169,4,4,4,444,Champion
27844,4521,1,99.4169,4,5,4,454,Champion
15011,4500,1,99.4169,3,5,4,354,Loyal
24576,4498,1,99.4169,3,5,4,354,Loyal
22144,4496,1,99.4169,3,5,4,354,Loyal
22285,4495,1,99.4169,3,5,4,354,Loyal
13837,4374,1,99.4169,2,3,4,234,At Risk
16099,4357,1,99.4169,1,3,4,134,At Risk
23487,4375,1,99.4169,2,3,4,234,At Risk
13683,4404,1,99.4169,2,3,4,234,At Risk
16843,4390,1,99.4169,2,3,4,234,At Risk
25621,4418,1,99.4169,2,3,4,234,At Risk
29045,4576,1,99.4169,4,4,4,444,Champion
17486,4571,1,99.4169,4,4,4,444,Champion
22127,4561,1,99.4169,4,4,4,444,Champion
23494,4339,1,99.4169,1,4,4,144,At Risk
15672,4332,1,99.4169,1,4,4,144,At Risk
23485,4326,1,99.4169,1,4,4,144,At Risk
15306,4323,1,99.4169,1,4,4,144,At Risk
14482,4320,1,99.4169,1,4,4,144,At Risk
14691,4445,1,99.4169,3,2,4,324,Potential Loyalist
21853,4447,1,99.4169,3,3,4,334,Loyal
15415,4452,1,99.4169,3,3,4,334,Loyal
24721,4428,1,99.4169,3,3,4,334,Loyal
15745,4448,1,99.4169,3,3,4,334,Loyal
15741,4397,1,99.4169,2,3,4,234,At Risk
18184,4401,1,99.4169,2,3,4,234,At Risk
14571,4457,1,99.4169,3,3,4,334,Loyal
21254,4648,1,99.4169,5,5,4,554,Champion
26348,4651,1,99.4169,5,5,4,554,Champion
16018,4655,1,99.4169,5,5,4,554,Champion
27184,4658,1,99.4169,5,5,4,554,Champion
16982,4662,1,99.4169,5,5,4,554,Champion
15883,4596,1,99.3948,5,5,4,554,Champion
15988,4391,1,99.3506,2,3,4,234,At Risk
19585,4297,2,98.8534,1,2,4,124,Needs Attention
26515,4457,1,98.8533,3,3,4,334,Loyal
17786,4556,2,98.8533,4,2,4,424,Potential Loyalist
25904,4354,1,98.8533,1,3,4,134,At Risk
21497,4348,1,98.8533,1,4,4,144,At Risk
26071,4578,1,98.8533,4,5,4,454,Champion
26335,4588,1,98.8533,5,5,4,554,Champion
26457,4620,1,98.8533,5,5,4,554,Champion
26498,4521,1,98.8533,4,5,4,454,Champion
26473,4473,1,98.8533,3,4,4,344,Loyal
25957,4525,1,98.8533,4,4,4,444,Champion
26017,4656,1,98.8533,5,5,4,554,Champion
18927,4461,2,98.6213,3,2,4,324,Potential Loyalist
13150,4473,2,98.6103,3,1,4,314,Potential Loyalist
11706,4413,2,98.334,2,2,4,224,Needs Attention
11648,4445,2,98.334,3,2,4,324,Potential Loyalist
11689,4445,2,98.334,3,2,4,324,Potential Loyalist
11594,4461,1,98.3229,3,3,4,334,Loyal
27396,4463,1,98.3229,3,3,4,334,Loyal
24843,4426,1,98.3229,2,3,4,234,At Risk
11544,4450,1,98.3229,3,3,4,334,Loyal
29472,4446,1,98.3229,3,3,4,334,Loyal
26035,4490,1,98.3229,3,4,4,344,Loyal
25317,4490,1,98.3229,3,4,4,344,Loyal
29443,4513,1,98.3229,4,5,4,454,Champion
26314,4555,1,98.3229,4,4,4,444,Champion
25807,4327,1,98.3229,1,4,4,144,At Risk
26775,4333,1,98.3229,1,4,4,144,At Risk
26036,4382,1,98.3229,2,3,4,234,At Risk
26793,4368,1,98.3119,2,3,4,234,At Risk
29133,4331,1,98.3119,1,3,4,134,At Risk
26783,4322,1,98.3119,1,4,4,144,At Risk
24013,4557,1,98.3119,4,4,4,444,Champion
24215,4341,1,98.3119,1,4,4,144,At Risk
27435,4561,1,98.3119,4,4,4,444,Champion
28454,4511,1,98.3119,4,5,4,454,Champion
26416,4500,1,98.3119,3,5,4,354,Loyal
26803,4482,1,98.3119,3,4,4,344,Loyal
20796,4525,1,98.3119,4,4,4,444,Champion
23441,4534,1,98.3119,4,4,4,444,Champion
27109,4617,1,98.3119,5,5,4,554,Champion
26784,4613,1,98.3119,5,5,4,554,Champion
27293,4640,1,98.3119,5,5,4,554,Champion
26175,4614,1,98.3119,5,5,4,554,Champion
23773,4600,1,98.3119,5,5,4,554,Champion
26871,4450,1,98.3119,3,3,4,334,Loyal
27620,4425,1,98.3119,2,3,4,234,At Risk
26732,4427,1,98.3119,3,3,4,334,Loyal
23950,4427,1,98.3119,3,3,4,334,Loyal
25668,4456,1,98.3119,3,3,4,334,Loyal
20897,4397,1,98.3119,2,3,4,234,At Risk
22708,4437,1,98.3119,3,3,4,334,Loyal
27528,4437,1,98.3119,3,3,4,334,Loyal
18330,4320,2,98.3119,1,2,4,124,Needs Attention
18719,4316,2,98.3119,1,2,4,124,Needs Attention
15461,4423,2,98.3009,2,2,4,224,Needs Attention
11098,4401,3,98.3009,2,1,4,214,Needs Attention
11973,4621,2,98.3008,5,1,4,514,Potential Loyalist
13023,4326,2,98.3008,1,2,4,124,Needs Attention
12366,4359,2,98.3008,1,2,4,124,Needs Attention
15607,4317,2,97.7483,1,2,4,124,Needs Attention
28622,4463,1,97.7483,3,3,4,334,Loyal
29246,4417,1,97.7483,2,3,4,234,At Risk
28075,4363,1,97.7041,1,3,4,134,At Risk
16341,4409,2,97.5163,2,2,4,224,Needs Attention
12554,4399,2,97.2069,2,2,4,224,Needs Attention
14857,4545,2,97.2069,4,2,4,424,Potential Loyalist
19520,4618,1,97.2069,5,5,4,554,Champion
14679,4310,2,97.1959,1,2,4,124,Needs Attention
11166,4350,2,97.1959,1,2,4,124,Needs Attention
16358,4422,4,97.1849,2,1,4,214,Needs Attention
17810,4543,2,97.1737,4,1,4,414,Potential Loyalist
18306,4486,2,96.9859,3,1,4,314,Potential Loyalist
14723,4519,3,96.7649,4,1,4,414,Potential Loyalist
11840,4566,2,96.4445,4,2,4,424,Potential Loyalist
12057,4502,2,96.4445,4,1,4,414,Potential Loyalist
12062,4312,2,96.4445,1,2,4,124,Needs Attention
11801,4325,2,96.4445,1,2,4,124,Needs Attention
11822,4452,2,96.4445,3,2,4,324,Potential Loyalist
12182,4395,4,96.4114,2,1,4,214,Needs Attention
18717,4382,2,96.3671,2,2,4,224,Needs Attention
16697,4412,2,96.2235,2,2,4,224,Needs Attention
18883,4387,2,96.0909,2,2,4,224,Needs Attention
18871,4640,2,96.0909,5,1,4,514,Potential Loyalist
18755,4604,2,96.0909,5,1,4,514,Potential Loyalist
14135,4582,1,96.0908,4,5,4,454,Champion
13757,4472,1,96.0908,3,4,4,344,Loyal
12527,4339,1,96.0908,1,4,4,144,At Risk
25207,4563,1,96.0798,4,4,4,444,Champion
13294,4411,1,96.0798,2,3,4,234,At Risk
16556,4518,1,96.0798,4,5,4,454,Champion
17802,4523,1,96.0798,4,4,4,444,Champion
26044,4580,1,96.0798,4,5,4,454,Champion
14887,4593,1,96.0798,5,5,4,554,Champion
17852,4592,1,96.0798,5,5,4,554,Champion
19946,4585,1,96.0798,5,5,4,554,Champion
16934,4396,2,96.0798,2,2,4,224,Needs Attention
13262,4422,2,96.0798,2,2,4,224,Needs Attention
19554,4423,1,96.0798,2,3,4,234,At Risk
12293,4406,2,95.8698,2,2,4,224,Needs Attention
15186,4320,2,95.8698,1,2,4,124,Needs Attention
12259,4520,2,95.8588,4,1,4,414,Potential Loyalist
12550,4347,2,95.8588,1,2,4,124,Needs Attention
24767,4447,1,95.6709,3,3,4,334,Loyal
24298,4619,1,95.6709,5,5,4,554,Champion
12491,4476,1,95.6709,3,4,4,344,Loyal
14178,4362,1,95.6709,1,3,4,134,At Risk
24517,4327,1,95.6709,1,4,4,144,At Risk
22842,4522,1,95.5383,4,4,4,444,Champion
16117,4365,1,95.5273,1,3,4,134,At Risk
25811,4661,1,95.5273,5,5,4,554,Champion
17239,4304,2,95.3284,1,2,4,124,Needs Attention
17057,4316,2,95.3284,1,2,4,124,Needs Attention
18727,4334,2,95.3284,1,2,4,124,Needs Attention
18720,4332,2,95.3284,1,2,4,124,Needs Attention
17236,4482,2,95.3284,3,1,4,314,Potential Loyalist
17061,4494,2,95.3284,3,1,4,314,Potential Loyalist
17244,4512,2,95.3284,4,1,4,414,Potential Loyalist
17291,4581,2,95.3284,4,1,4,414,Potential Loyalist
13127,4416,3,95.3174,2,1,4,214,Needs Attention
12776,4304,2,95.3174,1,2,4,124,Needs Attention
12633,4417,2,95.3174,2,2,4,224,Needs Attention
11367,4361,2,95.3173,1,2,4,124,Needs Attention
15126,4389,2,95.3173,2,2,4,224,Needs Attention
14213,4375,2,95.3173,2,2,4,224,Needs Attention
16601,4370,2,95.3173,2,2,4,224,Needs Attention
14053,4651,2,95.3173,5,1,4,514,Potential Loyalist
14052,4534,2,95.3173,4,2,4,424,Potential Loyalist
19512,4590,1,95.3173,5,5,4,554,Champion
12864,4342,2,95.2953,1,2,4,124,Needs Attention
13534,4354,2,95.2953,1,2,4,124,Needs Attention
18711,4315,2,95.2621,1,2,4,124,Needs Attention
18261,4445,2,94.9859,3,2,4,324,Potential Loyalist
18194,4473,2,94.9859,3,1,4,314,Potential Loyalist
15479,4366,1,94.9748,1,3,4,134,At Risk
14870,4662,1,94.9748,5,5,4,554,Champion
13218,4384,1,94.4554,2,3,4,234,At Risk
13991,4384,1,94.4554,2,3,4,234,At Risk
13207,4411,1,94.4554,2,3,4,234,At Risk
14844,4402,1,94.4554,2,3,4,234,At Risk
20479,4405,1,94.4554,2,3,4,234,At Risk
14360,4393,1,94.4554,2,3,4,234,At Risk
21975,4328,1,94.4554,1,4,4,144,At Risk
13919,4321,1,94.4554,1,4,4,144,At Risk
14114,4297,1,94.4554,1,4,4,144,At Risk
12529,4306,1,94.4554,1,4,4,144,At Risk
15074,4306,1,94.4554,1,4,4,144,At Risk
14368,4311,1,94.4554,1,4,4,144,At Risk
19059,4311,1,94.4554,1,4,4,144,At Risk
13891,4563,1,94.4554,4,4,4,444,Champion
13322,4561,1,94.4554,4,4,4,444,Champion
23103,4553,1,94.4554,4,4,4,444,Champion
14090,4570,1,94.4554,4,4,4,444,Champion
13928,4345,1,94.4554,1,4,4,144,At Risk
22715,4554,1,94.4554,4,4,4,444,Champion
18128,4585,1,94.4554,4,5,4,454,Champion
14409,4508,1,94.4554,4,5,4,454,Champion
14002,4616,1,94.4554,5,5,4,554,Champion
12908,4625,1,94.4554,5,5,4,554,Champion
14736,4630,1,94.4554,5,5,4,554,Champion
13162,4493,1,94.4554,3,4,4,344,Loyal
13937,4473,1,94.4554,3,4,4,344,Loyal
13940,4470,1,94.4554,3,4,4,344,Loyal
14352,4499,1,94.4554,3,5,4,354,Loyal
14841,4445,1,94.4554,3,2,4,324,Potential Loyalist
14151,4431,1,94.4554,3,3,4,334,Loyal
14269,4424,1,94.4554,2,3,4,234,At Risk
14257,4459,1,94.4554,3,3,4,334,Loyal
11119,4363,2,94.1682,1,2,4,124,Needs Attention
11293,4616,2,94.1681,5,1,4,514,Potential Loyalist
12135,4508,2,93.914,4,1,4,414,Potential Loyalist
11858,4497,2,93.914,3,1,4,314,Potential Loyalist
11846,4499,2,93.914,3,1,4,314,Potential Loyalist
12070,4330,2,93.914,1,2,4,124,Needs Attention
12063,4373,2,93.914,2,2,4,224,Needs Attention
11851,4351,2,93.914,1,2,4,124,Needs Attention
12066,4429,2,93.914,3,2,4,324,Potential Loyalist
11562,4513,1,93.9029,4,5,4,454,Champion
11430,4612,1,93.9029,5,5,4,554,Champion
12224,4371,1,93.9029,2,3,4,234,At Risk
22102,4411,1,93.8919,2,3,4,234,At Risk
20938,4317,1,93.8919,1,4,4,144,At Risk
22108,4582,1,93.8919,4,5,4,454,Champion
22192,4515,1,93.8919,4,5,4,454,Champion
23864,4480,1,93.8919,3,4,4,344,Loyal
23067,4539,1,93.8919,4,4,4,444,Champion
17953,4459,1,93.8919,3,3,4,334,Loyal
17323,4341,2,93.8809,1,2,4,124,Needs Attention
18290,4391,2,93.8809,2,2,4,224,Needs Attention
18247,4394,2,93.8809,2,2,4,224,Needs Attention
27563,4511,1,93.8808,4,5,4,454,Champion
27561,4633,1,93.8808,5,5,4,554,Champion
27735,4301,1,93.8808,1,4,4,144,At Risk
20605,4575,1,93.8808,4,4,4,444,Champion
27657,4358,1,93.8808,1,3,4,134,At Risk
19066,4416,1,93.8808,2,3,4,234,At Risk
13386,4415,1,93.8808,2,3,4,234,At Risk
27747,4355,1,93.8808,1,3,4,134,At Risk
22038,4655,1,93.8698,5,5,4,554,Champion
16334,4660,1,93.8366,5,5,4,554,Champion
13753,4297,1,93.8366,1,4,4,144,At Risk
14241,4478,1,93.8366,3,4,4,344,Loyal
14000,4482,1,93.8366,3,4,4,344,Loyal
18317,4306,3,93.6377,1,1,4,114,Lost
19223,4325,3,93.5273,1,1,4,114,Lost
13042,4395,2,93.3394,2,2,4,224,Needs Attention
12303,4415,2,93.3394,2,2,4,224,Needs Attention
27677,4487,1,93.3394,3,4,4,344,Loyal
22314,4477,1,93.3394,3,4,4,344,Loyal
17492,4519,1,93.3394,4,5,4,454,Champion
28917,4324,1,93.3394,1,4,4,144,At Risk
28048,4386,1,93.3394,2,3,4,234,At Risk
27399,4576,1,93.3283,4,4,4,444,Champion
12503,4422,2,93.3283,2,2,4,224,Needs Attention
16038,4346,2,93.0963,1,2,4,124,Needs Attention
17058,4346,2,92.798,1,2,4,124,Needs Attention
17243,4533,2,92.798,4,2,4,424,Potential Loyalist
17235,4490,2,92.798,3,1,4,314,Potential Loyalist
17230,4457,2,92.798,3,2,4,324,Potential Loyalist
17231,4446,2,92.798,3,2,4,324,Potential Loyalist
17054,4394,2,92.798,2,2,4,224,Needs Attention
17253,4304,2,92.798,1,2,4,124,Needs Attention
19579,4372,2,92.798,2,2,4,224,Needs Attention
13138,4480,3,92.787,3,1,4,314,Potential Loyalist
14231,4484,2,92.7869,3,1,4,314,Potential Loyalist
12098,4345,2,92.7869,1,2,4,124,Needs Attention
17227,4530,2,92.7869,4,2,4,424,Potential Loyalist
12962,4372,2,92.7869,2,2,4,224,Needs Attention
15919,4332,2,92.7869,1,2,4,124,Needs Attention
12582,4384,2,92.7869,2,2,4,224,Needs Attention
12955,4312,2,92.7869,1,2,4,124,Needs Attention
12961,4308,2,92.7869,1,2,4,124,Needs Attention
12973,4332,2,92.7869,1,2,4,124,Needs Attention
16182,4337,2,92.7869,1,2,4,124,Needs Attention
12708,4388,2,92.7869,2,2,4,224,Needs Attention
11139,4400,2,92.7869,2,2,4,224,Needs Attention
12024,4461,2,92.7869,3,2,4,324,Potential Loyalist
17281,4412,2,92.7869,2,2,4,224,Needs Attention
23929,4429,1,92.7869,3,3,4,334,Loyal
28641,4439,1,92.7869,3,3,4,334,Loyal
12091,4445,2,92.7869,3,2,4,324,Potential Loyalist
15930,4441,1,92.7869,3,2,4,324,Potential Loyalist
16508,4455,1,92.7869,3,3,4,334,Loyal
12751,4347,1,92.7869,1,4,4,144,At Risk
19304,4311,1,92.7869,1,4,4,144,At Risk
27538,4305,1,92.7869,1,4,4,144,At Risk
29418,4334,1,92.7869,1,4,4,144,At Risk
16423,4416,1,92.7869,2,3,4,234,At Risk
15714,4408,1,92.7869,2,3,4,234,At Risk
19925,4501,1,92.7869,4,5,4,454,Champion
27326,4492,1,92.7869,3,4,4,344,Loyal
11377,4631,1,92.7869,5,5,4,554,Champion
12471,4615,1,92.7869,5,5,4,554,Champion
22697,4625,1,92.7869,5,5,4,554,Champion
27388,4588,1,92.7869,5,5,4,554,Champion
19606,4608,1,92.7869,5,5,4,554,Champion
26972,4604,1,92.7869,5,5,4,554,Champion
27323,4656,1,92.7869,5,5,4,554,Champion
16539,4653,1,92.7869,5,5,4,554,Champion
13547,4416,2,92.7648,2,2,4,224,Needs Attention
13665,4311,2,92.7648,1,2,4,124,Needs Attention
13612,4330,2,92.7648,1,2,4,124,Needs Attention
17723,4412,2,92.7538,2,2,4,224,Needs Attention
18573,4511,2,92.5328,4,1,4,414,Potential Loyalist
27975,4436,1,92.2344,3,3,4,334,Loyal
21816,4508,1,92.2344,4,5,4,454,Champion
21732,4403,1,92.2344,2,3,4,234,At Risk
19973,4441,2,92.2013,3,2,4,324,Potential Loyalist
17105,4535,2,92.2012,4,2,4,424,Potential Loyalist
12465,4450,2,92.1792,3,2,4,324,Potential Loyalist
19261,4436,1,91.6819,3,3,4,334,Loyal
18029,4452,1,91.6819,3,3,4,334,Loyal
19935,4461,1,91.6819,3,3,4,334,Loyal
14517,4397,2,91.6819,2,2,4,224,Needs Attention
19332,4618,1,91.6819,5,5,4,554,Champion
20055,4513,1,91.6819,4,5,4,454,Champion
23771,4557,1,91.6598,4,4,4,444,Champion
26257,4444,1,91.6598,3,2,4,324,Potential Loyalist
11876,4423,2,91.6377,2,2,4,224,Needs Attention
11867,4394,2,91.6377,2,2,4,224,Needs Attention
12148,4326,2,91.6377,1,2,4,124,Needs Attention
12149,4317,2,91.6377,1,2,4,124,Needs Attention
11878,4344,2,91.6377,1,2,4,124,Needs Attention
12194,4561,2,91.6377,4,2,4,424,Potential Loyalist
11887,4512,2,91.6377,4,1,4,414,Potential Loyalist
12509,4446,3,91.5493,3,1,4,314,Potential Loyalist
24442,4453,1,91.262,3,3,4,334,Loyal
24812,4536,1,91.262,4,4,4,444,Champion
25183,4525,1,91.262,4,4,4,444,Champion
23801,4644,1,91.262,5,5,4,554,Champion
28059,4486,1,91.1294,3,4,4,344,Loyal
14221,4450,2,90.8974,3,2,4,324,Potential Loyalist
14222,4342,2,90.8974,1,2,4,124,Needs Attention
13956,4396,2,90.8974,2,2,4,224,Needs Attention
13952,4416,2,90.8974,2,2,4,224,Needs Attention
11948,4411,2,90.8974,2,2,4,224,Needs Attention
14061,4601,2,90.8974,5,1,4,514,Potential Loyalist
14212,4531,2,90.8974,4,2,4,424,Potential Loyalist
18165,4413,2,90.8973,2,2,4,224,Needs Attention
18156,4331,2,90.8973,1,2,4,124,Needs Attention
19572,4521,2,90.8863,4,2,4,424,Potential Loyalist
11518,4375,2,90.831,2,2,4,224,Needs Attention
18925,4427,2,90.8089,3,2,4,324,Potential Loyalist
16256,4443,2,90.5659,3,2,4,324,Potential Loyalist
14479,4344,1,90.5658,1,4,4,144,At Risk
16165,4426,2,90.4001,3,2,4,324,Potential Loyalist
16665,4387,2,90.4001,2,2,4,224,Needs Attention
16625,4506,2,90.4001,4,1,4,414,Potential Loyalist
11436,4520,2,90.3449,4,1,4,414,Potential Loyalist
12126,4463,2,90.3449,3,2,4,324,Potential Loyalist
17346,4514,2,90.0134,4,1,4,414,Potential Loyalist
12946,4430,1,90.0133,3,3,4,334,Loyal
21308,4347,1,90.0133,1,4,4,144,At Risk
13422,4554,1,90.0133,4,4,4,444,Champion
14294,4575,1,90.0133,4,4,4,444,Champion
13480,4550,1,90.0133,4,4,4,444,Champion
22978,4325,1,90.0133,1,4,4,144,At Risk
14247,4315,1,90.0133,1,4,4,144,At Risk
13244,4407,1,90.0133,2,3,4,234,At Risk
13272,4388,1,90.0133,2,3,4,234,At Risk
14333,4359,1,90.0133,1,3,4,134,At Risk
13307,4535,1,90.0133,4,4,4,444,Champion
13291,4545,1,90.0133,4,4,4,444,Champion
14388,4542,1,90.0133,4,4,4,444,Champion
12938,4640,1,90.0133,5,5,4,554,Champion
14254,4507,1,90.0133,4,5,4,454,Champion
12953,4582,1,90.0133,4,5,4,454,Champion
21068,4595,1,90.0023,5,5,4,554,Champion
22985,4416,1,90.0023,2,3,4,234,At Risk
15131,4459,2,89.7924,3,2,4,324,Potential Loyalist
16739,4391,2,89.7924,2,2,4,224,Needs Attention
15123,4363,2,89.7924,1,2,4,124,Needs Attention
14317,4378,2,89.7924,2,2,4,224,Needs Attention
14677,4330,2,89.7924,1,2,4,124,Needs Attention
15125,4352,2,89.7924,1,2,4,124,Needs Attention
14665,4496,2,89.7924,3,1,4,314,Potential Loyalist
11260,4516,2,89.7923,4,1,4,414,Potential Loyalist
11182,4320,2,89.7923,1,2,4,124,Needs Attention
11188,4304,2,89.7923,1,2,4,124,Needs Attention
11229,4300,2,89.7923,1,2,4,124,Needs Attention
11012,4402,2,89.7923,2,2,4,224,Needs Attention
11049,4388,2,89.7923,2,2,4,224,Needs Attention
11256,4401,2,89.7923,2,2,4,224,Needs Attention
11169,4423,2,89.7923,2,2,4,224,Needs Attention
11066,4428,2,89.7923,3,2,4,324,Potential Loyalist
15812,4383,2,89.7813,2,2,4,224,Needs Attention
15599,4327,2,89.7703,1,2,4,124,Needs Attention
12035,4556,3,89.7703,4,1,4,414,Potential Loyalist
17807,4416,2,89.7702,2,2,4,224,Needs Attention
14687,4439,1,89.4608,3,3,4,334,Loyal
14435,4466,1,89.4608,3,3,4,334,Loyal
15010,4333,1,89.4608,1,4,4,144,At Risk
20021,4337,1,89.4608,1,4,4,144,At Risk
14258,4301,1,89.4608,1,4,4,144,At Risk
17217,4573,1,89.4608,4,4,4,444,Champion
25230,4557,1,89.4608,4,4,4,444,Champion
13727,4346,1,89.4608,1,4,4,144,At Risk
13437,4629,1,89.4608,5,5,4,554,Champion
14519,4618,1,89.4608,5,5,4,554,Champion
13344,4568,1,89.4608,4,4,4,444,Champion
14835,4530,1,89.4608,4,4,4,444,Champion
13312,4487,1,89.4608,3,4,4,344,Loyal
16227,4660,1,89.4608,5,5,4,554,Champion
17333,4442,2,89.4388,3,2,4,324,Potential Loyalist
17324,4390,2,89.4388,2,2,4,224,Needs Attention
12875,4344,1,89.4387,1,4,4,144,At Risk
15068,4565,1,89.4387,4,4,4,444,Champion
25264,4395,1,89.0299,2,3,4,234,At Risk
26832,4297,1,88.9194,1,4,4,144,At Risk
20601,4297,1,88.9194,1,4,4,144,At Risk
22511,4480,1,88.9194,3,4,4,344,Loyal
24886,4510,1,88.9194,4,5,4,454,Champion
20602,4590,1,88.9194,5,5,4,554,Champion
12008,4305,3,88.6763,1,1,4,114,Lost
19525,4322,2,88.6321,1,2,4,124,Needs Attention
22014,4317,2,88.621,1,2,4,124,Needs Attention
16168,4602,2,88.5216,5,1,4,514,Potential Loyalist
15612,4511,2,88.3669,4,1,4,414,Potential Loyalist
13642,4555,2,88.3669,4,2,4,424,Potential Loyalist
17757,4366,2,88.3669,1,2,4,124,Needs Attention
11370,4416,2,88.3669,2,2,4,224,Needs Attention
25869,4459,1,88.3669,3,3,4,334,Loyal
25877,4301,1,88.3669,1,4,4,144,At Risk
19062,4483,1,88.3448,3,4,4,344,Loyal
11125,4506,3,88.0576,4,1,4,414,Potential Loyalist
25211,4396,1,87.8144,2,3,4,234,At Risk
25216,4442,1,87.8144,3,2,4,324,Potential Loyalist
12319,4353,2,87.8144,1,2,4,124,Needs Attention
17530,4486,1,87.8144,3,4,4,344,Loyal
26424,4628,1,87.8144,5,5,4,554,Champion
24279,4313,1,87.8144,1,4,4,144,At Risk
18472,4321,1,87.8144,1,4,4,144,At Risk
26780,4415,1,87.8144,2,3,4,234,At Risk
13802,4637,1,87.8033,5,5,4,554,Champion
19100,4330,2,87.5824,1,2,4,124,Needs Attention
16190,4353,2,87.5713,1,2,4,124,Needs Attention
12336,4340,2,87.273,1,2,4,124,Needs Attention
14516,4496,2,87.273,3,1,4,314,Potential Loyalist
19397,4440,1,87.2729,3,2,4,324,Potential Loyalist
18517,4431,1,87.2729,3,3,4,334,Loyal
26968,4431,1,87.2729,3,3,4,334,Loyal
20332,4436,1,87.2729,3,3,4,334,Loyal
18825,4438,1,87.2729,3,3,4,334,Loyal
19754,4396,1,87.2729,2,3,4,234,At Risk
20112,4397,1,87.2729,2,3,4,234,At Risk
19741,4401,1,87.2729,2,3,4,234,At Risk
18918,4460,1,87.2729,3,3,4,334,Loyal
18872,4397,1,87.2729,2,3,4,234,At Risk
18688,4462,1,87.2729,3,3,4,334,Loyal
19528,4469,1,87.2729,3,3,4,334,Loyal
29323,4465,1,87.2729,3,3,4,334,Loyal
19756,4464,1,87.2729,3,3,4,334,Loyal
19818,4461,1,87.2729,3,3,4,334,Loyal
26156,4461,1,87.2729,3,3,4,334,Loyal
28996,4462,1,87.2729,3,3,4,334,Loyal
20360,4456,1,87.2729,3,3,4,334,Loyal
18787,4430,1,87.2729,3,3,4,334,Loyal
19649,4422,1,87.2729,2,3,4,234,At Risk
26756,4425,1,87.2729,2,3,4,234,At Risk
27738,4427,1,87.2729,3,3,4,334,Loyal
19637,4455,1,87.2729,3,3,4,334,Loyal
22002,4449,1,87.2729,3,3,4,334,Loyal
20754,4448,1,87.2729,3,3,4,334,Loyal
28810,4638,1,87.2729,5,5,4,554,Champion
28542,4641,1,87.2729,5,5,4,554,Champion
28498,4642,1,87.2729,5,5,4,554,Champion
27364,4630,1,87.2729,5,5,4,554,Champion
26765,4618,1,87.2729,5,5,4,554,Champion
21242,4619,1,87.2729,5,5,4,554,Champion
20739,4621,1,87.2729,5,5,4,554,Champion
19010,4643,1,87.2729,5,5,4,554,Champion
18966,4623,1,87.2729,5,5,4,554,Champion
28302,4625,1,87.2729,5,5,4,554,Champion
19758,4625,1,87.2729,5,5,4,554,Champion
20071,4628,1,87.2729,5,5,4,554,Champion
19152,4593,1,87.2729,5,5,4,554,Champion
19886,4588,1,87.2729,5,5,4,554,Champion
18520,4584,1,87.2729,4,5,4,454,Champion
20352,4584,1,87.2729,4,5,4,454,Champion
19019,4581,1,87.2729,4,5,4,454,Champion
20353,4581,1,87.2729,4,5,4,454,Champion
19219,4578,1,87.2729,4,5,4,454,Champion
20270,4578,1,87.2729,4,5,4,454,Champion
28668,4608,1,87.2729,5,5,4,554,Champion
19876,4508,1,87.2729,4,5,4,454,Champion
27148,4509,1,87.2729,4,5,4,454,Champion
14699,4503,1,87.2729,4,5,4,454,Champion
28359,4502,1,87.2729,4,5,4,454,Champion
20014,4603,1,87.2729,5,5,4,554,Champion
19684,4608,1,87.2729,5,5,4,554,Champion
20117,4605,1,87.2729,5,5,4,554,Champion
19881,4602,1,87.2729,5,5,4,554,Champion
27437,4598,1,87.2729,5,5,4,554,Champion
28986,4477,1,87.2729,3,4,4,344,Loyal
18981,4472,1,87.2729,3,4,4,344,Loyal
19720,4471,1,87.2729,3,4,4,344,Loyal
19654,4510,1,87.2729,4,5,4,454,Champion
19669,4515,1,87.2729,4,5,4,454,Champion
22169,4520,1,87.2729,4,5,4,454,Champion
18772,4518,1,87.2729,4,5,4,454,Champion
18820,4501,1,87.2729,4,5,4,454,Champion
26145,4502,1,87.2729,4,5,4,454,Champion
28021,4500,1,87.2729,3,5,4,354,Loyal
19011,4496,1,87.2729,3,5,4,354,Loyal
20128,4498,1,87.2729,3,5,4,354,Loyal
18689,4531,1,87.2729,4,4,4,444,Champion
18683,4532,1,87.2729,4,4,4,444,Champion
27384,4533,1,87.2729,4,4,4,444,Champion
20359,4532,1,87.2729,4,4,4,444,Champion
19732,4568,1,87.2729,4,4,4,444,Champion
19155,4565,1,87.2729,4,4,4,444,Champion
18678,4524,1,87.2729,4,4,4,444,Champion
27347,4525,1,87.2729,4,4,4,444,Champion
19861,4527,1,87.2729,4,4,4,444,Champion
26592,4544,1,87.2729,4,4,4,444,Champion
26665,4545,1,87.2729,4,4,4,444,Champion
20114,4539,1,87.2729,4,4,4,444,Champion
19707,4537,1,87.2729,4,4,4,444,Champion
21378,4492,1,87.2729,3,4,4,344,Loyal
18890,4492,1,87.2729,3,4,4,344,Loyal
19759,4541,1,87.2729,4,4,4,444,Champion
28992,4490,1,87.2729,3,4,4,344,Loyal
20355,4415,1,87.2729,2,3,4,234,At Risk
20020,4413,1,87.2729,2,3,4,234,At Risk
26149,4413,1,87.2729,2,3,4,234,At Risk
19685,4403,1,87.2729,2,3,4,234,At Risk
27378,4403,1,87.2729,2,3,4,234,At Risk
28743,4410,1,87.2729,2,3,4,234,At Risk
18575,4402,1,87.2729,2,3,4,234,At Risk
20342,4410,1,87.2729,2,3,4,234,At Risk
18913,4412,1,87.2729,2,3,4,234,At Risk
19799,4411,1,87.2729,2,3,4,234,At Risk
29012,4394,1,87.2729,2,3,4,234,At Risk
20743,4387,1,87.2729,2,3,4,234,At Risk
20325,4386,1,87.2729,2,3,4,234,At Risk
18585,4390,1,87.2729,2,3,4,234,At Risk
27519,4356,1,87.2729,1,3,4,134,At Risk
19810,4375,1,87.2729,2,3,4,234,At Risk
29197,4374,1,87.2729,2,3,4,234,At Risk
28608,4374,1,87.2729,2,3,4,234,At Risk
19731,4352,1,87.2729,1,3,4,134,At Risk
26766,4373,1,87.2729,2,3,4,234,At Risk
20027,4384,1,87.2729,2,3,4,234,At Risk
18576,4370,1,87.2729,2,3,4,234,At Risk
19009,4313,1,87.2729,1,4,4,144,At Risk
19711,4316,1,87.2729,1,4,4,144,At Risk
18945,4328,1,87.2729,1,4,4,144,At Risk
20017,4331,1,87.2729,1,4,4,144,At Risk
29104,4380,1,87.2729,2,3,4,234,At Risk
18940,4379,1,87.2729,2,3,4,234,At Risk
19239,4336,1,87.2729,1,4,4,144,At Risk
26446,4301,1,87.2729,1,4,4,144,At Risk
18952,4312,1,87.2729,1,4,4,144,At Risk
22063,4310,1,87.2729,1,4,4,144,At Risk
15111,4309,1,87.2729,1,4,4,144,At Risk
18797,4304,1,87.2729,1,4,4,144,At Risk
19887,4338,1,87.2729,1,4,4,144,At Risk
19835,4339,1,87.2729,1,4,4,144,At Risk
19664,4334,1,87.2729,1,4,4,144,At Risk
26147,4334,1,87.2729,1,4,4,144,At Risk
26441,4334,1,87.2729,1,4,4,144,At Risk
19230,4335,1,87.2729,1,4,4,144,At Risk
20364,4335,1,87.2729,1,4,4,144,At Risk
19136,4567,1,87.2729,4,4,4,444,Champion
27358,4573,1,87.2729,4,4,4,444,Champion
28514,4573,1,87.2729,4,4,4,444,Champion
20286,4576,1,87.2729,4,4,4,444,Champion
28725,4574,1,87.2729,4,4,4,444,Champion
27369,4550,1,87.2729,4,4,4,444,Champion
27520,4552,1,87.2729,4,4,4,444,Champion
18773,4551,1,87.2729,4,4,4,444,Champion
18833,4347,1,87.2729,1,4,4,144,At Risk
20356,4341,1,87.2729,1,4,4,144,At Risk
18659,4559,1,87.2729,4,4,4,444,Champion
21241,4560,1,87.2729,4,4,4,444,Champion
18599,4560,1,87.2729,4,4,4,444,Champion
18889,4658,1,87.2729,5,5,4,554,Champion
17993,4656,1,87.2729,5,5,4,554,Champion
19713,4658,1,87.2729,5,5,4,554,Champion
26141,4652,1,87.2729,5,5,4,554,Champion
18757,4651,1,87.2729,5,5,4,554,Champion
27441,4653,1,87.2729,5,5,4,554,Champion
18835,4661,1,87.2729,5,5,4,554,Champion
28101,4649,1,87.2729,5,5,4,554,Champion
28636,4330,1,87.2619,1,4,4,144,At Risk
19915,4308,1,87.2619,1,4,4,144,At Risk
25326,4503,1,87.2619,4,5,4,454,Champion
11138,4325,2,87.2619,1,2,4,124,Needs Attention
17073,4410,2,87.2619,2,2,4,224,Needs Attention
14233,4483,2,87.2619,3,1,4,314,Potential Loyalist
13539,4388,2,87.2509,2,2,4,224,Needs Attention
15024,4386,2,87.2509,2,2,4,224,Needs Attention
15263,4299,2,87.2509,1,2,4,124,Needs Attention
17311,4307,2,87.2509,1,2,4,124,Needs Attention
17314,4343,2,87.2509,1,2,4,124,Needs Attention
15253,4369,2,87.2509,2,2,4,224,Needs Attention
15039,4426,2,87.2509,3,2,4,324,Potential Loyalist
22825,4441,1,87.2508,3,2,4,324,Potential Loyalist
17883,4452,1,87.2508,3,3,4,334,Loyal
21536,4429,1,87.2508,3,3,4,334,Loyal
20572,4459,1,87.2508,3,3,4,334,Loyal
23620,4459,1,87.2508,3,3,4,334,Loyal
23517,4397,1,87.2508,2,3,4,234,At Risk
19836,4390,2,87.2508,2,2,4,224,Needs Attention
20871,4600,1,87.2508,5,5,4,554,Champion
22215,4586,1,87.2508,5,5,4,554,Champion
17850,4643,1,87.2508,5,5,4,554,Champion
22970,4644,1,87.2508,5,5,4,554,Champion
22023,4611,1,87.2508,5,5,4,554,Champion
20908,4537,1,87.2508,4,4,4,444,Champion
17703,4539,1,87.2508,4,4,4,444,Champion
15636,4528,1,87.2508,4,4,4,444,Champion
19514,4486,1,87.2508,3,4,4,344,Loyal
19356,4329,1,87.2508,1,4,4,144,At Risk
22979,4380,1,87.2508,2,3,4,234,At Risk
20169,4300,1,87.2508,1,4,4,144,At Risk
20137,4350,1,87.2508,1,3,4,134,At Risk
23877,4357,1,87.2508,1,3,4,134,At Risk
21116,4389,1,87.2508,2,3,4,234,At Risk
20900,4421,1,87.2508,2,3,4,234,At Risk
23625,4400,1,87.2508,2,3,4,234,At Risk
20881,4413,1,87.2508,2,3,4,234,At Risk
21762,4659,1,87.2508,5,5,4,554,Champion
17709,4387,2,87.2398,2,2,4,224,Needs Attention
15701,4412,2,87.1403,2,2,4,224,Needs Attention
13589,4458,1,86.7204,3,3,4,334,Loyal
21473,4431,1,86.7204,3,3,4,334,Loyal
20414,4406,1,86.7204,2,3,4,234,At Risk
11376,4402,1,86.7204,2,3,4,234,At Risk
20397,4401,1,86.7204,2,3,4,234,At Risk
21420,4387,1,86.7204,2,3,4,234,At Risk
13587,4389,1,86.7204,2,3,4,234,At Risk
29421,4354,1,86.7204,1,3,4,134,At Risk
21753,4570,1,86.7204,4,4,4,444,Champion
26367,4516,1,86.7204,4,5,4,454,Champion
21765,4531,1,86.7204,4,4,4,444,Champion
20689,4538,1,86.7204,4,4,4,444,Champion
21299,4628,1,86.7204,5,5,4,554,Champion
11440,4604,1,86.7204,5,5,4,554,Champion
21270,4503,1,86.7204,4,5,4,454,Champion
12716,4647,1,86.7204,5,5,4,554,Champion
19085,4468,2,86.4774,3,2,4,324,Potential Loyalist
19092,4370,2,86.4774,2,2,4,224,Needs Attention
18294,4369,2,86.4774,2,2,4,224,Needs Attention
19086,4302,2,86.4774,1,2,4,124,Needs Attention
18745,4347,2,86.4774,1,2,4,124,Needs Attention
16184,4383,2,86.411,2,2,4,224,Needs Attention
16694,4420,2,86.411,2,2,4,224,Needs Attention
12320,4391,2,86.1459,2,2,4,224,Needs Attention
12664,4408,2,86.1459,2,2,4,224,Needs Attention
12626,4369,2,86.1459,2,2,4,224,Needs Attention
12596,4315,2,86.1459,1,2,4,124,Needs Attention
13582,4450,2,86.1459,3,2,4,324,Potential Loyalist
27113,4437,1,86.1458,3,3,4,334,Loyal
21628,4442,1,86.1458,3,2,4,324,Potential Loyalist
27408,4444,1,86.1458,3,2,4,324,Potential Loyalist
25808,4428,1,86.1458,3,3,4,334,Loyal
23749,4428,1,86.1458,3,3,4,334,Loyal
29434,4597,1,86.1458,5,5,4,554,Champion
21802,4599,1,86.1458,5,5,4,554,Champion
26909,4630,1,86.1458,5,5,4,554,Champion
22625,4634,1,86.1458,5,5,4,554,Champion
26841,4614,1,86.1458,5,5,4,554,Champion
27194,4568,1,86.1458,4,4,4,444,Champion
20729,4519,1,86.1458,4,5,4,454,Champion
20759,4519,1,86.1458,4,5,4,454,Champion
26839,4552,1,86.1458,4,4,4,444,Champion
20704,4416,1,86.1458,2,3,4,234,At Risk
24076,4409,1,86.1458,2,3,4,234,At Risk
20697,4345,1,86.1016,1,4,4,144,At Risk
21142,4334,1,86.1016,1,4,4,144,At Risk
23261,4499,1,86.1016,3,5,4,354,Loyal
21701,4531,1,86.1016,4,4,4,444,Champion
21780,4594,1,86.1016,5,5,4,554,Champion
21236,4453,1,86.1016,3,3,4,334,Loyal
17706,4326,2,86.0906,1,2,4,124,Needs Attention
11656,4313,2,85.3834,1,2,4,124,Needs Attention
11228,4308,2,85.3834,1,2,4,124,Needs Attention
11633,4311,2,85.3834,1,2,4,124,Needs Attention
11636,4307,2,85.3834,1,2,4,124,Needs Attention
11794,4297,2,85.3834,1,2,4,124,Needs Attention
18172,4300,2,85.3834,1,2,4,124,Needs Attention
14321,4300,2,85.3834,1,2,4,124,Needs Attention
13969,4345,2,85.3834,1,2,4,124,Needs Attention
11310,4332,2,85.3834,1,2,4,124,Needs Attention
11883,4372,2,85.3834,2,2,4,224,Needs Attention
17228,4381,2,85.3834,2,2,4,224,Needs Attention
11746,4377,2,85.3834,2,2,4,224,Needs Attention
13972,4331,2,85.3834,1,2,4,124,Needs Attention
12587,4331,2,85.3834,1,2,4,124,Needs Attention
11204,4376,2,85.3834,2,2,4,224,Needs Attention
11770,4396,2,85.3834,2,2,4,224,Needs Attention
11638,4398,2,85.3834,2,2,4,224,Needs Attention
11207,4399,2,85.3834,2,2,4,224,Needs Attention
14068,4459,2,85.3834,3,2,4,324,Potential Loyalist
11800,4465,2,85.3834,3,2,4,324,Potential Loyalist
11366,4463,2,85.3834,3,2,4,324,Potential Loyalist
16602,4444,2,85.3834,3,2,4,324,Potential Loyalist
11288,4457,2,85.3834,3,2,4,324,Potential Loyalist
17075,4456,2,85.3834,3,2,4,324,Potential Loyalist
11362,4423,2,85.3834,2,2,4,224,Needs Attention
11311,4434,2,85.3834,3,2,4,324,Potential Loyalist
11213,4438,2,85.3834,3,2,4,324,Potential Loyalist
14232,4558,2,85.3834,4,2,4,424,Potential Loyalist
15128,4560,2,85.3834,4,2,4,424,Potential Loyalist
11508,4556,2,85.3834,4,2,4,424,Potential Loyalist
12247,4567,2,85.3834,4,2,4,424,Potential Loyalist
11737,4492,2,85.3834,3,1,4,314,Potential Loyalist
11206,4540,2,85.3834,4,1,4,414,Potential Loyalist
15441,4537,2,85.3834,4,1,4,414,Potential Loyalist
17186,4505,2,85.3834,4,1,4,414,Potential Loyalist
11305,4474,2,85.3834,3,1,4,314,Potential Loyalist
11280,4470,2,85.3834,3,1,4,314,Potential Loyalist
19870,4349,2,85.3613,1,2,4,124,Needs Attention
19750,4401,2,85.3613,2,2,4,224,Needs Attention
13030,4438,1,85.0519,3,3,4,334,Loyal
18151,4608,1,85.0519,5,5,4,554,Champion
13313,4618,1,85.0519,5,5,4,554,Champion
12948,4645,1,85.0519,5,5,4,554,Champion
13053,4624,1,85.0519,5,5,4,554,Champion
18152,4633,1,85.0519,5,5,4,554,Champion
18150,4638,1,85.0519,5,5,4,554,Champion
22018,4527,1,85.0519,4,4,4,444,Champion
20517,4519,1,85.0519,4,5,4,454,Champion
13874,4485,1,85.0519,3,4,4,344,Loyal
14111,4478,1,85.0519,3,4,4,344,Loyal
13929,4298,1,85.0519,1,4,4,144,At Risk
12792,4319,1,85.0519,1,4,4,144,At Risk
21464,4365,1,85.0519,1,3,4,134,At Risk
13372,4655,1,85.0519,5,5,4,554,Champion
22771,4317,1,85.0408,1,4,4,144,At Risk
25733,4478,1,85.0408,3,4,4,344,Loyal
26076,4518,1,85.0408,4,4,4,444,Champion
14396,4492,1,85.0408,3,4,4,344,Loyal
17485,4611,1,85.0408,5,5,4,554,Champion
15470,4463,1,85.0408,3,3,4,334,Loyal
16050,4400,2,85.0187,2,2,4,224,Needs Attention
15736,4379,1,85.0187,2,3,4,234,At Risk
16285,4309,1,85.0187,1,4,4,144,At Risk
20085,4458,2,84.8199,3,2,4,324,Potential Loyalist
11763,4374,3,84.6984,2,1,4,214,Needs Attention
15690,4313,2,84.6099,1,2,4,124,Needs Attention
11234,4428,2,84.2784,3,2,4,324,Potential Loyalist
16674,4449,2,84.1458,3,2,4,324,Potential Loyalist
16695,4387,2,84.1458,2,2,4,224,Needs Attention
16618,4355,2,84.1458,1,2,4,124,Needs Attention
23528,4431,1,83.9469,3,3,4,334,Loyal
21904,4441,1,83.9469,3,3,4,334,Loyal
13479,4455,1,83.9469,3,3,4,334,Loyal
21981,4376,1,83.9469,2,3,4,234,At Risk
13054,4344,1,83.9469,1,4,4,144,At Risk
12845,4548,1,83.9469,4,4,4,444,Champion
13465,4365,1,83.9469,1,3,4,134,At Risk
12822,4360,1,83.9469,1,3,4,134,At Risk
18138,4350,1,83.9469,1,3,4,134,At Risk
13445,4372,1,83.9469,2,3,4,234,At Risk
13699,4402,1,83.9469,2,3,4,234,At Risk
15824,4615,1,83.9469,5,5,4,554,Champion
22947,4628,1,83.9469,5,5,4,554,Champion
14828,4586,1,83.9469,5,5,4,554,Champion
13476,4522,1,83.9469,4,4,4,444,Champion
12937,4474,1,83.9469,3,4,4,344,Loyal
19662,4484,1,83.9469,3,4,4,344,Loyal
14373,4518,1,83.9469,4,5,4,454,Champion
16800,4320,3,83.8033,1,1,4,114,Lost
14172,4429,2,83.6928,3,2,4,324,Potential Loyalist
16611,4358,2,83.4607,1,2,4,124,Needs Attention
12294,4462,2,83.4055,3,2,4,324,Potential Loyalist
26879,4401,1,83.4054,2,3,4,234,At Risk
25772,4473,1,83.4054,3,4,4,344,Loyal
28055,4523,1,83.4054,4,4,4,444,Champion
25300,4533,1,83.4054,4,4,4,444,Champion
24862,4530,1,83.4054,4,4,4,444,Champion
27751,4541,1,83.4054,4,4,4,444,Champion
22424,4593,1,83.4054,5,5,4,554,Champion
22527,4611,1,83.4054,5,5,4,554,Champion
24861,4389,1,83.4054,2,3,4,234,At Risk
25792,4347,1,83.4054,1,4,4,144,At Risk
20255,4649,1,83.4054,5,5,4,554,Champion
27659,4662,1,83.4054,5,5,4,554,Champion
27395,4414,1,83.3944,2,3,4,234,At Risk
18451,4365,1,83.3944,1,3,4,134,At Risk
28032,4638,1,83.3944,5,5,4,554,Champion
24455,4585,1,83.3944,5,5,4,554,Champion
25768,4582,1,83.3944,4,5,4,454,Champion
27858,4489,1,83.3944,3,4,4,344,Loyal
27652,4473,1,83.3944,3,4,4,344,Loyal
26998,4459,1,83.3944,3,3,4,334,Loyal
12540,4460,2,83.3944,3,2,4,324,Potential Loyalist
12551,4308,2,83.3944,1,2,4,124,Needs Attention
12376,4535,2,83.3944,4,2,4,424,Potential Loyalist
12392,4616,2,83.3944,5,1,4,514,Potential Loyalist
17087,4482,2,83.1071,3,1,4,314,Potential Loyalist
11960,4481,2,82.853,3,1,4,314,Potential Loyalist
14228,4317,2,82.853,1,2,4,124,Needs Attention
14229,4380,2,82.853,2,2,4,224,Needs Attention
11371,4328,2,82.853,1,2,4,124,Needs Attention
15075,4369,2,82.853,2,2,4,224,Needs Attention
11978,4373,2,82.853,2,2,4,224,Needs Attention
14072,4460,2,82.853,3,2,4,324,Potential Loyalist
17301,4358,2,82.853,1,2,4,124,Needs Attention
11795,4361,2,82.853,1,2,4,124,Needs Attention
11785,4447,2,82.853,3,2,4,324,Potential Loyalist
14549,4462,1,82.8529,3,3,4,334,Loyal
21554,4453,1,82.8529,3,3,4,334,Loyal
19470,4446,1,82.8529,3,3,4,334,Loyal
21184,4451,1,82.8529,3,3,4,334,Loyal
12019,4422,1,82.8529,2,3,4,234,At Risk
21204,4425,1,82.8529,2,3,4,234,At Risk
17205,4377,2,82.8529,2,2,4,224,Needs Attention
16577,4476,1,82.8529,3,4,4,344,Loyal
12569,4488,1,82.8529,3,4,4,344,Loyal
20801,4519,1,82.8529,4,5,4,454,Champion
21405,4512,1,82.8529,4,5,4,454,Champion
28303,4491,1,82.8529,3,4,4,344,Loyal
28977,4540,1,82.8529,4,4,4,444,Champion
12758,4544,1,82.8529,4,4,4,444,Champion
21896,4533,1,82.8529,4,4,4,444,Champion
19191,4531,1,82.8529,4,4,4,444,Champion
22209,4567,1,82.8529,4,4,4,444,Champion
28632,4566,1,82.8529,4,4,4,444,Champion
22001,4566,1,82.8529,4,4,4,444,Champion
13147,4533,1,82.8529,4,4,4,444,Champion
27146,4534,1,82.8529,4,4,4,444,Champion
21977,4528,1,82.8529,4,4,4,444,Champion
18896,4581,1,82.8529,4,5,4,454,Champion
12433,4601,1,82.8529,5,5,4,554,Champion
21220,4601,1,82.8529,5,5,4,554,Champion
17081,4502,1,82.8529,4,5,4,454,Champion
21212,4638,1,82.8529,5,5,4,554,Champion
13813,4628,1,82.8529,5,5,4,554,Champion
14688,4636,1,82.8529,5,5,4,554,Champion
15708,4636,1,82.8529,5,5,4,554,Champion
13764,4614,1,82.8529,5,5,4,554,Champion
20559,4616,1,82.8529,5,5,4,554,Champion
21406,4613,1,82.8529,5,5,4,554,Champion
16592,4617,1,82.8529,5,5,4,554,Champion
12421,4619,1,82.8529,5,5,4,554,Champion
21993,4623,1,82.8529,5,5,4,554,Champion
18898,4623,1,82.8529,5,5,4,554,Champion
12434,4366,1,82.8529,1,3,4,134,At Risk
12415,4364,1,82.8529,1,3,4,134,At Risk
21898,4384,1,82.8529,2,3,4,234,At Risk
20619,4381,1,82.8529,2,3,4,234,At Risk
16578,4381,1,82.8529,2,3,4,234,At Risk
13681,4416,1,82.8529,2,3,4,234,At Risk
21170,4407,1,82.8529,2,3,4,234,At Risk
21884,4411,1,82.8529,2,3,4,234,At Risk
13168,4421,1,82.8529,2,3,4,234,At Risk
12428,4391,1,82.8529,2,3,4,234,At Risk
12407,4391,1,82.8529,2,3,4,234,At Risk
13723,4385,1,82.8529,2,3,4,234,At Risk
20630,4385,1,82.8529,2,3,4,234,At Risk
19672,4395,1,82.8529,2,3,4,234,At Risk
27685,4343,1,82.8529,1,4,4,144,At Risk
21564,4560,1,82.8529,4,4,4,444,Champion
26785,4553,1,82.8529,4,4,4,444,Champion
13717,4553,1,82.8529,4,4,4,444,Champion
13703,4564,1,82.8529,4,4,4,444,Champion
29036,4325,1,82.8529,1,4,4,144,At Risk
27686,4297,1,82.8529,1,4,4,144,At Risk
15703,4662,1,82.8529,5,5,4,554,Champion
22846,4660,1,82.8529,5,5,4,554,Champion
12306,4531,2,82.8419,4,2,4,424,Potential Loyalist
21372,4457,1,82.8308,3,3,4,334,Loyal
17522,4376,2,82.8198,2,2,4,224,Needs Attention
19570,4437,2,82.8088,3,2,4,324,Potential Loyalist
12034,4305,3,82.3668,1,1,4,114,Lost
12715,4475,3,82.3668,3,1,4,314,Potential Loyalist
12665,4420,3,82.3668,2,1,4,214,Needs Attention
12393,4420,1,82.3004,2,3,4,234,At Risk
21154,4351,1,82.2783,1,3,4,134,At Risk
21757,4302,1,82.2783,1,4,4,144,At Risk
20778,4329,1,82.2783,1,4,4,144,At Risk
22073,4547,1,82.2783,4,4,4,444,Champion
20433,4348,1,82.2783,1,4,4,144,At Risk
21159,4639,1,82.2783,5,5,4,554,Champion
20513,4602,1,82.2783,5,5,4,554,Champion
25012,4587,1,82.2783,5,5,4,554,Champion
21790,4530,1,82.2783,4,4,4,444,Champion
20515,4519,1,82.2783,4,5,4,454,Champion
21430,4433,1,82.2783,3,3,4,334,Loyal
23256,4427,1,82.2783,3,3,4,334,Loyal
20222,4338,2,82.2673,1,2,4,124,Needs Attention
19954,4524,2,82.2673,4,2,4,424,Potential Loyalist
19630,4545,2,82.2673,4,2,4,424,Potential Loyalist
23732,4595,1,82.2673,5,5,4,554,Champion
18293,4659,2,82.0353,5,1,4,514,Potential Loyalist
15859,4411,3,81.9248,2,1,4,214,Needs Attention
11202,4426,2,81.7479,3,2,4,324,Potential Loyalist
12659,4584,1,81.7369,4,5,4,454,Champion
22345,4642,1,81.7369,5,5,4,554,Champion
20471,4354,1,81.7369,1,3,4,134,At Risk
12012,4466,3,81.7259,3,1,4,314,Potential Loyalist
15240,4345,2,81.7259,1,2,4,124,Needs Attention
17961,4382,1,81.7258,2,3,4,234,At Risk
17636,4413,1,81.7258,2,3,4,234,At Risk
23327,4414,1,81.7258,2,3,4,234,At Risk
28347,4558,1,81.7258,4,4,4,444,Champion
22071,4563,1,81.7258,4,4,4,444,Champion
22341,4298,1,81.7258,1,4,4,144,At Risk
29339,4333,1,81.7258,1,4,4,144,At Risk
25253,4612,1,81.7258,5,5,4,554,Champion
22734,4635,1,81.7258,5,5,4,554,Champion
21635,4518,1,81.7258,4,5,4,454,Champion
17804,4512,1,81.7258,4,5,4,454,Champion
17837,4483,1,81.7258,3,4,4,344,Loyal
29118,4473,1,81.7258,3,4,4,344,Loyal
20457,4542,1,81.7258,4,4,4,444,Champion
12848,4541,1,81.7258,4,4,4,444,Champion
17991,4485,1,81.7258,3,4,4,344,Loyal
20696,4655,1,81.7258,5,5,4,554,Champion
16621,4435,2,81.6154,3,2,4,324,Potential Loyalist
12476,4393,2,81.5159,2,2,4,224,Needs Attention
16030,4305,2,81.2618,1,2,4,124,Needs Attention
11225,4441,2,80.9413,3,2,4,324,Potential Loyalist
16487,4492,2,80.9303,3,1,4,314,Potential Loyalist
13201,4350,3,80.8419,1,1,4,114,Lost
15019,4453,2,80.6209,3,2,4,324,Potential Loyalist
14854,4455,2,80.6209,3,2,4,324,Potential Loyalist
21547,4448,1,80.6208,3,3,4,334,Loyal
16301,4615,1,80.6208,5,5,4,554,Champion
27850,4604,1,80.6208,5,5,4,554,Champion
16257,4310,1,80.6208,1,4,4,144,At Risk
19937,4321,1,80.6208,1,4,4,144,At Risk
17106,4414,1,80.6208,2,3,4,234,At Risk
21870,4372,1,80.6208,2,3,4,234,At Risk
20510,4314,1,80.5877,1,4,4,144,At Risk
20772,4308,1,80.5877,1,4,4,144,At Risk
21163,4297,1,80.5877,1,4,4,144,At Risk
12168,4455,2,80.5325,3,2,4,324,Potential Loyalist
14530,4372,2,80.5104,2,2,4,224,Needs Attention
15686,4371,2,80.2009,2,2,4,224,Needs Attention
11859,4355,2,79.8695,1,2,4,124,Needs Attention
11961,4409,2,79.8695,2,2,4,224,Needs Attention
11744,4451,2,79.8695,3,2,4,324,Potential Loyalist
11789,4572,2,79.8695,4,2,4,424,Potential Loyalist
18266,4459,2,79.8474,3,2,4,324,Potential Loyalist
17776,4512,2,79.8363,4,1,4,414,Potential Loyalist
11320,4459,2,79.7921,3,2,4,324,Potential Loyalist
11874,4307,2,79.7921,1,2,4,124,Needs Attention
16179,4365,2,79.7369,1,2,4,124,Needs Attention
18287,4612,2,79.7369,5,1,4,514,Potential Loyalist
14273,4441,1,79.5269,3,2,4,324,Potential Loyalist
13863,4439,1,79.5269,3,3,4,334,Loyal
12744,4449,1,79.5269,3,3,4,334,Loyal
13881,4451,1,79.5269,3,3,4,334,Loyal
12528,4450,1,79.5269,3,3,4,334,Loyal
13739,4454,1,79.5269,3,3,4,334,Loyal
20300,4422,1,79.5269,2,3,4,234,At Risk
12905,4464,1,79.5269,3,3,4,334,Loyal
12909,4399,1,79.5269,2,3,4,234,At Risk
13469,4309,1,79.5269,1,4,4,144,At Risk
13295,4302,1,79.5269,1,4,4,144,At Risk
13306,4340,1,79.5269,1,4,4,144,At Risk
12890,4320,1,79.5269,1,4,4,144,At Risk
14251,4380,1,79.5269,2,3,4,234,At Risk
13098,4562,1,79.5269,4,4,4,444,Champion
13914,4574,1,79.5269,4,4,4,444,Champion
15049,4360,1,79.5269,1,3,4,134,At Risk
13335,4356,1,79.5269,1,3,4,134,At Risk
13375,4353,1,79.5269,1,3,4,134,At Risk
13368,4391,1,79.5269,2,3,4,234,At Risk
14711,4604,1,79.5269,5,5,4,554,Champion
12796,4596,1,79.5269,5,5,4,554,Champion
13193,4503,1,79.5269,4,5,4,454,Champion
22949,4582,1,79.5269,4,5,4,454,Champion
13748,4580,1,79.5269,4,5,4,454,Champion
13166,4609,1,79.5269,5,5,4,554,Champion
13227,4586,1,79.5269,5,5,4,554,Champion
14243,4594,1,79.5269,5,5,4,554,Champion
13195,4591,1,79.5269,5,5,4,554,Champion
14166,4645,1,79.5269,5,5,4,554,Champion
12977,4625,1,79.5269,5,5,4,554,Champion
13363,4631,1,79.5269,5,5,4,554,Champion
14246,4629,1,79.5269,5,5,4,554,Champion
14872,4543,1,79.5269,4,4,4,444,Champion
13750,4531,1,79.5269,4,4,4,444,Champion
14076,4567,1,79.5269,4,4,4,444,Champion
13305,4566,1,79.5269,4,4,4,444,Champion
22107,4527,1,79.5269,4,4,4,444,Champion
13347,4534,1,79.5269,4,4,4,444,Champion
13371,4472,1,79.5269,3,4,4,344,Loyal
13381,4485,1,79.5269,3,4,4,344,Loyal
14152,4484,1,79.5269,3,4,4,344,Loyal
14376,4479,1,79.5269,3,4,4,344,Loyal
13880,4502,1,79.5269,4,5,4,454,Champion
18145,4649,1,79.5269,5,5,4,554,Champion
19826,4648,1,79.5269,5,5,4,554,Champion
20492,4659,1,79.5269,5,5,4,554,Champion
15820,4657,1,79.5269,5,5,4,554,Champion
20631,4510,1,79.5158,4,5,4,454,Champion
11133,4326,1,79.5158,1,4,4,144,At Risk
13321,4326,1,79.5048,1,4,4,144,At Risk
20330,4325,1,79.5048,1,4,4,144,At Risk
17210,4313,1,79.5048,1,4,4,144,At Risk
14168,4300,1,79.5048,1,4,4,144,At Risk
14136,4547,1,79.5048,4,4,4,444,Champion
19693,4550,1,79.5048,4,4,4,444,Champion
22714,4514,1,79.5048,4,5,4,454,Champion
13334,4478,1,79.5048,3,4,4,344,Loyal
15069,4628,1,79.5048,5,5,4,554,Champion
12454,4592,1,79.5048,5,5,4,554,Champion
19047,4595,1,79.5048,5,5,4,554,Champion
13373,4600,1,79.5048,5,5,4,554,Champion
13215,4466,1,79.5048,3,3,4,334,Loyal
21745,4468,1,79.5048,3,3,4,334,Loyal
13858,4468,1,79.5048,3,3,4,334,Loyal
14350,4429,1,79.5048,3,3,4,334,Loyal
14339,4647,1,79.5048,5,5,4,554,Champion
22142,4604,1,79.4937,5,5,4,554,Champion
22742,4627,1,79.4937,5,5,4,554,Champion
22161,4336,1,79.4937,1,4,4,144,At Risk
22807,4313,1,79.4937,1,4,4,144,At Risk
15224,4361,2,79.4717,1,2,4,124,Needs Attention
25179,4422,1,79.0959,2,3,4,234,At Risk
25159,4423,1,79.0959,2,3,4,234,At Risk
25373,4424,1,79.0959,2,3,4,234,At Risk
24439,4447,1,79.0959,3,3,4,334,Loyal
24426,4396,1,79.0959,2,3,4,234,At Risk
25158,4443,1,79.0959,3,2,4,324,Potential Loyalist
24726,4445,1,79.0959,3,2,4,324,Potential Loyalist
24727,4328,1,79.0959,1,4,4,144,At Risk
24409,4335,1,79.0959,1,4,4,144,At Risk
25067,4333,1,79.0959,1,4,4,144,At Risk
24237,4341,1,79.0959,1,4,4,144,At Risk
24635,4300,1,79.0959,1,4,4,144,At Risk
24672,4298,1,79.0959,1,4,4,144,At Risk
28385,4336,1,79.0959,1,4,4,144,At Risk
24515,4336,1,79.0959,1,4,4,144,At Risk
25187,4304,1,79.0959,1,4,4,144,At Risk
14179,4311,1,79.0959,1,4,4,144,At Risk
24419,4573,1,79.0959,4,4,4,444,Champion
24318,4575,1,79.0959,4,4,4,444,Champion
25424,4388,1,79.0959,2,3,4,234,At Risk
27889,4392,1,79.0959,2,3,4,234,At Risk
25274,4415,1,79.0959,2,3,4,234,At Risk
13608,4405,1,79.0959,2,3,4,234,At Risk
24264,4404,1,79.0959,2,3,4,234,At Risk
24288,4411,1,79.0959,2,3,4,234,At Risk
23800,4411,1,79.0959,2,3,4,234,At Risk
24448,4412,1,79.0959,2,3,4,234,At Risk
24954,4410,1,79.0959,2,3,4,234,At Risk
12851,4360,1,79.0959,1,3,4,134,At Risk
24943,4360,1,79.0959,1,3,4,134,At Risk
12818,4359,1,79.0959,1,3,4,134,At Risk
24407,4373,1,79.0959,2,3,4,234,At Risk
25167,4366,1,79.0959,1,3,4,134,At Risk
24679,4369,1,79.0959,2,3,4,234,At Risk
25431,4383,1,79.0959,2,3,4,234,At Risk
25899,4620,1,79.0959,5,5,4,554,Champion
23795,4612,1,79.0959,5,5,4,554,Champion
25102,4640,1,79.0959,5,5,4,554,Champion
25261,4606,1,79.0959,5,5,4,554,Champion
25065,4601,1,79.0959,5,5,4,554,Champion
23787,4606,1,79.0959,5,5,4,554,Champion
23791,4509,1,79.0959,4,5,4,454,Champion
24813,4587,1,79.0959,5,5,4,554,Champion
23804,4607,1,79.0959,5,5,4,554,Champion
24411,4609,1,79.0959,5,5,4,554,Champion
25441,4582,1,79.0959,4,5,4,454,Champion
24766,4484,1,79.0959,3,4,4,344,Loyal
24616,4470,1,79.0959,3,4,4,344,Loyal
24965,4517,1,79.0959,4,4,4,444,Champion
25374,4510,1,79.0959,4,5,4,454,Champion
25069,4515,1,79.0959,4,5,4,454,Champion
25422,4517,1,79.0959,4,5,4,454,Champion
24961,4505,1,79.0959,4,5,4,454,Champion
24261,4497,1,79.0959,3,5,4,354,Loyal
28398,4500,1,79.0959,3,5,4,354,Loyal
24651,4533,1,79.0959,4,4,4,444,Champion
25764,4525,1,79.0959,4,4,4,444,Champion
24500,4527,1,79.0959,4,4,4,444,Champion
24350,4567,1,79.0959,4,4,4,444,Champion
24736,4539,1,79.0959,4,4,4,444,Champion
24973,4535,1,79.0959,4,4,4,444,Champion
24932,4541,1,79.0959,4,4,4,444,Champion
24952,4646,1,79.0959,5,5,4,554,Champion
28402,4647,1,79.0959,5,5,4,554,Champion
24777,4647,1,79.0959,5,5,4,554,Champion
24497,4655,1,79.0959,5,5,4,554,Champion
23729,4656,1,79.0959,5,5,4,554,Champion
25439,4658,1,79.0959,5,5,4,554,Champion
14204,4662,1,79.0959,5,5,4,554,Champion
16626,4550,2,79.0849,4,2,4,424,Potential Loyalist
12519,4313,2,78.9855,1,2,4,124,Needs Attention
20096,4337,2,78.9633,1,2,4,124,Needs Attention
14988,4325,2,78.7534,1,2,4,124,Needs Attention
14983,4370,2,78.7534,2,2,4,224,Needs Attention
14981,4547,2,78.7534,4,2,4,424,Potential Loyalist
13640,4380,2,78.7313,2,2,4,224,Needs Attention
16614,4369,2,78.6318,2,2,4,224,Needs Attention
15811,4492,2,78.6318,3,1,4,314,Potential Loyalist
22855,4358,1,78.4108,1,3,4,134,At Risk
14954,4490,1,78.3998,3,4,4,344,Loyal
16919,4334,2,78.3998,1,2,4,124,Needs Attention
11210,4441,2,78.1898,3,2,4,324,Potential Loyalist
15261,4481,2,78.1678,3,1,4,314,Potential Loyalist
13776,4615,2,77.9799,5,1,4,514,Potential Loyalist
15807,4343,2,77.9799,1,2,4,124,Needs Attention
11434,4494,2,77.8584,3,1,4,314,Potential Loyalist
16175,4299,2,77.6263,1,2,4,124,Needs Attention
15615,4328,2,77.6152,1,2,4,124,Needs Attention
15720,4361,2,77.5932,1,2,4,124,Needs Attention
14086,4305,2,77.5158,1,2,4,124,Needs Attention
11940,4331,2,77.339,1,2,4,124,Needs Attention
11860,4374,2,77.339,2,2,4,224,Needs Attention
11949,4423,2,77.339,2,2,4,224,Needs Attention
13531,4442,1,77.339,3,2,4,324,Potential Loyalist
19877,4444,1,77.339,3,2,4,324,Potential Loyalist
26137,4441,1,77.339,3,2,4,324,Potential Loyalist
19007,4443,1,77.339,3,2,4,324,Potential Loyalist
22155,4440,1,77.339,3,2,4,324,Potential Loyalist
28575,4439,1,77.339,3,3,4,334,Loyal
20293,4432,1,77.339,3,3,4,334,Loyal
27357,4431,1,77.339,3,3,4,334,Loyal
26428,4431,1,77.339,3,3,4,334,Loyal
20185,4431,1,77.339,3,3,4,334,Loyal
26159,4433,1,77.339,3,3,4,334,Loyal
19166,4434,1,77.339,3,3,4,334,Loyal
18938,4399,1,77.339,2,3,4,234,At Risk
26590,4400,1,77.339,2,3,4,234,At Risk
18587,4400,1,77.339,2,3,4,234,At Risk
20008,4400,1,77.339,2,3,4,234,At Risk
12743,4400,1,77.339,2,3,4,234,At Risk
19811,4459,1,77.339,3,3,4,334,Loyal
18847,4459,1,77.339,3,3,4,334,Loyal
28496,4468,1,77.339,3,3,4,334,Loyal
21237,4466,1,77.339,3,3,4,334,Loyal
26741,4466,1,77.339,3,3,4,334,Loyal
18946,4466,1,77.339,3,3,4,334,Loyal
19686,4465,1,77.339,3,3,4,334,Loyal
18997,4447,1,77.339,3,3,4,334,Loyal
26425,4448,1,77.339,3,3,4,334,Loyal
26430,4425,1,77.339,2,3,4,234,At Risk
20335,4424,1,77.339,2,3,4,234,At Risk
20010,4424,1,77.339,2,3,4,234,At Risk
18815,4427,1,77.339,3,3,4,334,Loyal
27724,4421,1,77.339,2,3,4,234,At Risk
19634,4428,1,77.339,3,3,4,334,Loyal
27361,4428,1,77.339,3,3,4,334,Loyal
19996,4430,1,77.339,3,3,4,334,Loyal
15096,4429,1,77.339,3,3,4,334,Loyal
19134,4454,1,77.339,3,3,4,334,Loyal
19871,4453,1,77.339,3,3,4,334,Loyal
20289,4456,1,77.339,3,3,4,334,Loyal
22147,4454,1,77.339,3,3,4,334,Loyal
19663,4453,1,77.339,3,3,4,334,Loyal
11871,4541,2,77.339,4,1,4,414,Potential Loyalist
11836,4578,2,77.339,4,1,4,414,Potential Loyalist
18764,4489,1,77.339,3,4,4,344,Loyal
15104,4489,1,77.339,3,4,4,344,Loyal
28447,4541,1,77.339,4,4,4,444,Champion
20107,4485,1,77.339,3,4,4,344,Loyal
27756,4492,1,77.339,3,4,4,344,Loyal
22017,4534,1,77.339,4,4,4,444,Champion
21377,4535,1,77.339,4,4,4,444,Champion
22574,4536,1,77.339,4,4,4,444,Champion
19153,4537,1,77.339,4,4,4,444,Champion
19894,4540,1,77.339,4,4,4,444,Champion
28767,4544,1,77.339,4,4,4,444,Champion
20139,4566,1,77.339,4,4,4,444,Champion
20306,4569,1,77.339,4,4,4,444,Champion
28551,4568,1,77.339,4,4,4,444,Champion
18912,4532,1,77.339,4,4,4,444,Champion
27419,4531,1,77.339,4,4,4,444,Champion
20124,4531,1,77.339,4,4,4,444,Champion
20018,4524,1,77.339,4,4,4,444,Champion
19825,4523,1,77.339,4,4,4,444,Champion
19243,4535,1,77.339,4,4,4,444,Champion
26670,4534,1,77.339,4,4,4,444,Champion
26164,4504,1,77.339,4,5,4,454,Champion
18814,4499,1,77.339,3,5,4,354,Loyal
19246,4499,1,77.339,3,5,4,354,Loyal
19231,4511,1,77.339,4,5,4,454,Champion
22148,4517,1,77.339,4,5,4,454,Champion
19805,4516,1,77.339,4,5,4,454,Champion
19800,4518,1,77.339,4,5,4,454,Champion
20357,4519,1,77.339,4,5,4,454,Champion
19779,4509,1,77.339,4,5,4,454,Champion
26151,4514,1,77.339,4,5,4,454,Champion
26434,4518,1,77.339,4,4,4,444,Champion
18669,4470,1,77.339,3,4,4,344,Loyal
27367,4470,1,77.339,3,4,4,344,Loyal
27656,4473,1,77.339,3,4,4,344,Loyal
13512,4472,1,77.339,3,4,4,344,Loyal
18874,4475,1,77.339,3,4,4,344,Loyal
20274,4476,1,77.339,3,4,4,344,Loyal
29021,4476,1,77.339,3,4,4,344,Loyal
16586,4484,1,77.339,3,4,4,344,Loyal
27522,4476,1,77.339,3,4,4,344,Loyal
28640,4486,1,77.339,3,4,4,344,Loyal
19694,4482,1,77.339,3,4,4,344,Loyal
18964,4580,1,77.339,4,5,4,454,Champion
18522,4607,1,77.339,5,5,4,554,Champion
13550,4610,1,77.339,5,5,4,554,Champion
18845,4578,1,77.339,4,5,4,454,Champion
19809,4578,1,77.339,4,5,4,454,Champion
19857,4578,1,77.339,4,5,4,454,Champion
27360,4586,1,77.339,5,5,4,554,Champion
28452,4585,1,77.339,5,5,4,554,Champion
20127,4588,1,77.339,5,5,4,554,Champion
19833,4588,1,77.339,5,5,4,554,Champion
19233,4591,1,77.339,5,5,4,554,Champion
19135,4594,1,77.339,5,5,4,554,Champion
28589,4590,1,77.339,5,5,4,554,Champion
20349,4505,1,77.339,4,5,4,454,Champion
19864,4508,1,77.339,4,5,4,454,Champion
28342,4503,1,77.339,4,5,4,454,Champion
19880,4601,1,77.339,5,5,4,554,Champion
27350,4599,1,77.339,5,5,4,554,Champion
27758,4606,1,77.339,5,5,4,554,Champion
28462,4605,1,77.339,5,5,4,554,Champion
19896,4603,1,77.339,5,5,4,554,Champion
15107,4605,1,77.339,5,5,4,554,Champion
28442,4604,1,77.339,5,5,4,554,Champion
15352,4608,1,77.339,5,5,4,554,Champion
18681,4607,1,77.339,5,5,4,554,Champion
19703,4641,1,77.339,5,5,4,554,Champion
28817,4638,1,77.339,5,5,4,554,Champion
19778,4639,1,77.339,5,5,4,554,Champion
20278,4628,1,77.339,5,5,4,554,Champion
20497,4631,1,77.339,5,5,4,554,Champion
20366,4635,1,77.339,5,5,4,554,Champion
22065,4633,1,77.339,5,5,4,554,Champion
20308,4613,1,77.339,5,5,4,554,Champion
18601,4613,1,77.339,5,5,4,554,Champion
20121,4613,1,77.339,5,5,4,554,Champion
26773,4614,1,77.339,5,5,4,554,Champion
19852,4614,1,77.339,5,5,4,554,Champion
18893,4615,1,77.339,5,5,4,554,Champion
26771,4616,1,77.339,5,5,4,554,Champion
18754,4620,1,77.339,5,5,4,554,Champion
19552,4619,1,77.339,5,5,4,554,Champion
22150,4620,1,77.339,5,5,4,554,Champion
19227,4618,1,77.339,5,5,4,554,Champion
18671,4623,1,77.339,5,5,4,554,Champion
19879,4627,1,77.339,5,5,4,554,Champion
18593,4627,1,77.339,5,5,4,554,Champion
22156,4625,1,77.339,5,5,4,554,Champion
29005,4626,1,77.339,5,5,4,554,Champion
18577,4626,1,77.339,5,5,4,554,Champion
20334,4646,1,77.339,5,5,4,554,Champion
20361,4645,1,77.339,5,5,4,554,Champion
28737,4646,1,77.339,5,5,4,554,Champion
22064,4643,1,77.339,5,5,4,554,Champion
26671,4412,1,77.339,2,3,4,234,At Risk
20305,4411,1,77.339,2,3,4,234,At Risk
27282,4409,1,77.339,2,3,4,234,At Risk
18880,4403,1,77.339,2,3,4,234,At Risk
20752,4406,1,77.339,2,3,4,234,At Risk
26770,4414,1,77.339,2,3,4,234,At Risk
19846,4414,1,77.339,2,3,4,234,At Risk
20119,4413,1,77.339,2,3,4,234,At Risk
19022,4416,1,77.339,2,3,4,234,At Risk
20396,4415,1,77.339,2,3,4,234,At Risk
26742,4415,1,77.339,2,3,4,234,At Risk
20329,4394,1,77.339,2,3,4,234,At Risk
18771,4395,1,77.339,2,3,4,234,At Risk
18988,4385,1,77.339,2,3,4,234,At Risk
28567,4386,1,77.339,2,3,4,234,At Risk
20381,4387,1,77.339,2,3,4,234,At Risk
19540,4385,1,77.339,2,3,4,234,At Risk
21383,4386,1,77.339,2,3,4,234,At Risk
19151,4419,1,77.339,2,3,4,234,At Risk
19866,4419,1,77.339,2,3,4,234,At Risk
26157,4420,1,77.339,2,3,4,234,At Risk
19551,4420,1,77.339,2,3,4,234,At Risk
18682,4421,1,77.339,2,3,4,234,At Risk
18886,4421,1,77.339,2,3,4,234,At Risk
20113,4390,1,77.339,2,3,4,234,At Risk
19755,4391,1,77.339,2,3,4,234,At Risk
27345,4390,1,77.339,2,3,4,234,At Risk
19126,4421,1,77.339,2,3,4,234,At Risk
18579,4389,1,77.339,2,3,4,234,At Risk
18879,4381,1,77.339,2,3,4,234,At Risk
19017,4381,1,77.339,2,3,4,234,At Risk
19398,4377,1,77.339,2,3,4,234,At Risk
21381,4373,1,77.339,2,3,4,234,At Risk
20333,4371,1,77.339,2,3,4,234,At Risk
18892,4371,1,77.339,2,3,4,234,At Risk
18660,4370,1,77.339,2,3,4,234,At Risk
19138,4356,1,77.339,1,3,4,134,At Risk
18843,4366,1,77.339,1,3,4,134,At Risk
20362,4375,1,77.339,2,3,4,234,At Risk
28034,4352,1,77.339,1,3,4,134,At Risk
20747,4352,1,77.339,1,3,4,134,At Risk
18937,4355,1,77.339,1,3,4,134,At Risk
18991,4355,1,77.339,1,3,4,134,At Risk
19237,4355,1,77.339,1,3,4,134,At Risk
26426,4351,1,77.339,1,3,4,134,At Risk
18853,4574,1,77.339,4,4,4,444,Champion
28035,4571,1,77.339,4,4,4,444,Champion
19242,4572,1,77.339,4,4,4,444,Champion
18877,4562,1,77.339,4,4,4,444,Champion
28964,4576,1,77.339,4,4,4,444,Champion
29037,4563,1,77.339,4,4,4,444,Champion
20368,4564,1,77.339,4,4,4,444,Champion
22403,4565,1,77.339,4,4,4,444,Champion
19139,4549,1,77.339,4,4,4,444,Champion
15705,4550,1,77.339,4,4,4,444,Champion
20301,4547,1,77.339,4,4,4,444,Champion
29124,4556,1,77.339,4,4,4,444,Champion
27380,4545,1,77.339,4,4,4,444,Champion
19859,4551,1,77.339,4,4,4,444,Champion
19702,4549,1,77.339,4,4,4,444,Champion
27344,4549,1,77.339,4,4,4,444,Champion
20327,4552,1,77.339,4,4,4,444,Champion
27401,4570,1,77.339,4,4,4,444,Champion
19238,4557,1,77.339,4,4,4,444,Champion
19878,4348,1,77.339,1,4,4,144,At Risk
29071,4554,1,77.339,4,4,4,444,Champion
27739,4555,1,77.339,4,4,4,444,Champion
12493,4555,1,77.339,4,4,4,444,Champion
19107,4560,1,77.339,4,4,4,444,Champion
28464,4343,1,77.339,1,4,4,144,At Risk
28046,4343,1,77.339,1,4,4,144,At Risk
20285,4343,1,77.339,1,4,4,144,At Risk
27731,4344,1,77.339,1,4,4,144,At Risk
26146,4344,1,77.339,1,4,4,144,At Risk
18851,4344,1,77.339,1,4,4,144,At Risk
19006,4337,1,77.339,1,4,4,144,At Risk
20336,4341,1,77.339,1,4,4,144,At Risk
18969,4312,1,77.339,1,4,4,144,At Risk
18870,4304,1,77.339,1,4,4,144,At Risk
18939,4303,1,77.339,1,4,4,144,At Risk
28025,4304,1,77.339,1,4,4,144,At Risk
20365,4299,1,77.339,1,4,4,144,At Risk
20298,4299,1,77.339,1,4,4,144,At Risk
19832,4339,1,77.339,1,4,4,144,At Risk
18791,4335,1,77.339,1,4,4,144,At Risk
19132,4336,1,77.339,1,4,4,144,At Risk
19154,4335,1,77.339,1,4,4,144,At Risk
28771,4330,1,77.339,1,4,4,144,At Risk
15110,4329,1,77.339,1,4,4,144,At Risk
18996,4329,1,77.339,1,4,4,144,At Risk
20322,4331,1,77.339,1,3,4,134,At Risk
19665,4378,1,77.339,2,3,4,234,At Risk
15682,4314,1,77.339,1,4,4,144,At Risk
26659,4314,1,77.339,1,4,4,144,At Risk
20126,4316,1,77.339,1,4,4,144,At Risk
28457,4325,1,77.339,1,4,4,144,At Risk
20757,4324,1,77.339,1,4,4,144,At Risk
19863,4318,1,77.339,1,4,4,144,At Risk
18935,4658,1,77.339,5,5,4,554,Champion
18775,4657,1,77.339,5,5,4,554,Champion
27415,4658,1,77.339,5,5,4,554,Champion
22028,4657,1,77.339,5,5,4,554,Champion
27502,4660,1,77.339,5,5,4,554,Champion
19733,4655,1,77.339,5,5,4,554,Champion
19727,4656,1,77.339,5,5,4,554,Champion
27400,4656,1,77.339,5,5,4,554,Champion
28456,4655,1,77.339,5,5,4,554,Champion
20343,4653,1,77.339,5,5,4,554,Champion
21382,4650,1,77.339,5,5,4,554,Champion
27420,4650,1,77.339,5,5,4,554,Champion
16568,4648,1,77.3169,5,5,4,554,Champion
23824,4653,1,77.3169,5,5,4,554,Champion
17771,4653,1,77.3169,5,5,4,554,Champion
23050,4655,1,77.3169,5,5,4,554,Champion
23831,4658,1,77.3169,5,5,4,554,Champion
23590,4320,1,77.3169,1,4,4,144,At Risk
20904,4325,1,77.3169,1,4,4,144,At Risk
23093,4319,1,77.3169,1,4,4,144,At Risk
22057,4314,1,77.3169,1,4,4,144,At Risk
23285,4308,1,77.3169,1,4,4,144,At Risk
17878,4379,1,77.3169,2,3,4,234,At Risk
17643,4379,1,77.3169,2,3,4,234,At Risk
23468,4332,1,77.3169,1,4,4,144,At Risk
20248,4330,1,77.3169,1,4,4,144,At Risk
28759,4329,1,77.3169,1,4,4,144,At Risk
21591,4334,1,77.3169,1,4,4,144,At Risk
23674,4334,1,77.3169,1,4,4,144,At Risk
23889,4334,1,77.3169,1,4,4,144,At Risk
21134,4560,1,77.3169,4,4,4,444,Champion
29312,4555,1,77.3169,4,4,4,444,Champion
22989,4554,1,77.3169,4,4,4,444,Champion
17638,4349,1,77.3169,1,4,4,144,At Risk
22891,4558,1,77.3169,4,4,4,444,Champion
22756,4569,1,77.3169,4,4,4,444,Champion
23628,4552,1,77.3169,4,4,4,444,Champion
21302,4548,1,77.3169,4,4,4,444,Champion
22103,4547,1,77.3169,4,4,4,444,Champion
23205,4561,1,77.3169,4,4,4,444,Champion
22367,4574,1,77.3169,4,4,4,444,Champion
21325,4576,1,77.3169,4,4,4,444,Champion
21738,4352,1,77.3169,1,3,4,134,At Risk
23388,4350,1,77.3169,1,3,4,134,At Risk
21249,4360,1,77.3169,1,3,4,134,At Risk
21069,4371,1,77.3169,2,3,4,234,At Risk
21535,4373,1,77.3169,2,3,4,234,At Risk
22890,4377,1,77.3169,2,3,4,234,At Risk
25013,4376,1,77.3169,2,3,4,234,At Risk
23194,4381,1,77.3169,2,3,4,234,At Risk
23514,4421,1,77.3169,2,3,4,234,At Risk
23053,4389,1,77.3169,2,3,4,234,At Risk
21457,4420,1,77.3169,2,3,4,234,At Risk
24545,4421,1,77.3169,2,3,4,234,At Risk
23240,4421,1,77.3169,2,3,4,234,At Risk
21198,4416,1,77.3169,2,3,4,234,At Risk
22723,4418,1,77.3169,2,3,4,234,At Risk
29119,4386,1,77.3169,2,3,4,234,At Risk
21145,4386,1,77.3169,2,3,4,234,At Risk
21025,4391,1,77.3169,2,3,4,234,At Risk
28941,4395,1,77.3169,2,3,4,234,At Risk
23203,4393,1,77.3169,2,3,4,234,At Risk
20849,4414,1,77.3169,2,3,4,234,At Risk
23812,4415,1,77.3169,2,3,4,234,At Risk
23495,4405,1,77.3169,2,3,4,234,At Risk
14864,4409,1,77.3169,2,3,4,234,At Risk
20972,4401,1,77.3169,2,3,4,234,At Risk
22084,4409,1,77.3169,2,3,4,234,At Risk
22763,4408,1,77.3169,2,3,4,234,At Risk
23477,4357,1,77.3169,1,3,4,134,At Risk
23069,4645,1,77.3169,5,5,4,554,Champion
22982,4626,1,77.3169,5,5,4,554,Champion
22333,4627,1,77.3169,5,5,4,554,Champion
23894,4614,1,77.3169,5,5,4,554,Champion
23405,4611,1,77.3169,5,5,4,554,Champion
20591,4633,1,77.3169,5,5,4,554,Champion
23639,4633,1,77.3169,5,5,4,554,Champion
21350,4636,1,77.3169,5,5,4,554,Champion
23354,4631,1,77.3169,5,5,4,554,Champion
23580,4634,1,77.3169,5,5,4,554,Champion
23380,4605,1,77.3169,5,5,4,554,Champion
22767,4606,1,77.3169,5,5,4,554,Champion
22035,4600,1,77.3169,5,5,4,554,Champion
21775,4600,1,77.3169,5,5,4,554,Champion
17721,4602,1,77.3169,5,5,4,554,Champion
19345,4600,1,77.3169,5,5,4,554,Champion
23862,4600,1,77.3169,5,5,4,554,Champion
20135,4508,1,77.3169,4,5,4,454,Champion
23694,4509,1,77.3169,4,5,4,454,Champion
22729,4594,1,77.3169,5,5,4,554,Champion
23728,4590,1,77.3169,5,5,4,554,Champion
23496,4590,1,77.3169,5,5,4,554,Champion
20909,4590,1,77.3169,5,5,4,554,Champion
23697,4586,1,77.3169,5,5,4,554,Champion
20438,4589,1,77.3169,5,5,4,554,Champion
21261,4581,1,77.3169,4,5,4,454,Champion
17713,4581,1,77.3169,4,5,4,454,Champion
17997,4582,1,77.3169,4,5,4,454,Champion
22724,4481,1,77.3169,3,4,4,344,Loyal
22861,4485,1,77.3169,3,4,4,344,Loyal
17846,4479,1,77.3169,3,4,4,344,Loyal
23206,4474,1,77.3169,3,4,4,344,Loyal
20889,4471,1,77.3169,3,4,4,344,Loyal
17749,4472,1,77.3169,3,4,4,344,Loyal
22351,4520,1,77.3169,4,5,4,454,Champion
23065,4515,1,77.3169,4,5,4,454,Champion
22731,4500,1,77.3169,3,5,4,354,Loyal
20924,4511,1,77.3169,4,5,4,454,Champion
22098,4511,1,77.3169,4,5,4,454,Champion
20595,4499,1,77.3169,3,5,4,354,Loyal
17711,4504,1,77.3169,4,5,4,454,Champion
29188,4505,1,77.3169,4,5,4,454,Champion
22162,4534,1,77.3169,4,4,4,444,Champion
23241,4526,1,77.3169,4,4,4,444,Champion
23367,4523,1,77.3169,4,4,4,444,Champion
22369,4528,1,77.3169,4,4,4,444,Champion
21519,4528,1,77.3169,4,4,4,444,Champion
22166,4527,1,77.3169,4,4,4,444,Champion
20583,4531,1,77.3169,4,4,4,444,Champion
24540,4530,1,77.3169,4,4,4,444,Champion
20132,4529,1,77.3169,4,4,4,444,Champion
23863,4529,1,77.3169,4,4,4,444,Champion
20233,4567,1,77.3169,4,4,4,444,Champion
20903,4543,1,77.3169,4,4,4,444,Champion
22977,4543,1,77.3169,4,4,4,444,Champion
22776,4540,1,77.3169,4,4,4,444,Champion
21514,4539,1,77.3169,4,4,4,444,Champion
21900,4537,1,77.3169,4,4,4,444,Champion
16434,4537,1,77.3169,4,4,4,444,Champion
21917,4536,1,77.3169,4,4,4,444,Champion
23734,4495,1,77.3169,3,4,4,344,Loyal
24557,4541,1,77.3169,4,4,4,444,Champion
22967,4454,1,77.3169,3,3,4,334,Loyal
20408,4446,1,77.3169,3,3,4,334,Loyal
20252,4446,1,77.3169,3,3,4,334,Loyal
23133,4447,1,77.3169,3,3,4,334,Loyal
17930,4429,1,77.3169,3,3,4,334,Loyal
22761,4429,1,77.3169,3,3,4,334,Loyal
23782,4422,1,77.3169,2,3,4,234,At Risk
22793,4423,1,77.3169,2,3,4,234,At Risk
24554,4466,1,77.3169,3,3,4,334,Loyal
23157,4463,1,77.3169,3,3,4,334,Loyal
23581,4461,1,77.3169,3,3,4,334,Loyal
24226,4466,1,77.3169,3,3,4,334,Loyal
22792,4469,1,77.3169,3,3,4,334,Loyal
20229,4459,1,77.3169,3,3,4,334,Loyal
23055,4458,1,77.3169,3,3,4,334,Loyal
23031,4462,1,77.3169,3,3,4,334,Loyal
22819,4462,1,77.3169,3,3,4,334,Loyal
22837,4435,1,77.3169,3,3,4,334,Loyal
29121,4437,1,77.3169,3,3,4,334,Loyal
23298,4431,1,77.3169,3,3,4,334,Loyal
19349,4439,1,77.3169,3,3,4,334,Loyal
22783,4438,1,77.3169,3,3,4,334,Loyal
23457,4440,1,77.3169,3,2,4,324,Potential Loyalist
19411,4317,2,77.3169,1,2,4,124,Needs Attention
18264,4399,2,77.3169,2,2,4,224,Needs Attention
17835,4447,2,77.3059,3,2,4,324,Potential Loyalist
16683,4475,2,77.2064,3,1,4,314,Potential Loyalist
12036,4409,3,76.8528,2,1,4,214,Needs Attention
20705,4599,1,76.7644,5,5,4,554,Champion
20411,4556,1,76.7644,4,4,4,444,Champion
25302,4348,1,76.7533,1,4,4,144,At Risk
26819,4341,1,76.7533,1,4,4,144,At Risk
25790,4320,1,76.7533,1,4,4,144,At Risk
24845,4414,1,76.7533,2,3,4,234,At Risk
11475,4577,1,76.7533,4,5,4,454,Champion
27787,4634,1,76.7533,5,5,4,554,Champion
28898,4625,1,76.7533,5,5,4,554,Champion
21058,4516,1,76.7533,4,5,4,454,Champion
21098,4476,1,76.7533,3,4,4,344,Loyal
29884,4815,1,76.2853,5,5,4,554,Champion
22338,4657,1,76.2119,5,5,4,554,Champion
26573,4655,1,76.2119,5,5,4,554,Champion
25697,4655,1,76.2119,5,5,4,554,Champion
26807,4654,1,76.2119,5,5,4,554,Champion
28450,4647,1,76.2119,5,5,4,554,Champion
21918,4660,1,76.2119,5,5,4,554,Champion
17507,4477,1,76.2119,3,4,4,344,Loyal
23766,4478,1,76.2119,3,4,4,344,Loyal
29406,4477,1,76.2119,3,4,4,344,Loyal
27618,4475,1,76.2119,3,4,4,344,Loyal
21164,4471,1,76.2119,3,4,4,344,Loyal
23761,4517,1,76.2119,4,4,4,444,Champion
26720,4470,1,76.2119,3,4,4,344,Loyal
12400,4469,1,76.2119,3,4,4,344,Loyal
28754,4478,1,76.2119,3,4,4,344,Loyal
26800,4484,1,76.2119,3,4,4,344,Loyal
21303,4481,1,76.2119,3,4,4,344,Loyal
22922,4482,1,76.2119,3,4,4,344,Loyal
26702,4516,1,76.2119,4,5,4,454,Champion
26777,4514,1,76.2119,4,5,4,454,Champion
27637,4505,1,76.2119,4,5,4,454,Champion
26128,4502,1,76.2119,4,5,4,454,Champion
26674,4491,1,76.2119,3,4,4,344,Loyal
27307,4491,1,76.2119,3,4,4,344,Loyal
26675,4490,1,76.2119,3,4,4,344,Loyal
27314,4492,1,76.2119,3,4,4,344,Loyal
20730,4536,1,76.2119,4,4,4,444,Champion
20524,4542,1,76.2119,4,4,4,444,Champion
26577,4538,1,76.2119,4,4,4,444,Champion
26737,4539,1,76.2119,4,4,4,444,Champion
26391,4543,1,76.2119,4,4,4,444,Champion
17698,4566,1,76.2119,4,4,4,444,Champion
20398,4530,1,76.2119,4,4,4,444,Champion
26262,4522,1,76.2119,4,4,4,444,Champion
28465,4621,1,76.2119,5,5,4,554,Champion
28374,4623,1,76.2119,5,5,4,554,Champion
27155,4616,1,76.2119,5,5,4,554,Champion
23439,4616,1,76.2119,5,5,4,554,Champion
23918,4612,1,76.2119,5,5,4,554,Champion
12723,4632,1,76.2119,5,5,4,554,Champion
20506,4628,1,76.2119,5,5,4,554,Champion
23237,4637,1,76.2119,5,5,4,554,Champion
17570,4633,1,76.2119,5,5,4,554,Champion
29435,4578,1,76.2119,4,5,4,454,Champion
24589,4611,1,76.2119,5,5,4,554,Champion
21616,4583,1,76.2119,4,5,4,454,Champion
28945,4580,1,76.2119,4,5,4,454,Champion
21324,4580,1,76.2119,4,5,4,454,Champion
11374,4585,1,76.2119,5,5,4,554,Champion
28053,4585,1,76.2119,4,5,4,454,Champion
22698,4587,1,76.2119,5,5,4,554,Champion
21750,4598,1,76.2119,5,5,4,554,Champion
26259,4599,1,76.2119,5,5,4,554,Champion
27458,4507,1,76.2119,4,5,4,454,Champion
27065,4508,1,76.2119,4,5,4,454,Champion
26248,4503,1,76.2119,4,5,4,454,Champion
20477,4502,1,76.2119,4,5,4,454,Champion
20633,4413,1,76.2119,2,3,4,234,At Risk
22342,4416,1,76.2119,2,3,4,234,At Risk
20538,4406,1,76.2119,2,3,4,234,At Risk
24012,4403,1,76.2119,2,3,4,234,At Risk
21316,4404,1,76.2119,2,3,4,234,At Risk
22011,4357,1,76.2119,1,3,4,134,At Risk
26716,4358,1,76.2119,1,3,4,134,At Risk
26715,4408,1,76.2119,2,3,4,234,At Risk
26709,4407,1,76.2119,2,3,4,234,At Risk
26943,4402,1,76.2119,2,3,4,234,At Risk
27301,4393,1,76.2119,2,3,4,234,At Risk
23972,4392,1,76.2119,2,3,4,234,At Risk
27412,4392,1,76.2119,2,3,4,234,At Risk
23754,4396,1,76.2119,2,3,4,234,At Risk
24075,4396,1,76.2119,2,3,4,234,At Risk
22661,4386,1,76.2119,2,3,4,234,At Risk
26554,4385,1,76.2119,2,3,4,234,At Risk
17180,4376,1,76.2119,2,3,4,234,At Risk
26835,4377,1,76.2119,2,3,4,234,At Risk
11389,4369,1,76.2119,2,3,4,234,At Risk
11386,4384,1,76.2119,2,3,4,234,At Risk
27015,4382,1,76.2119,2,3,4,234,At Risk
22696,4371,1,76.2119,2,3,4,234,At Risk
27238,4372,1,76.2119,2,3,4,234,At Risk
21286,4371,1,76.2119,2,3,4,234,At Risk
27381,4368,1,76.2119,2,3,4,234,At Risk
12663,4369,1,76.2119,2,3,4,234,At Risk
26883,4361,1,76.2119,1,3,4,134,At Risk
21262,4350,1,76.2119,1,3,4,134,At Risk
28558,4356,1,76.2119,1,3,4,134,At Risk
27315,4319,1,76.2119,1,4,4,144,At Risk
26597,4316,1,76.2119,1,4,4,144,At Risk
20688,4308,1,76.2119,1,4,4,144,At Risk
21696,4327,1,76.2119,1,4,4,144,At Risk
22703,4318,1,76.2119,1,4,4,144,At Risk
26580,4322,1,76.2119,1,4,4,144,At Risk
29441,4331,1,76.2119,1,4,4,144,At Risk
23275,4380,1,76.2119,2,3,4,234,At Risk
29240,4336,1,76.2119,1,4,4,144,At Risk
27070,4336,1,76.2119,1,4,4,144,At Risk
13775,4337,1,76.2119,1,4,4,144,At Risk
27328,4304,1,76.2119,1,4,4,144,At Risk
23931,4303,1,76.2119,1,4,4,144,At Risk
27383,4302,1,76.2119,1,4,4,144,At Risk
26415,4306,1,76.2119,1,4,4,144,At Risk
26553,4342,1,76.2119,1,4,4,144,At Risk
21493,4343,1,76.2119,1,4,4,144,At Risk
26251,4344,1,76.2119,1,4,4,144,At Risk
27247,4552,1,76.2119,4,4,4,444,Champion
26696,4572,1,76.2119,4,4,4,444,Champion
22870,4576,1,76.2119,4,4,4,444,Champion
21712,4564,1,76.2119,4,4,4,444,Champion
25698,4442,1,76.2119,3,2,4,324,Potential Loyalist
12555,4444,1,76.2119,3,2,4,324,Potential Loyalist
27385,4431,1,76.2119,3,3,4,334,Loyal
27098,4460,1,76.2119,3,3,4,334,Loyal
20105,4458,1,76.2119,3,3,4,334,Loyal
23963,4458,1,76.2119,3,3,4,334,Loyal
24719,4397,1,76.2119,2,3,4,234,At Risk
21433,4459,1,76.2119,3,3,4,334,Loyal
27310,4399,1,76.2119,2,3,4,234,At Risk
27579,4399,1,76.2119,2,3,4,234,At Risk
21625,4467,1,76.2119,3,3,4,334,Loyal
23980,4423,1,76.2119,2,3,4,234,At Risk
25688,4449,1,76.2119,3,3,4,334,Loyal
15212,4335,2,76.2009,1,2,4,124,Needs Attention
15119,4344,2,76.1014,1,2,4,124,Needs Attention
16632,4403,2,76.1014,2,2,4,224,Needs Attention
13676,4458,2,76.1014,3,2,4,324,Potential Loyalist
16681,4500,2,76.1014,3,1,4,314,Potential Loyalist
12345,4313,3,75.9136,1,1,4,114,Lost
12344,4465,3,75.9136,3,1,4,314,Potential Loyalist
29213,4432,1,75.6815,3,3,4,334,Loyal
24322,4445,1,75.6815,3,3,4,334,Loyal
28348,4425,1,75.6815,2,3,4,234,At Risk
25125,4422,1,75.6815,2,3,4,234,At Risk
25070,4429,1,75.6815,3,3,4,334,Loyal
24073,4430,1,75.6815,3,3,4,334,Loyal
20098,4398,1,75.6815,2,3,4,234,At Risk
18071,4575,1,75.6815,4,4,4,444,Champion
15633,4549,1,75.6815,4,4,4,444,Champion
15958,4547,1,75.6815,4,4,4,444,Champion
27042,4345,1,75.6815,1,4,4,144,At Risk
21837,4321,1,75.6815,1,4,4,144,At Risk
25101,4323,1,75.6815,1,4,4,144,At Risk
20309,4321,1,75.6815,1,4,4,144,At Risk
18359,4314,1,75.6815,1,4,4,144,At Risk
23948,4371,1,75.6815,2,3,4,234,At Risk
15286,4375,1,75.6815,2,3,4,234,At Risk
17394,4396,1,75.6815,2,3,4,234,At Risk
17466,4401,1,75.6815,2,3,4,234,At Risk
16986,4506,1,75.6815,4,5,4,454,Champion
14536,4506,1,75.6815,4,5,4,454,Champion
22388,4606,1,75.6815,5,5,4,554,Champion
19641,4587,1,75.6815,5,5,4,554,Champion
17367,4592,1,75.6815,5,5,4,554,Champion
20500,4577,1,75.6815,4,5,4,454,Champion
18094,4640,1,75.6815,5,5,4,554,Champion
27196,4611,1,75.6815,5,5,4,554,Champion
16044,4614,1,75.6815,5,5,4,554,Champion
23803,4534,1,75.6815,4,4,4,444,Champion
24627,4495,1,75.6815,3,4,4,344,Loyal
17682,4501,1,75.6815,3,5,4,354,Loyal
17172,4471,1,75.6815,3,4,4,344,Loyal
20981,4653,1,75.6815,5,5,4,554,Champion
18454,4661,1,75.6815,5,5,4,554,Champion
20958,4661,1,75.6815,5,5,4,554,Champion
12836,4360,2,75.6484,1,2,4,124,Needs Attention
19608,4478,2,75.6373,3,1,4,314,Potential Loyalist
11184,4408,2,75.4163,2,2,4,224,Needs Attention
19281,4447,1,75.1069,3,3,4,334,Loyal
28718,4452,1,75.1069,3,3,4,334,Loyal
16975,4441,1,75.1069,3,3,4,334,Loyal
22383,4477,1,75.1069,3,4,4,344,Loyal
18776,4539,1,75.1069,4,4,4,444,Champion
26185,4537,1,75.1069,4,4,4,444,Champion
16760,4621,1,75.1069,5,5,4,554,Champion
22492,4640,1,75.1069,5,5,4,554,Champion
22795,4638,1,75.1069,5,5,4,554,Champion
20417,4583,1,75.1069,4,5,4,454,Champion
11348,4600,1,75.1069,5,5,4,554,Champion
17435,4410,1,75.1069,2,3,4,234,At Risk
23595,4388,1,75.1069,2,3,4,234,At Risk
16954,4313,1,75.1069,1,4,4,144,At Risk
18082,4378,1,75.1069,2,3,4,234,At Risk
24714,4305,1,75.1069,1,4,4,144,At Risk
11349,4312,1,75.1069,1,4,4,144,At Risk
17273,4346,1,75.1069,1,4,4,144,At Risk
19676,4550,1,75.1069,4,4,4,444,Champion
17276,4659,1,75.1069,5,5,4,554,Champion
15823,4372,2,75.0958,2,2,4,224,Needs Attention
17863,4446,1,75.0627,3,3,4,334,Loyal
24220,4424,1,75.0627,2,3,4,234,At Risk
24975,4399,1,75.0627,2,3,4,234,At Risk
24370,4456,1,75.0627,3,3,4,334,Loyal
23094,4573,1,75.0627,4,4,4,444,Champion
25090,4346,1,75.0627,1,4,4,144,At Risk
19761,4344,1,75.0627,1,4,4,144,At Risk
23307,4559,1,75.0627,4,4,4,444,Champion
26810,4310,1,75.0627,1,4,4,144,At Risk
18341,4313,1,75.0627,1,4,4,144,At Risk
18076,4388,1,75.0627,2,3,4,234,At Risk
14488,4408,1,75.0627,2,3,4,234,At Risk
20101,4373,1,75.0627,2,3,4,234,At Risk
28052,4382,1,75.0627,2,3,4,234,At Risk
16795,4362,1,75.0627,1,3,4,134,At Risk
27972,4363,1,75.0627,1,3,4,134,At Risk
20314,4364,1,75.0627,1,3,4,134,At Risk
17699,4507,1,75.0627,4,5,4,454,Champion
26242,4579,1,75.0627,4,5,4,454,Champion
25256,4632,1,75.0627,5,5,4,554,Champion
29002,4612,1,75.0627,5,5,4,554,Champion
23798,4613,1,75.0627,5,5,4,554,Champion
14463,4623,1,75.0627,5,5,4,554,Champion
17695,4568,1,75.0627,4,4,4,444,Champion
18665,4477,1,75.0627,3,4,4,344,Loyal
15375,4500,1,75.0627,3,5,4,354,Loyal
27996,4650,1,75.0627,5,5,4,554,Champion
25182,4519,1,74.687,4,5,4,454,Champion
28384,4471,1,74.687,3,4,4,344,Loyal
24450,4614,1,74.687,5,5,4,554,Champion
23797,4588,1,74.687,5,5,4,554,Champion
25293,4420,1,74.687,2,3,4,234,At Risk
16699,4420,2,74.6759,2,2,4,224,Needs Attention
16610,4594,2,74.6759,5,1,4,514,Potential Loyalist
27168,4399,1,74.5765,2,3,4,234,At Risk
20918,4424,1,74.5765,2,3,4,234,At Risk
20925,4441,1,74.5765,3,3,4,334,Loyal
22551,4388,1,74.5765,2,3,4,234,At Risk
26906,4407,1,74.5765,2,3,4,234,At Risk
27728,4363,1,74.5765,1,3,4,134,At Risk
25304,4560,1,74.5765,4,4,4,444,Champion
28570,4505,1,74.5765,4,5,4,454,Champion
29075,4598,1,74.5765,5,5,4,554,Champion
26409,4617,1,74.5765,5,5,4,554,Champion
23956,4498,1,74.5765,3,5,4,354,Loyal
29074,4531,1,74.5765,4,4,4,444,Champion
29164,4530,1,74.5765,4,4,4,444,Champion
27219,4543,1,74.5765,4,4,4,444,Champion
24531,4490,1,74.5765,3,4,4,344,Loyal
12590,4389,2,74.5434,2,2,4,224,Needs Attention
12611,4352,2,74.5434,1,2,4,124,Needs Attention
12568,4614,2,74.5434,5,1,4,514,Potential Loyalist
12403,4366,1,74.3334,1,3,4,134,At Risk
13523,4513,2,74.3224,4,1,4,414,Potential Loyalist
14860,4515,2,74.3223,4,1,4,414,Potential Loyalist
17785,4611,2,74.3223,5,1,4,514,Potential Loyalist
18743,4388,2,74.2671,2,2,4,224,Needs Attention
23002,4588,1,74.256,5,5,4,554,Champion
16606,4462,2,74.2229,3,2,4,324,Potential Loyalist
15810,4405,2,74.2229,2,2,4,224,Needs Attention
25692,4622,1,74.0019,5,5,4,554,Champion
27466,4530,1,74.0019,4,4,4,444,Champion
25676,4557,1,74.0019,4,4,4,444,Champion
22706,4309,1,74.0019,1,4,4,144,At Risk
17224,4552,1,73.9908,4,4,4,444,Champion
13901,4528,1,73.9908,4,4,4,444,Champion
14782,4640,1,73.9908,5,5,4,554,Champion
13301,4432,1,73.9908,3,3,4,334,Loyal
14786,4467,1,73.9908,3,3,4,334,Loyal
16443,4302,2,73.9798,1,2,4,124,Needs Attention
26194,4350,1,73.9687,1,3,4,134,At Risk
15604,4434,2,73.7588,3,2,4,324,Potential Loyalist
16682,4377,2,73.571,2,2,4,224,Needs Attention
20104,4632,2,73.5157,5,1,4,514,Potential Loyalist
16055,4587,1,73.4162,5,5,4,554,Champion
18154,4543,1,73.4162,4,4,4,444,Champion
13996,4509,2,73.2174,4,1,4,414,Potential Loyalist
15803,4367,2,73.2174,1,2,4,124,Needs Attention
15594,4308,2,73.2174,1,2,4,124,Needs Attention
15583,4399,2,73.2174,2,2,4,224,Needs Attention
15237,4397,2,73.2174,2,2,4,224,Needs Attention
16605,4333,2,73.2173,1,2,4,124,Needs Attention
12324,4372,2,73.2173,2,2,4,224,Needs Attention
13289,4310,3,73.2064,1,1,4,114,Lost
13303,4441,3,73.2063,3,1,4,314,Potential Loyalist
16667,4304,4,72.9191,1,1,4,114,Lost
12045,4384,2,72.8969,2,2,4,224,Needs Attention
18206,4504,2,72.8859,4,1,4,414,Potential Loyalist
18211,4487,2,72.8859,3,1,4,314,Potential Loyalist
13659,4534,1,72.8858,4,4,4,444,Champion
13331,4497,1,72.8858,3,5,4,354,Loyal
14035,4482,1,72.8858,3,4,4,344,Loyal
14408,4350,1,72.8858,1,3,4,134,At Risk
23349,4420,1,72.8748,2,3,4,234,At Risk
22076,4544,1,72.8748,4,4,4,444,Champion
22743,4630,1,72.8748,5,5,4,554,Champion
19014,4491,2,72.8748,3,1,4,314,Potential Loyalist
19150,4318,2,72.8748,1,2,4,124,Needs Attention
11972,4334,2,72.1013,1,2,4,124,Needs Attention
11953,4431,2,72.1013,3,2,4,324,Potential Loyalist
18265,4387,2,71.803,2,2,4,224,Needs Attention
18267,4354,2,71.803,1,2,4,124,Needs Attention
21468,4434,1,71.8029,3,3,4,334,Loyal
23250,4423,1,71.8029,2,3,4,234,At Risk
20502,4580,1,71.8029,4,5,4,454,Champion
21633,4608,1,71.8029,5,5,4,554,Champion
20501,4481,1,71.8029,3,4,4,344,Loyal
17797,4476,1,71.7919,3,4,4,344,Loyal
19061,4469,1,71.7919,3,4,4,344,Loyal
19068,4473,1,71.7919,3,4,4,344,Loyal
16397,4478,1,71.7919,3,4,4,344,Loyal
26079,4495,1,71.7919,3,5,4,354,Loyal
20565,4500,1,71.7919,3,5,4,354,Loyal
26346,4516,1,71.7919,4,5,4,454,Champion
25341,4513,1,71.7919,4,5,4,454,Champion
16186,4510,1,71.7919,4,5,4,454,Champion
15445,4512,1,71.7919,4,5,4,454,Champion
25882,4541,1,71.7919,4,4,4,444,Champion
25859,4525,1,71.7919,4,4,4,444,Champion
24929,4523,1,71.7919,4,4,4,444,Champion
17089,4531,1,71.7919,4,4,4,444,Champion
26124,4528,1,71.7919,4,4,4,444,Champion
17791,4527,1,71.7919,4,4,4,444,Champion
25348,4566,1,71.7919,4,4,4,444,Champion
25005,4601,1,71.7919,5,5,4,554,Champion
26688,4601,1,71.7919,5,5,4,554,Champion
17788,4599,1,71.7919,5,5,4,554,Champion
20505,4596,1,71.7919,5,5,4,554,Champion
17936,4582,1,71.7919,4,5,4,454,Champion
15673,4590,1,71.7919,5,5,4,554,Champion
16040,4628,1,71.7919,5,5,4,554,Champion
25902,4637,1,71.7919,5,5,4,554,Champion
17806,4642,1,71.7919,5,5,4,554,Champion
26493,4642,1,71.7919,5,5,4,554,Champion
26340,4637,1,71.7919,5,5,4,554,Champion
26078,4635,1,71.7919,5,5,4,554,Champion
26506,4636,1,71.7919,5,5,4,554,Champion
26081,4619,1,71.7919,5,5,4,554,Champion
26469,4626,1,71.7919,5,5,4,554,Champion
18030,4625,1,71.7919,5,5,4,554,Champion
26497,4417,1,71.7919,2,3,4,234,At Risk
26109,4395,1,71.7919,2,3,4,234,At Risk
26087,4406,1,71.7919,2,3,4,234,At Risk
17090,4402,1,71.7919,2,3,4,234,At Risk
20557,4411,1,71.7919,2,3,4,234,At Risk
17854,4353,1,71.7919,1,3,4,134,At Risk
20531,4363,1,71.7919,1,3,4,134,At Risk
18622,4362,1,71.7919,1,3,4,134,At Risk
26067,4368,1,71.7919,2,3,4,234,At Risk
18048,4368,1,71.7919,2,3,4,234,At Risk
21419,4548,1,71.7919,4,4,4,444,Champion
26047,4550,1,71.7919,4,4,4,444,Champion
19075,4573,1,71.7919,4,4,4,444,Champion
20369,4562,1,71.7919,4,4,4,444,Champion
16941,4349,1,71.7919,1,4,4,144,At Risk
15679,4559,1,71.7919,4,4,4,444,Champion
26092,4341,1,71.7919,1,4,4,144,At Risk
26119,4341,1,71.7919,1,4,4,144,At Risk
20063,4347,1,71.7919,1,4,4,144,At Risk
20551,4300,1,71.7919,1,4,4,144,At Risk
26122,4337,1,71.7919,1,4,4,144,At Risk
24926,4332,1,71.7919,1,4,4,144,At Risk
19063,4307,1,71.7919,1,4,4,144,At Risk
26197,4315,1,71.7919,1,4,4,144,At Risk
24747,4312,1,71.7919,1,4,4,144,At Risk
21714,4323,1,71.7919,1,4,4,144,At Risk
25838,4326,1,71.7919,1,4,4,144,At Risk
25934,4326,1,71.7919,1,4,4,144,At Risk
17887,4427,1,71.7919,3,3,4,334,Loyal
24749,4423,1,71.7919,2,3,4,234,At Risk
15658,4446,1,71.7919,3,3,4,334,Loyal
25841,4451,1,71.7919,3,3,4,334,Loyal
26459,4452,1,71.7919,3,3,4,334,Loyal
25862,4453,1,71.7919,3,3,4,334,Loyal
25988,4456,1,71.7919,3,3,4,334,Loyal
19042,4456,1,71.7919,3,3,4,334,Loyal
21908,4466,1,71.7919,3,3,4,334,Loyal
26535,4438,1,71.7919,3,3,4,334,Loyal
25846,4431,1,71.7919,3,3,4,334,Loyal
25871,4441,1,71.7919,3,3,4,334,Loyal
21800,4443,1,71.7919,3,2,4,324,Potential Loyalist
16456,4441,1,71.7919,3,2,4,324,Potential Loyalist
13149,4358,2,71.7919,1,2,4,124,Needs Attention
13995,4369,2,71.7919,2,2,4,224,Needs Attention
13046,4507,2,71.7919,4,1,4,414,Potential Loyalist
16041,4661,1,71.7919,5,5,4,554,Champion
26123,4649,1,71.7919,5,5,4,554,Champion
24930,4647,1,71.7919,5,5,4,554,Champion
19106,4558,2,71.7698,4,2,4,424,Potential Loyalist
18090,4549,2,71.7256,4,2,4,424,Potential Loyalist
12730,4334,2,71.7146,1,2,4,124,Needs Attention
12601,4311,2,71.7146,1,2,4,124,Needs Attention
18300,4464,2,71.6925,3,2,4,324,Potential Loyalist
16627,4510,2,71.6925,4,1,4,414,Potential Loyalist
17483,4517,2,71.2725,4,1,4,414,Potential Loyalist
28276,4435,1,71.2394,3,3,4,334,Loyal
28934,4461,1,71.2394,3,3,4,334,Loyal
28010,4467,1,71.2394,3,3,4,334,Loyal
17349,4400,1,71.2394,2,3,4,234,At Risk
22956,4397,1,71.2394,2,3,4,234,At Risk
16152,4397,1,71.2394,2,3,4,234,At Risk
26682,4462,1,71.2394,3,3,4,334,Loyal
17448,4422,1,71.2394,2,3,4,234,At Risk
14405,4426,1,71.2394,3,3,4,334,Loyal
27708,4447,1,71.2394,3,3,4,334,Loyal
23513,4328,1,71.2394,1,4,4,144,At Risk
29031,4376,1,71.2394,2,3,4,234,At Risk
14407,4322,1,71.2394,1,4,4,144,At Risk
20813,4312,1,71.2394,1,4,4,144,At Risk
21759,4340,1,71.2394,1,4,4,144,At Risk
16918,4309,1,71.2394,1,4,4,144,At Risk
14500,4310,1,71.2394,1,4,4,144,At Risk
27595,4338,1,71.2394,1,4,4,144,At Risk
16073,4344,1,71.2394,1,4,4,144,At Risk
28290,4558,1,71.2394,4,4,4,444,Champion
15817,4557,1,71.2394,4,4,4,444,Champion
22944,4563,1,71.2394,4,4,4,444,Champion
25850,4545,1,71.2394,4,4,4,444,Champion
26699,4570,1,71.2394,4,4,4,444,Champion
18101,4368,1,71.2394,2,3,4,234,At Risk
15248,4377,1,71.2394,2,3,4,234,At Risk
18455,4370,1,71.2394,2,3,4,234,At Risk
15272,4362,1,71.2394,1,3,4,134,At Risk
18911,4364,1,71.2394,1,3,4,134,At Risk
18550,4350,1,71.2394,1,3,4,134,At Risk
16336,4416,1,71.2394,2,3,4,234,At Risk
15539,4404,1,71.2394,2,3,4,234,At Risk
27215,4396,1,71.2394,2,3,4,234,At Risk
23010,4387,1,71.2394,2,3,4,234,At Risk
20528,4625,1,71.2394,5,5,4,554,Champion
14623,4625,1,71.2394,5,5,4,554,Champion
16863,4626,1,71.2394,5,5,4,554,Champion
19639,4645,1,71.2394,5,5,4,554,Champion
24469,4643,1,71.2394,5,5,4,554,Champion
16746,4631,1,71.2394,5,5,4,554,Champion
28267,4631,1,71.2394,5,5,4,554,Champion
17569,4633,1,71.2394,5,5,4,554,Champion
28028,4592,1,71.2394,5,5,4,554,Champion
27596,4580,1,71.2394,4,5,4,454,Champion
27970,4596,1,71.2394,5,5,4,554,Champion
14469,4600,1,71.2394,5,5,4,554,Champion
14743,4503,1,71.2394,4,5,4,454,Champion
21815,4595,1,71.2394,5,5,4,554,Champion
23879,4602,1,71.2394,5,5,4,554,Champion
20679,4606,1,71.2394,5,5,4,554,Champion
23641,4532,1,71.2394,4,4,4,444,Champion
18112,4529,1,71.2394,4,4,4,444,Champion
26085,4522,1,71.2394,4,4,4,444,Champion
25124,4544,1,71.2394,4,4,4,444,Champion
16385,4534,1,71.2394,4,4,4,444,Champion
16971,4514,1,71.2394,4,5,4,454,Champion
14917,4501,1,71.2394,3,5,4,354,Loyal
16714,4474,1,71.2394,3,4,4,344,Loyal
15773,4482,1,71.2394,3,4,4,344,Loyal
16781,4661,1,71.2394,5,5,4,554,Champion
23559,4659,1,71.2394,5,5,4,554,Champion
11231,4374,2,71.0074,2,2,4,224,Needs Attention
21213,4391,1,71.0073,2,3,4,234,At Risk
16282,4510,2,70.9963,4,1,4,414,Potential Loyalist
19726,4633,2,70.9853,5,1,4,514,Potential Loyalist
12326,4356,2,70.698,1,2,4,124,Needs Attention
18192,4464,2,70.6869,3,2,4,324,Potential Loyalist
15149,4369,2,70.6869,2,2,4,224,Needs Attention
15728,4383,2,70.6869,2,2,4,224,Needs Attention
14009,4382,2,70.6869,2,2,4,224,Needs Attention
15141,4332,2,70.6869,1,2,4,124,Needs Attention
15718,4337,2,70.6869,1,2,4,124,Needs Attention
15602,4341,2,70.6869,1,2,4,124,Needs Attention
18062,4425,1,70.6869,2,3,4,234,At Risk
28972,4453,1,70.6869,3,3,4,334,Loyal
14817,4452,1,70.6869,3,3,4,334,Loyal
19249,4449,1,70.6869,3,3,4,334,Loyal
29078,4460,1,70.6869,3,3,4,334,Loyal
28609,4401,1,70.6869,2,3,4,234,At Risk
15628,4400,1,70.6869,2,3,4,234,At Risk
28811,4467,1,70.6869,3,3,4,334,Loyal
28983,4467,1,70.6869,3,3,4,334,Loyal
16468,4439,1,70.6869,3,3,4,334,Loyal
19279,4443,1,70.6869,3,2,4,324,Potential Loyalist
14008,4484,2,70.6869,3,1,4,314,Potential Loyalist
29233,4394,1,70.6869,2,3,4,234,At Risk
29022,4417,1,70.6869,2,3,4,234,At Risk
19445,4390,1,70.6869,2,3,4,234,At Risk
21829,4405,1,70.6869,2,3,4,234,At Risk
16283,4414,1,70.6869,2,3,4,234,At Risk
16312,4364,1,70.6869,1,3,4,134,At Risk
19430,4364,1,70.6869,1,3,4,134,At Risk
19176,4359,1,70.6869,1,3,4,134,At Risk
28965,4381,1,70.6869,2,3,4,234,At Risk
28970,4381,1,70.6869,2,3,4,234,At Risk
29018,4367,1,70.6869,1,3,4,134,At Risk
29227,4374,1,70.6869,2,3,4,234,At Risk
20800,4372,1,70.6869,2,3,4,234,At Risk
17955,4372,1,70.6869,2,3,4,234,At Risk
14815,4372,1,70.6869,2,3,4,234,At Risk
18034,4549,1,70.6869,4,4,4,444,Champion
19466,4550,1,70.6869,4,4,4,444,Champion
14816,4347,1,70.6869,1,4,4,144,At Risk
19522,4554,1,70.6869,4,4,4,444,Champion
20725,4341,1,70.6869,1,4,4,144,At Risk
14962,4302,1,70.6869,1,4,4,144,At Risk
18003,4301,1,70.6869,1,4,4,144,At Risk
16258,4337,1,70.6869,1,4,4,144,At Risk
29215,4316,1,70.6869,1,4,4,144,At Risk
28863,4320,1,70.6869,1,4,4,144,At Risk
29077,4379,1,70.6869,2,3,4,234,At Risk
18035,4330,1,70.6869,1,4,4,144,At Risk
17935,4517,1,70.6869,4,4,4,444,Champion
28978,4499,1,70.6869,3,5,4,354,Loyal
16281,4512,1,70.6869,4,5,4,454,Champion
16266,4504,1,70.6869,4,5,4,454,Champion
28867,4512,1,70.6869,4,5,4,454,Champion
19909,4540,1,70.6869,4,4,4,444,Champion
14812,4541,1,70.6869,4,4,4,444,Champion
28991,4602,1,70.6869,5,5,4,554,Champion
19369,4600,1,70.6869,5,5,4,554,Champion
19929,4601,1,70.6869,5,5,4,554,Champion
28796,4598,1,70.6869,5,5,4,554,Champion
29217,4580,1,70.6869,4,5,4,454,Champion
16469,4584,1,70.6869,4,5,4,454,Champion
28806,4610,1,70.6869,5,5,4,554,Champion
28682,4614,1,70.6869,5,5,4,554,Champion
19921,4587,1,70.6869,5,5,4,554,Champion
16395,4632,1,70.6869,5,5,4,554,Champion
16936,4641,1,70.6869,5,5,4,554,Champion
18022,4632,1,70.6869,5,5,4,554,Champion
14718,4625,1,70.6869,5,5,4,554,Champion
19334,4619,1,70.6869,5,5,4,554,Champion
29014,4655,1,70.6869,5,5,4,554,Champion
19103,4451,2,70.6206,3,2,4,324,Potential Loyalist
14018,4392,2,70.5764,2,2,4,224,Needs Attention
11951,4374,3,70.1897,2,1,4,214,Needs Attention
29325,4460,1,70.1344,3,3,4,334,Loyal
29273,4452,1,70.1344,3,3,4,334,Loyal
29353,4446,1,70.1344,3,3,4,334,Loyal
29253,4523,1,70.1344,4,4,4,444,Champion
25912,4512,1,70.1344,4,5,4,454,Champion
29262,4301,1,70.1344,1,4,4,144,At Risk
29050,4346,1,70.1344,1,4,4,144,At Risk
19591,4511,2,70.0792,4,1,4,414,Potential Loyalist
18407,4402,2,69.8913,2,2,4,224,Needs Attention
11921,4363,3,69.8803,1,1,4,114,Lost
20084,4357,2,69.7808,1,2,4,124,Needs Attention
11902,4327,3,69.6593,1,1,4,114,Lost
28969,4558,1,69.5929,4,4,4,444,Champion
26213,4373,1,69.5929,2,3,4,234,At Risk
26355,4352,1,69.5929,1,3,4,134,At Risk
29422,4403,1,69.5929,2,3,4,234,At Risk
28335,4410,1,69.5929,2,3,4,234,At Risk
11473,4537,1,69.5929,4,4,4,444,Champion
26365,4631,1,69.5929,5,5,4,554,Champion
19490,4596,1,69.5819,5,5,4,554,Champion
23228,4600,1,69.5819,5,5,4,554,Champion
23624,4547,1,69.5819,4,4,4,444,Champion
22707,4467,1,69.5819,3,3,4,334,Loyal
16563,4501,2,69.5598,3,1,4,314,Potential Loyalist
12235,4503,2,69.3499,4,1,4,414,Potential Loyalist
15809,4489,2,69.162,3,1,4,314,Potential Loyalist
11911,4335,3,69.0184,1,1,4,114,Lost
13045,4492,2,68.8084,3,1,4,314,Potential Loyalist
15766,4519,2,68.8084,4,1,4,414,Potential Loyalist
15136,4439,2,68.8084,3,2,4,324,Potential Loyalist
13136,4409,2,68.8084,2,2,4,224,Needs Attention
15140,4389,2,68.8084,2,2,4,224,Needs Attention
17304,4327,2,68.8084,1,2,4,124,Needs Attention
15584,4330,2,68.8084,1,2,4,124,Needs Attention
14014,4384,2,68.8084,2,2,4,224,Needs Attention
21573,4469,1,68.4769,3,3,4,334,Loyal
17212,4359,1,68.4769,1,3,4,134,At Risk
12015,4578,1,68.4769,4,5,4,454,Champion
26739,4627,1,68.4769,5,5,4,554,Champion
22097,4643,1,68.4658,5,5,4,554,Champion
14505,4645,1,68.4658,5,5,4,554,Champion
16002,4628,1,68.4658,5,5,4,554,Champion
14903,4586,1,68.4658,5,5,4,554,Champion
24906,4596,1,68.4658,5,5,4,554,Champion
24595,4596,1,68.4658,5,5,4,554,Champion
15895,4515,1,68.4658,4,5,4,454,Champion
15962,4363,1,68.4658,1,3,4,134,At Risk
16749,4351,1,68.4658,1,3,4,134,At Risk
15512,4394,1,68.4658,2,3,4,234,At Risk
28292,4571,1,68.4658,4,4,4,444,Champion
15541,4456,1,68.4658,3,3,4,334,Loyal
25814,4446,1,68.4658,3,3,4,334,Loyal
16130,4436,1,68.4658,3,3,4,334,Loyal
15634,4354,2,68.4658,1,2,4,124,Needs Attention
16043,4350,2,68.4658,1,2,4,124,Needs Attention
16264,4362,2,68.4658,1,2,4,124,Needs Attention
16036,4513,2,68.4658,4,1,4,414,Potential Loyalist
11503,4348,2,68.267,1,2,4,124,Needs Attention
19622,4481,2,68.2338,3,1,4,314,Potential Loyalist
19582,4301,2,68.2338,1,2,4,124,Needs Attention
19617,4334,2,68.2338,1,2,4,124,Needs Attention
14019,4321,2,68.046,1,2,4,124,Needs Attention
14123,4494,2,68.0459,3,1,4,314,Potential Loyalist
12370,4537,3,67.9908,4,1,4,414,Potential Loyalist
22217,4308,1,67.9023,1,4,4,144,At Risk
16825,4369,1,67.9023,2,3,4,234,At Risk
14825,4520,1,67.9023,4,5,4,454,Champion
13848,4650,1,67.9023,5,5,4,554,Champion
28379,4590,1,67.4934,5,5,4,554,Champion
24440,4576,1,67.4934,4,5,4,454,Champion
24510,4414,1,67.4934,2,3,4,234,At Risk
12504,4575,1,67.4934,4,4,4,444,Champion
24993,4347,1,67.4934,1,4,4,144,At Risk
18677,4561,2,67.3609,4,2,4,424,Potential Loyalist
19232,4386,2,67.3608,2,2,4,224,Needs Attention
14698,4344,1,67.3498,1,4,4,144,At Risk
29429,4344,1,66.8194,1,4,4,144,At Risk
28468,4558,1,66.8194,4,4,4,444,Champion
27755,4564,1,66.8194,4,4,4,444,Champion
18319,4576,1,66.8194,4,4,4,444,Champion
20243,4548,1,66.8194,4,4,4,444,Champion
20231,4547,1,66.8194,4,4,4,444,Champion
25027,4318,1,66.8194,1,4,4,144,At Risk
26951,4322,1,66.8194,1,4,4,144,At Risk
28899,4331,1,66.8194,1,4,4,144,At Risk
27830,4378,1,66.8194,2,3,4,234,At Risk
25802,4299,1,66.8194,1,4,4,144,At Risk
27640,4298,1,66.8194,1,4,4,144,At Risk
28439,4309,1,66.8194,1,4,4,144,At Risk
18748,4311,1,66.8194,1,4,4,144,At Risk
26787,4306,1,66.8194,1,4,4,144,At Risk
25678,4306,1,66.8194,1,4,4,144,At Risk
27912,4337,1,66.8194,1,4,4,144,At Risk
18443,4339,1,66.8194,1,4,4,144,At Risk
28526,4335,1,66.8194,1,4,4,144,At Risk
21913,4334,1,66.8194,1,4,4,144,At Risk
28426,4406,1,66.8194,2,3,4,234,At Risk
27422,4412,1,66.8194,2,3,4,234,At Risk
26421,4394,1,66.8194,2,3,4,234,At Risk
28469,4391,1,66.8194,2,3,4,234,At Risk
18741,4369,1,66.8194,2,3,4,234,At Risk
26875,4371,1,66.8194,2,3,4,234,At Risk
21094,4381,1,66.8194,2,3,4,234,At Risk
21737,4383,1,66.8194,2,3,4,234,At Risk
21664,4383,1,66.8194,2,3,4,234,At Risk
29470,4351,1,66.8194,1,3,4,134,At Risk
27736,4355,1,66.8194,1,3,4,134,At Risk
25791,4359,1,66.8194,1,3,4,134,At Risk
21063,4579,1,66.8194,4,5,4,454,Champion
27509,4611,1,66.8194,5,5,4,554,Champion
20266,4580,1,66.8194,4,5,4,454,Champion
26392,4591,1,66.8194,5,5,4,554,Champion
27023,4587,1,66.8194,5,5,4,554,Champion
27664,4585,1,66.8194,4,5,4,454,Champion
26273,4509,1,66.8194,4,5,4,454,Champion
28082,4629,1,66.8194,5,5,4,554,Champion
25129,4638,1,66.8194,5,5,4,554,Champion
28410,4639,1,66.8194,5,5,4,554,Champion
25719,4646,1,66.8194,5,5,4,554,Champion
27173,4624,1,66.8194,5,5,4,554,Champion
25788,4642,1,66.8194,5,5,4,554,Champion
27837,4644,1,66.8194,5,5,4,554,Champion
22431,4625,1,66.8194,5,5,4,554,Champion
27841,4612,1,66.8194,5,5,4,554,Champion
25526,4615,1,66.8194,5,5,4,554,Champion
27409,4520,1,66.8194,4,5,4,454,Champion
28146,4502,1,66.8194,4,5,4,454,Champion
28225,4504,1,66.8194,4,5,4,454,Champion
22556,4496,1,66.8194,3,5,4,354,Loyal
20976,4477,1,66.8194,3,4,4,344,Loyal
28236,4483,1,66.8194,3,4,4,344,Loyal
27564,4544,1,66.8194,4,4,4,444,Champion
27474,4494,1,66.8194,3,4,4,344,Loyal
27157,4528,1,66.8194,4,4,4,444,Champion
26268,4566,1,66.8194,4,4,4,444,Champion
25263,4439,1,66.8194,3,3,4,334,Loyal
20254,4431,1,66.8194,3,3,4,334,Loyal
28084,4441,1,66.8194,3,3,4,334,Loyal
27684,4444,1,66.8194,3,2,4,324,Potential Loyalist
28227,4451,1,66.8194,3,3,4,334,Loyal
28738,4452,1,66.8194,3,3,4,334,Loyal
25128,4454,1,66.8194,3,3,4,334,Loyal
25650,4424,1,66.8194,2,3,4,234,At Risk
25268,4426,1,66.8194,3,3,4,334,Loyal
22419,4423,1,66.8194,2,3,4,234,At Risk
25773,4456,1,66.8194,3,3,4,334,Loyal
21117,4457,1,66.8194,3,3,4,334,Loyal
21684,4467,1,66.8194,3,3,4,334,Loyal
21127,4464,1,66.8194,3,3,4,334,Loyal
25139,4399,1,66.8194,2,3,4,234,At Risk
26847,4397,1,66.8194,2,3,4,234,At Risk
24453,4398,1,66.8194,2,3,4,234,At Risk
27922,4398,1,66.8194,2,3,4,234,At Risk
26378,4396,1,66.8194,2,3,4,234,At Risk
25310,4661,1,66.8194,5,5,4,554,Champion
26272,4653,1,66.8194,5,5,4,554,Champion
28226,4658,1,66.8194,5,5,4,554,Champion
19575,4380,2,66.3553,2,2,4,224,Needs Attention
13037,4376,2,66.278,2,2,4,224,Needs Attention
13982,4381,2,66.278,2,2,4,224,Needs Attention
13044,4372,2,66.278,2,2,4,224,Needs Attention
13157,4319,2,66.278,1,2,4,124,Needs Attention
15796,4322,2,66.278,1,2,4,124,Needs Attention
15731,4419,2,66.278,2,2,4,224,Needs Attention
14015,4394,2,66.278,2,2,4,224,Needs Attention
15592,4430,2,66.278,3,2,4,324,Potential Loyalist
15233,4428,2,66.278,3,2,4,324,Potential Loyalist
15139,4576,2,66.278,4,2,4,424,Potential Loyalist
15234,4480,2,66.278,3,1,4,314,Potential Loyalist
13522,4514,2,66.278,4,1,4,414,Potential Loyalist
20095,4441,1,66.2779,3,3,4,334,Loyal
12731,4431,1,66.2779,3,3,4,334,Loyal
28356,4430,1,66.2779,3,3,4,334,Loyal
20406,4439,1,66.2779,3,3,4,334,Loyal
21796,4460,1,66.2779,3,3,4,334,Loyal
18933,4469,1,66.2779,3,3,4,334,Loyal
17266,4429,1,66.2779,3,3,4,334,Loyal
25885,4454,1,66.2779,3,3,4,334,Loyal
22629,4533,1,66.2779,4,4,4,444,Champion
16736,4524,1,66.2779,4,4,4,444,Champion
19633,4524,1,66.2779,4,4,4,444,Champion
18100,4492,1,66.2779,3,4,4,344,Loyal
26893,4485,1,66.2779,3,4,4,344,Loyal
25355,4475,1,66.2779,3,4,4,344,Loyal
23654,4480,1,66.2779,3,4,4,344,Loyal
23208,4477,1,66.2779,3,4,4,344,Loyal
16017,4478,1,66.2779,3,4,4,344,Loyal
16990,4512,1,66.2779,4,5,4,454,Champion
15853,4512,1,66.2779,4,5,4,454,Champion
25677,4518,1,66.2779,4,5,4,454,Champion
20155,4510,1,66.2779,4,5,4,454,Champion
17459,4513,1,66.2779,4,5,4,454,Champion
28872,4620,1,66.2779,5,5,4,554,Champion
23309,4620,1,66.2779,5,5,4,554,Champion
16767,4617,1,66.2779,5,5,4,554,Champion
29214,4644,1,66.2779,5,5,4,554,Champion
24771,4629,1,66.2779,5,5,4,554,Champion
15366,4637,1,66.2779,5,5,4,554,Champion
22914,4596,1,66.2779,5,5,4,554,Champion
25953,4603,1,66.2779,5,5,4,554,Champion
17161,4604,1,66.2779,5,5,4,554,Champion
21075,4584,1,66.2779,4,5,4,454,Champion
25347,4586,1,66.2779,5,5,4,554,Champion
26452,4589,1,66.2779,5,5,4,554,Champion
12728,4593,1,66.2779,5,5,4,554,Champion
16382,4593,1,66.2779,5,5,4,554,Champion
27028,4580,1,66.2779,4,5,4,454,Champion
15294,4578,1,66.2779,4,5,4,454,Champion
17138,4608,1,66.2779,5,5,4,554,Champion
16891,4359,1,66.2779,1,3,4,134,At Risk
26073,4359,1,66.2779,1,3,4,134,At Risk
28894,4361,1,66.2779,1,3,4,134,At Risk
16923,4350,1,66.2779,1,3,4,134,At Risk
23537,4374,1,66.2779,2,3,4,234,At Risk
18910,4375,1,66.2779,2,3,4,234,At Risk
19221,4368,1,66.2779,1,3,4,134,At Risk
26464,4389,1,66.2779,2,3,4,234,At Risk
28214,4417,1,66.2779,2,3,4,234,At Risk
17438,4419,1,66.2779,2,3,4,234,At Risk
24682,4393,1,66.2779,2,3,4,234,At Risk
21450,4388,1,66.2779,2,3,4,234,At Risk
17589,4303,1,66.2779,1,4,4,144,At Risk
24124,4327,1,66.2779,1,4,4,144,At Risk
23350,4322,1,66.2779,1,4,4,144,At Risk
26236,4309,1,66.2779,1,4,4,144,At Risk
18509,4549,1,66.2779,4,4,4,444,Champion
24195,4556,1,66.2779,4,4,4,444,Champion
24146,4573,1,66.2779,4,4,4,444,Champion
28337,4348,1,66.2779,1,4,4,144,At Risk
13787,4554,1,66.2779,4,4,4,444,Champion
22027,4559,1,66.2779,4,4,4,444,Champion
23008,4554,1,66.2779,4,4,4,444,Champion
21412,4654,1,66.2779,5,5,4,554,Champion
25335,4654,1,66.2779,5,5,4,554,Champion
26505,4655,1,66.2779,5,5,4,554,Champion
23682,4649,1,66.2779,5,5,4,554,Champion
17988,4394,1,66.2116,2,3,4,234,At Risk
16463,4528,1,66.2006,4,4,4,444,Champion
15617,4658,1,66.2006,5,5,4,554,Champion
14074,4543,2,66.1674,4,1,4,414,Potential Loyalist
30025,4357,2,66.0833,1,2,4,124,Needs Attention
13780,4362,1,65.7365,1,3,4,134,At Risk
28590,4612,1,65.7254,5,5,4,554,Champion
20251,4578,1,65.7144,4,5,4,454,Champion
23823,4552,1,65.7144,4,4,4,444,Champion
19597,4326,2,65.7033,1,2,4,124,Needs Attention
19603,4317,2,65.7033,1,2,4,124,Needs Attention
30098,4874,2,65.589,5,1,4,514,Potential Loyalist
12417,4320,1,65.4934,1,4,4,144,At Risk
22213,4632,1,65.4934,5,5,4,554,Champion
18705,4484,2,65.4824,3,1,4,314,Potential Loyalist
18932,4555,2,65.4824,4,2,4,424,Potential Loyalist
19090,4372,2,65.4824,2,2,4,224,Needs Attention
18604,4339,2,65.4713,1,2,4,124,Needs Attention
23366,4593,1,65.4713,5,5,4,554,Champion
19651,4320,1,65.4713,1,4,4,144,At Risk
13535,4398,2,65.416,2,2,4,224,Needs Attention
18636,4450,1,65.1729,3,3,4,334,Loyal
22622,4451,1,65.1729,3,3,4,334,Loyal
24151,4448,1,65.1729,3,3,4,334,Loyal
21550,4469,1,65.1729,3,3,4,334,Loyal
16735,4457,1,65.1729,3,3,4,334,Loyal
22919,4466,1,65.1729,3,3,4,334,Loyal
25245,4463,1,65.1729,3,3,4,334,Loyal
19464,4400,1,65.1729,2,3,4,234,At Risk
26495,4432,1,65.1729,3,3,4,334,Loyal
27976,4431,1,65.1729,3,3,4,334,Loyal
22385,4436,1,65.1729,3,3,4,334,Loyal
22916,4437,1,65.1729,3,3,4,334,Loyal
16911,4436,1,65.1729,3,3,4,334,Loyal
20946,4433,1,65.1729,3,3,4,334,Loyal
24663,4320,1,65.1729,1,4,4,144,At Risk
26461,4325,1,65.1729,1,4,4,144,At Risk
18114,4311,1,65.1729,1,4,4,144,At Risk
19752,4304,1,65.1729,1,4,4,144,At Risk
22514,4311,1,65.1729,1,4,4,144,At Risk
19367,4334,1,65.1729,1,4,4,144,At Risk
24729,4551,1,65.1729,4,4,4,444,Champion
16748,4348,1,65.1729,1,4,4,144,At Risk
24570,4362,1,65.1729,1,3,4,134,At Risk
16379,4353,1,65.1729,1,3,4,134,At Risk
22476,4374,1,65.1729,2,3,4,234,At Risk
27971,4387,1,65.1729,2,3,4,234,At Risk
18410,4417,1,65.1729,2,3,4,234,At Risk
20081,4402,1,65.1729,2,3,4,234,At Risk
19444,4405,1,65.1729,2,3,4,234,At Risk
21834,4415,1,65.1729,2,3,4,234,At Risk
22564,4415,1,65.1729,2,3,4,234,At Risk
21007,4414,1,65.1729,2,3,4,234,At Risk
12467,4579,1,65.1729,4,5,4,454,Champion
22963,4608,1,65.1729,5,5,4,554,Champion
17519,4609,1,65.1729,5,5,4,554,Champion
18064,4609,1,65.1729,5,5,4,554,Champion
19677,4581,1,65.1729,4,5,4,454,Champion
20317,4603,1,65.1729,5,5,4,554,Champion
17122,4595,1,65.1729,5,5,4,554,Champion
26915,4507,1,65.1729,4,5,4,454,Champion
22941,4505,1,65.1729,4,5,4,454,Champion
26411,4630,1,65.1729,5,5,4,554,Champion
16383,4628,1,65.1729,5,5,4,554,Champion
23783,4628,1,65.1729,5,5,4,554,Champion
12466,4612,1,65.1729,5,5,4,554,Champion
19185,4644,1,65.1729,5,5,4,554,Champion
17035,4644,1,65.1729,5,5,4,554,Champion
17437,4628,1,65.1729,5,5,4,554,Champion
27718,4528,1,65.1729,4,4,4,444,Champion
23893,4522,1,65.1729,4,4,4,444,Champion
22928,4526,1,65.1729,4,4,4,444,Champion
22421,4533,1,65.1729,4,4,4,444,Champion
25782,4542,1,65.1729,4,4,4,444,Champion
17489,4541,1,65.1729,4,4,4,444,Champion
18074,4490,1,65.1729,3,4,4,344,Loyal
22497,4538,1,65.1729,4,4,4,444,Champion
21661,4512,1,65.1729,4,5,4,454,Champion
18666,4512,1,65.1729,4,5,4,454,Champion
24591,4473,1,65.1729,3,4,4,344,Loyal
18658,4483,1,65.1729,3,4,4,344,Loyal
20050,4658,1,65.1729,5,5,4,554,Champion
23989,4648,1,65.1729,5,5,4,554,Champion
18095,4654,1,65.1729,5,5,4,554,Champion
12562,4617,1,65.1508,5,5,4,554,Champion
13597,4459,1,65.1508,3,3,4,334,Loyal
12399,4455,1,65.1508,3,3,4,334,Loyal
24555,4467,1,65.1398,3,3,4,334,Loyal
22360,4482,1,65.1398,3,4,4,344,Loyal
27481,4470,1,64.6094,3,4,4,344,Loyal
26812,4502,1,64.6094,4,5,4,454,Champion
26713,4534,1,64.6094,4,4,4,444,Champion
27233,4567,1,64.6094,4,4,4,444,Champion
23919,4508,1,64.6094,4,5,4,454,Champion
27456,4402,1,64.6094,2,3,4,234,At Risk
26578,4389,1,64.6094,2,3,4,234,At Risk
26413,4395,1,64.6094,2,3,4,234,At Risk
27115,4383,1,64.6094,2,3,4,234,At Risk
26813,4382,1,64.6094,2,3,4,234,At Risk
22683,4552,1,64.6094,4,4,4,444,Champion
28565,4332,1,64.6094,1,4,4,144,At Risk
28566,4301,1,64.6094,1,4,4,144,At Risk
26637,4323,1,64.6094,1,4,4,144,At Risk
27529,4456,1,64.6094,3,3,4,334,Loyal
26721,4464,1,64.6094,3,3,4,334,Loyal
26612,4397,1,64.6094,2,3,4,234,At Risk
27457,4449,1,64.6094,3,3,4,334,Loyal
27189,4437,1,64.6094,3,3,4,334,Loyal
26414,4653,1,64.6094,5,5,4,554,Champion
16343,4386,2,64.3663,2,2,4,224,Needs Attention
12201,4469,2,64.289,3,2,4,324,Potential Loyalist
11121,4382,3,64.2669,2,1,4,214,Needs Attention
29886,5331,1,64.242,5,5,4,554,Champion
11758,4362,3,64.1453,1,1,4,114,Lost
11757,4359,3,64.1453,1,1,4,114,Lost
22701,4505,1,64.0679,4,5,4,454,Champion
25266,4504,1,64.0679,4,5,4,454,Champion
24694,4562,1,64.0679,4,4,4,444,Champion
26999,4373,1,64.0679,2,3,4,234,At Risk
12982,4414,2,64.0569,2,2,4,224,Needs Attention
11079,4324,3,64.0349,1,1,4,114,Lost
13495,4582,2,64.0348,4,1,4,414,Potential Loyalist
19573,4307,2,63.8248,1,2,4,124,Needs Attention
14124,4372,2,63.637,2,2,4,224,Needs Attention
14999,4319,2,63.5486,1,2,4,124,Needs Attention
24728,4454,1,63.0845,3,3,4,334,Loyal
24638,4382,1,63.0845,2,3,4,234,At Risk
25440,4329,1,63.0845,1,4,4,144,At Risk
24314,4614,1,63.0845,5,5,4,554,Champion
21223,4606,1,62.9629,5,5,4,554,Champion
19632,4638,1,62.9629,5,5,4,554,Champion
21998,4495,1,62.9629,3,4,4,344,Loyal
13483,4488,1,62.9519,3,4,4,344,Loyal
13867,4538,1,62.9519,4,4,4,444,Champion
14295,4542,1,62.9519,4,4,4,444,Champion
16333,4535,1,62.9519,4,4,4,444,Champion
13850,4536,1,62.9519,4,4,4,444,Champion
23527,4539,1,62.9519,4,4,4,444,Champion
13074,4568,1,62.9519,4,4,4,444,Champion
22003,4502,1,62.9519,4,5,4,454,Champion
13654,4501,1,62.9519,3,5,4,354,Loyal
13444,4496,1,62.9519,3,5,4,354,Loyal
13656,4495,1,62.9519,3,5,4,354,Loyal
12788,4504,1,62.9519,4,5,4,454,Champion
22363,4513,1,62.9519,4,5,4,454,Champion
12797,4516,1,62.9519,4,5,4,454,Champion
13352,4518,1,62.9519,4,4,4,444,Champion
22366,4472,1,62.9519,3,4,4,344,Loyal
13457,4473,1,62.9519,3,4,4,344,Loyal
14097,4484,1,62.9519,3,4,4,344,Loyal
13228,4483,1,62.9519,3,4,4,344,Loyal
20341,4481,1,62.9519,3,4,4,344,Loyal
13235,4641,1,62.9519,5,5,4,554,Champion
14266,4632,1,62.9519,5,5,4,554,Champion
13302,4630,1,62.9519,5,5,4,554,Champion
13935,4629,1,62.9519,5,5,4,554,Champion
13933,4633,1,62.9519,5,5,4,554,Champion
13490,4620,1,62.9519,5,5,4,554,Champion
13945,4616,1,62.9519,5,5,4,554,Champion
13070,4613,1,62.9519,5,5,4,554,Champion
13942,4624,1,62.9519,5,5,4,554,Champion
14043,4626,1,62.9519,5,5,4,554,Champion
13432,4604,1,62.9519,5,5,4,554,Champion
12844,4606,1,62.9519,5,5,4,554,Champion
14849,4599,1,62.9519,5,5,4,554,Champion
13923,4590,1,62.9519,5,5,4,554,Champion
20299,4587,1,62.9519,5,5,4,554,Champion
14280,4580,1,62.9519,4,5,4,454,Champion
13980,4579,1,62.9519,4,5,4,454,Champion
14351,4611,1,62.9519,5,5,4,554,Champion
21431,4330,1,62.9519,1,4,4,144,At Risk
21295,4378,1,62.9519,2,3,4,234,At Risk
17197,4331,1,62.9519,1,3,4,134,At Risk
14980,4323,1,62.9519,1,4,4,144,At Risk
13094,4316,1,62.9519,1,4,4,144,At Risk
14029,4297,1,62.9519,1,4,4,144,At Risk
12974,4310,1,62.9519,1,4,4,144,At Risk
13470,4336,1,62.9519,1,4,4,144,At Risk
15250,4565,1,62.9519,4,4,4,444,Champion
13926,4565,1,62.9519,4,4,4,444,Champion
14075,4577,1,62.9519,4,4,4,444,Champion
15838,4571,1,62.9519,4,4,4,444,Champion
13439,4552,1,62.9519,4,4,4,444,Champion
13364,4555,1,62.9519,4,4,4,444,Champion
13754,4338,1,62.9519,1,4,4,144,At Risk
14781,4341,1,62.9519,1,4,4,144,At Risk
13475,4346,1,62.9519,1,4,4,144,At Risk
14972,4345,1,62.9519,1,4,4,144,At Risk
13192,4377,1,62.9519,2,3,4,234,At Risk
13392,4377,1,62.9519,2,3,4,234,At Risk
13922,4372,1,62.9519,2,3,4,234,At Risk
13459,4375,1,62.9519,2,3,4,234,At Risk
14410,4360,1,62.9519,1,3,4,134,At Risk
21973,4360,1,62.9519,1,3,4,134,At Risk
13317,4363,1,62.9519,1,3,4,134,At Risk
14144,4392,1,62.9519,2,3,4,234,At Risk
16604,4392,1,62.9519,2,3,4,234,At Risk
13223,4392,1,62.9519,2,3,4,234,At Risk
13413,4386,1,62.9519,2,3,4,234,At Risk
13951,4421,1,62.9519,2,3,4,234,At Risk
22020,4421,1,62.9519,2,3,4,234,At Risk
14515,4402,1,62.9519,2,3,4,234,At Risk
13196,4409,1,62.9519,2,3,4,234,At Risk
13242,4408,1,62.9519,2,3,4,234,At Risk
12910,4411,1,62.9519,2,3,4,234,At Risk
22080,4358,1,62.9519,1,3,4,134,At Risk
13282,4359,1,62.9519,1,3,4,134,At Risk
19050,4412,1,62.9519,2,3,4,234,At Risk
15279,4415,1,62.9519,2,3,4,234,At Risk
13921,4413,1,62.9519,2,3,4,234,At Risk
13374,4404,1,62.9519,2,3,4,234,At Risk
13188,4405,1,62.9519,2,3,4,234,At Risk
23563,4449,1,62.9519,3,3,4,334,Loyal
14004,4452,1,62.9519,3,3,4,334,Loyal
13740,4449,1,62.9519,3,3,4,334,Loyal
13194,4428,1,62.9519,3,3,4,334,Loyal
14248,4423,1,62.9519,2,3,4,234,At Risk
14331,4424,1,62.9519,2,3,4,234,At Risk
13332,4400,1,62.9519,2,3,4,234,At Risk
21656,4462,1,62.9519,3,3,4,334,Loyal
14383,4467,1,62.9519,3,3,4,334,Loyal
14349,4436,1,62.9519,3,3,4,334,Loyal
18124,4431,1,62.9519,3,3,4,334,Loyal
14092,4439,1,62.9519,3,3,4,334,Loyal
20547,4443,1,62.9519,3,2,4,324,Potential Loyalist
13360,4655,1,62.9519,5,5,4,554,Champion
12965,4655,1,62.9519,5,5,4,554,Champion
18986,4649,1,62.9519,5,5,4,554,Champion
14245,4660,1,62.9519,5,5,4,554,Champion
15278,4656,1,62.9519,5,5,4,554,Champion
22818,4661,1,62.9408,5,5,4,554,Champion
18411,4487,2,62.9408,3,1,4,314,Potential Loyalist
20240,4401,1,62.9408,2,3,4,234,At Risk
23004,4387,1,62.9408,2,3,4,234,At Risk
21124,4343,1,62.9408,1,4,4,144,At Risk
23301,4340,1,62.9408,1,4,4,144,At Risk
21531,4303,1,62.9408,1,4,4,144,At Risk
17712,4496,1,62.9408,3,5,4,354,Loyal
28404,4406,1,62.9298,2,3,4,234,At Risk
12095,4475,2,62.9077,3,1,4,314,Potential Loyalist
20764,4477,2,62.7198,3,1,4,314,Potential Loyalist
17702,4409,2,62.7198,2,2,4,224,Needs Attention
18728,4401,2,62.6646,2,2,4,224,Needs Attention
11024,4483,2,62.4436,3,1,4,314,Potential Loyalist
26412,4395,1,61.7806,2,3,4,234,At Risk
11467,4323,3,61.7365,1,1,4,114,Lost
11966,4338,3,61.6149,1,1,4,114,Lost
11284,4568,2,61.3054,4,2,4,424,Potential Loyalist
16780,4442,1,60.7529,3,2,4,324,Potential Loyalist
18498,4439,1,60.7529,3,3,4,334,Loyal
16647,4429,1,60.7529,3,3,4,334,Loyal
16801,4437,1,60.7529,3,3,4,334,Loyal
13502,4460,1,60.7529,3,3,4,334,Loyal
17607,4448,1,60.7529,3,3,4,334,Loyal
28912,4415,1,60.7529,2,3,4,234,At Risk
27643,4405,1,60.7529,2,3,4,234,At Risk
17019,4356,1,60.7529,1,3,4,134,At Risk
17457,4356,1,60.7529,1,3,4,134,At Risk
29288,4300,1,60.7529,1,4,4,144,At Risk
28289,4340,1,60.7529,1,4,4,144,At Risk
27793,4320,1,60.7529,1,4,4,144,At Risk
20499,4314,1,60.7529,1,4,4,144,At Risk
25196,4380,1,60.7529,2,3,4,234,At Risk
18536,4378,1,60.7529,2,3,4,234,At Risk
17528,4379,1,60.7529,2,3,4,234,At Risk
19222,4344,1,60.7529,1,4,4,144,At Risk
16796,4553,1,60.7529,4,4,4,444,Champion
16806,4349,1,60.7529,1,4,4,144,At Risk
19216,4571,1,60.7529,4,4,4,444,Champion
17407,4562,1,60.7529,4,4,4,444,Champion
21446,4561,1,60.7529,4,4,4,444,Champion
15317,4561,1,60.7529,4,4,4,444,Champion
27959,4477,1,60.7529,3,4,4,344,Loyal
16857,4566,1,60.7529,4,4,4,444,Champion
16774,4524,1,60.7529,4,4,4,444,Champion
16371,4524,1,60.7529,4,4,4,444,Champion
14508,4542,1,60.7529,4,4,4,444,Champion
27243,4583,1,60.7529,4,5,4,454,Champion
18063,4605,1,60.7529,5,5,4,554,Champion
29333,4623,1,60.7529,5,5,4,554,Champion
25265,4612,1,60.7529,5,5,4,554,Champion
12828,4613,1,60.7529,5,5,4,554,Champion
18760,4632,1,60.7529,5,5,4,554,Champion
18534,4628,1,60.7529,5,5,4,554,Champion
12029,4476,1,60.7419,3,4,4,344,Loyal
14568,4593,1,60.7308,5,5,4,554,Champion
14869,4302,1,60.7308,1,4,4,144,At Risk
14493,4351,1,60.7308,1,3,4,134,At Risk
20519,4357,1,60.7308,1,3,4,134,At Risk
15292,4413,1,60.7308,2,3,4,234,At Risk
17325,4391,2,60.7088,2,2,4,224,Needs Attention
16930,4323,2,60.1342,1,2,4,124,Needs Attention
19000,4309,2,59.9574,1,2,4,124,Needs Attention
25950,4338,1,59.9463,1,4,4,144,At Risk
15611,4525,1,59.9463,4,4,4,444,Champion
11230,4347,2,59.9131,1,2,4,124,Needs Attention
22744,4417,1,59.9021,2,3,4,234,At Risk
11476,4385,1,59.659,2,3,4,234,At Risk
29402,4416,1,59.659,2,3,4,234,At Risk
26368,4408,1,59.659,2,3,4,234,At Risk
29419,4410,1,59.659,2,3,4,234,At Risk
28777,4362,1,59.659,1,3,4,134,At Risk
11560,4353,1,59.659,1,3,4,134,At Risk
29329,4371,1,59.659,2,3,4,234,At Risk
29413,4342,1,59.659,1,4,4,144,At Risk
11471,4553,1,59.659,4,4,4,444,Champion
28782,4303,1,59.659,1,4,4,144,At Risk
26369,4299,1,59.659,1,4,4,144,At Risk
11487,4341,1,59.659,1,4,4,144,At Risk
11437,4337,1,59.659,1,4,4,144,At Risk
11543,4335,1,59.659,1,4,4,144,At Risk
28343,4524,1,59.659,4,4,4,444,Champion
25740,4524,1,59.659,4,4,4,444,Champion
29283,4538,1,59.659,4,4,4,444,Champion
29408,4478,1,59.659,3,4,4,344,Loyal
11407,4516,1,59.659,4,5,4,454,Champion
11545,4496,1,59.659,3,5,4,354,Loyal
29327,4500,1,59.659,3,5,4,354,Loyal
11563,4504,1,59.659,4,5,4,454,Champion
11478,4581,1,59.659,4,5,4,454,Champion
11405,4600,1,59.659,5,5,4,554,Champion
11490,4596,1,59.659,5,5,4,554,Champion
28344,4595,1,59.659,5,5,4,554,Champion
11551,4630,1,59.659,5,5,4,554,Champion
11567,4616,1,59.659,5,5,4,554,Champion
28331,4624,1,59.659,5,5,4,554,Champion
29405,4465,1,59.659,3,3,4,334,Loyal
29420,4431,1,59.659,3,3,4,334,Loyal
28334,4440,1,59.659,3,2,4,324,Potential Loyalist
28333,4653,1,59.659,5,5,4,554,Champion
23946,4397,1,59.6479,2,3,4,234,At Risk
24086,4422,1,59.6479,2,3,4,234,At Risk
27804,4422,1,59.6479,2,3,4,234,At Risk
25632,4625,1,59.6479,5,5,4,554,Champion
19521,4645,1,59.6479,5,5,4,554,Champion
22804,4594,1,59.6479,5,5,4,554,Champion
24543,4516,1,59.6479,4,5,4,454,Champion
24080,4481,1,59.6479,3,4,4,344,Loyal
26850,4532,1,59.6479,4,4,4,444,Champion
26361,4298,1,59.6479,1,4,4,144,At Risk
29162,4550,1,59.6479,4,4,4,444,Champion
20794,4385,1,59.6479,2,3,4,234,At Risk
12629,4370,1,59.6369,2,3,4,234,At Risk
12365,4533,2,59.6369,4,2,4,424,Potential Loyalist
16543,4439,2,59.6258,3,2,4,324,Potential Loyalist
26453,4409,1,59.6148,2,3,4,234,At Risk
12787,4422,2,59.1839,2,2,4,224,Needs Attention
16471,4353,1,59.0844,1,3,4,134,At Risk
13810,4337,1,59.0844,1,4,4,144,At Risk
19505,4522,1,59.0844,4,4,4,444,Champion
28985,4608,1,59.0844,5,5,4,554,Champion
16398,4620,1,59.0844,5,5,4,554,Champion
12597,4417,2,58.7971,2,2,4,224,Needs Attention
15448,4323,2,58.4877,1,2,4,124,Needs Attention
16571,4342,2,58.4766,1,2,4,124,Needs Attention
19625,4591,2,58.3109,5,1,4,514,Potential Loyalist
18600,4495,2,57.4269,3,1,4,314,Potential Loyalist
18081,4479,2,57.4269,3,1,4,314,Potential Loyalist
18535,4300,2,57.4269,1,2,4,124,Needs Attention
18018,4439,1,57.4269,3,3,4,334,Loyal
20898,4397,1,57.4269,2,3,4,234,At Risk
12592,4349,2,57.4159,1,2,4,124,Needs Attention
17083,4604,1,57.4158,5,5,4,554,Champion
25254,4478,1,57.4158,3,4,4,344,Loyal
26239,4377,1,57.4158,2,3,4,234,At Risk
11927,4297,2,57.3937,1,2,4,124,Needs Attention
17313,4514,2,57.3717,4,1,4,414,Potential Loyalist
15241,4472,2,57.3606,3,1,4,314,Potential Loyalist
15712,4411,2,56.9849,2,2,4,224,Needs Attention
16035,4301,2,56.8634,1,2,4,124,Needs Attention
18178,4297,2,56.8633,1,2,4,124,Needs Attention
15359,4435,1,56.8633,3,3,4,334,Loyal
23048,4569,1,56.8633,4,4,4,444,Champion
29047,4481,1,56.8633,3,4,4,344,Loyal
26069,4626,1,56.8633,5,5,4,554,Champion
12040,4319,2,56.6534,1,2,4,124,Needs Attention
12205,4326,2,56.6534,1,2,4,124,Needs Attention
12954,4524,2,56.6534,4,2,4,424,Potential Loyalist
12960,4543,2,56.6534,4,1,4,414,Potential Loyalist
12092,4536,2,56.6534,4,1,4,414,Potential Loyalist
13599,4417,2,56.6313,2,2,4,224,Needs Attention
15324,4339,1,56.2887,1,4,4,144,At Risk
22849,4347,1,55.5042,1,4,4,144,At Risk
16581,4392,1,55.5042,2,3,4,234,At Risk
12978,4504,1,55.5042,4,5,4,454,Champion
18149,4386,2,55.5042,2,2,4,224,Needs Attention
11655,4354,2,55.5042,1,2,4,124,Needs Attention
11220,4343,2,55.5042,1,2,4,124,Needs Attention
12144,4381,2,55.5042,2,2,4,224,Needs Attention
11880,4383,2,55.5042,2,2,4,224,Needs Attention
11627,4377,2,55.5042,2,2,4,224,Needs Attention
12185,4585,2,55.5042,5,1,4,514,Potential Loyalist
11889,4627,2,55.5042,5,1,4,514,Potential Loyalist
12458,4443,1,55.239,3,2,4,324,Potential Loyalist
29328,4462,1,55.239,3,3,4,334,Loyal
28594,4465,1,55.239,3,3,4,334,Loyal
12472,4469,1,55.239,3,3,4,334,Loyal
12469,4428,1,55.239,3,3,4,334,Loyal
12377,4515,1,55.239,4,5,4,454,Champion
12273,4477,1,55.239,3,4,4,344,Loyal
12278,4517,1,55.239,4,5,4,454,Champion
12331,4626,1,55.239,5,5,4,554,Champion
12639,4641,1,55.239,5,5,4,554,Champion
28595,4591,1,55.239,5,5,4,554,Champion
12379,4579,1,55.239,4,5,4,454,Champion
12268,4584,1,55.239,4,5,4,454,Champion
12635,4609,1,55.239,5,5,4,554,Champion
12396,4402,1,55.239,2,3,4,234,At Risk
12258,4416,1,55.239,2,3,4,234,At Risk
12389,4373,1,55.239,2,3,4,234,At Risk
12257,4351,1,55.239,1,3,4,134,At Risk
12470,4363,1,55.239,1,3,4,134,At Risk
29284,4345,1,55.239,1,4,4,144,At Risk
29337,4555,1,55.239,4,4,4,444,Champion
12477,4347,1,55.239,1,4,4,144,At Risk
29322,4337,1,55.239,1,4,4,144,At Risk
12322,4334,1,55.239,1,4,4,144,At Risk
12482,4331,1,55.239,1,3,4,134,At Risk
11585,4315,1,55.239,1,4,4,144,At Risk
28960,4319,1,55.2169,1,4,4,144,At Risk
20770,4376,1,55.2169,2,3,4,234,At Risk
20490,4326,1,55.2169,1,4,4,144,At Risk
22051,4334,1,55.2169,1,4,4,144,At Risk
20469,4339,1,55.2169,1,4,4,144,At Risk
22356,4299,1,55.2169,1,4,4,144,At Risk
26564,4297,1,55.2169,1,4,4,144,At Risk
22357,4311,1,55.2169,1,4,4,144,At Risk
12812,4554,1,55.2169,4,4,4,444,Champion
21624,4560,1,55.2169,4,4,4,444,Champion
29193,4346,1,55.2169,1,4,4,144,At Risk
13593,4341,1,55.2169,1,4,4,144,At Risk
21462,4338,1,55.2169,1,4,4,144,At Risk
21774,4344,1,55.2169,1,4,4,144,At Risk
21784,4556,1,55.2169,4,4,4,444,Champion
29321,4545,1,55.2169,4,4,4,444,Champion
20370,4562,1,55.2169,4,4,4,444,Champion
12557,4563,1,55.2169,4,4,4,444,Champion
20458,4571,1,55.2169,4,4,4,444,Champion
21782,4572,1,55.2169,4,4,4,444,Champion
21743,4571,1,55.2169,4,4,4,444,Champion
21933,4363,1,55.2169,1,3,4,134,At Risk
25543,4362,1,55.2169,1,3,4,134,At Risk
21705,4351,1,55.2169,1,3,4,134,At Risk
21503,4366,1,55.2169,1,3,4,134,At Risk
21763,4372,1,55.2169,2,3,4,234,At Risk
22022,4374,1,55.2169,2,3,4,234,At Risk
23259,4376,1,55.2169,2,3,4,234,At Risk
29296,4381,1,55.2169,2,3,4,234,At Risk
26366,4381,1,55.2169,2,3,4,234,At Risk
20692,4413,1,55.2169,2,3,4,234,At Risk
21809,4406,1,55.2169,2,3,4,234,At Risk
21415,4406,1,55.2169,2,3,4,234,At Risk
22337,4403,1,55.2169,2,3,4,234,At Risk
21502,4403,1,55.2169,2,3,4,234,At Risk
23262,4404,1,55.2169,2,3,4,234,At Risk
13598,4410,1,55.2169,2,3,4,234,At Risk
21760,4412,1,55.2169,2,3,4,234,At Risk
11596,4416,1,55.2169,2,3,4,234,At Risk
21744,4418,1,55.2169,2,3,4,234,At Risk
21729,4421,1,55.2169,2,3,4,234,At Risk
22010,4389,1,55.2169,2,3,4,234,At Risk
11474,4421,1,55.2169,2,3,4,234,At Risk
20489,4577,1,55.2169,4,5,4,454,Champion
24876,4580,1,55.2169,4,5,4,454,Champion
20410,4590,1,55.2169,5,5,4,554,Champion
21805,4585,1,55.2169,5,5,4,554,Champion
20413,4608,1,55.2169,5,5,4,554,Champion
12661,4600,1,55.2169,5,5,4,554,Champion
25001,4502,1,55.2169,4,5,4,454,Champion
28943,4508,1,55.2169,4,5,4,454,Champion
23274,4632,1,55.2169,5,5,4,554,Champion
21783,4634,1,55.2169,5,5,4,554,Champion
21443,4633,1,55.2169,5,5,4,554,Champion
21472,4626,1,55.2169,5,5,4,554,Champion
21158,4627,1,55.2169,5,5,4,554,Champion
21321,4616,1,55.2169,5,5,4,554,Champion
23271,4470,1,55.2169,3,4,4,344,Loyal
20267,4473,1,55.2169,3,4,4,344,Loyal
12591,4473,1,55.2169,3,4,4,344,Loyal
21708,4474,1,55.2169,3,4,4,344,Loyal
20474,4480,1,55.2169,3,4,4,344,Loyal
12748,4479,1,55.2169,3,4,4,344,Loyal
29122,4479,1,55.2169,3,4,4,344,Loyal
21452,4510,1,55.2169,4,5,4,454,Champion
21328,4501,1,55.2169,4,5,4,454,Champion
12720,4527,1,55.2169,4,4,4,444,Champion
21458,4524,1,55.2169,4,4,4,444,Champion
20507,4525,1,55.2169,4,4,4,444,Champion
29120,4531,1,55.2169,4,4,4,444,Champion
21157,4530,1,55.2169,4,4,4,444,Champion
21244,4535,1,55.2169,4,4,4,444,Champion
24268,4543,1,55.2169,4,4,4,444,Champion
12714,4490,1,55.2169,3,4,4,344,Loyal
20435,4493,1,55.2169,3,4,4,344,Loyal
20635,4494,1,55.2169,3,4,4,344,Loyal
21397,4492,1,55.2169,3,4,4,344,Loyal
21634,4428,1,55.2169,3,3,4,334,Loyal
22347,4429,1,55.2169,3,3,4,334,Loyal
20514,4422,1,55.2169,2,3,4,234,At Risk
12734,4425,1,55.2169,2,3,4,234,At Risk
20486,4426,1,55.2169,2,3,4,234,At Risk
21751,4455,1,55.2169,3,3,4,334,Loyal
28100,4466,1,55.2169,3,3,4,334,Loyal
20518,4464,1,55.2169,3,3,4,334,Loyal
21337,4458,1,55.2169,3,3,4,334,Loyal
21694,4433,1,55.2169,3,3,4,334,Loyal
12600,4439,1,55.2169,3,3,4,334,Loyal
23248,4429,1,55.2169,3,3,4,334,Loyal
21003,4649,1,55.2169,5,5,4,554,Champion
23249,4656,1,55.2169,5,5,4,554,Champion
23215,4424,1,55.2058,2,3,4,234,At Risk
23083,4474,1,55.1395,3,4,4,344,Loyal
19972,4413,2,54.9185,2,2,4,224,Needs Attention
15449,4329,2,54.7638,1,2,4,124,Needs Attention
25933,4450,1,54.6754,3,3,4,334,Loyal
26244,4449,1,54.6754,3,3,4,334,Loyal
26332,4462,1,54.6754,3,3,4,334,Loyal
26523,4399,1,54.6754,2,3,4,234,At Risk
26065,4400,1,54.6754,2,3,4,234,At Risk
25258,4457,1,54.6754,3,3,4,334,Loyal
26525,4431,1,54.6754,3,3,4,334,Loyal
18037,4438,1,54.6754,3,3,4,334,Loyal
26088,4434,1,54.6754,3,3,4,334,Loyal
26639,4474,1,54.6754,3,4,4,344,Loyal
26345,4470,1,54.6754,3,4,4,344,Loyal
25894,4483,1,54.6754,3,4,4,344,Loyal
15045,4484,1,54.6754,3,4,4,344,Loyal
26064,4511,1,54.6754,4,5,4,454,Champion
26478,4492,1,54.6754,3,4,4,344,Loyal
21515,4533,1,54.6754,4,4,4,444,Champion
25003,4523,1,54.6754,4,4,4,444,Champion
16320,4630,1,54.6754,5,5,4,554,Champion
25351,4595,1,54.6754,5,5,4,554,Champion
16194,4607,1,54.6754,5,5,4,554,Champion
26477,4409,1,54.6754,2,3,4,234,At Risk
26501,4413,1,54.6754,2,3,4,234,At Risk
17817,4365,1,54.6754,1,3,4,134,At Risk
16304,4570,1,54.6754,4,4,4,444,Champion
26062,4552,1,54.6754,4,4,4,444,Champion
26508,4560,1,54.6754,4,4,4,444,Champion
25932,4304,1,54.6754,1,4,4,144,At Risk
17851,4299,1,54.6754,1,4,4,144,At Risk
26008,4305,1,54.6754,1,4,4,144,At Risk
19908,4332,1,54.6754,1,4,4,144,At Risk
16462,4315,1,54.6754,1,4,4,144,At Risk
11258,4494,2,54.3992,3,1,4,314,Potential Loyalist
23150,4350,1,54.3881,1,3,4,134,At Risk
12932,4390,2,54.123,2,2,4,224,Needs Attention
12894,4421,2,54.1229,2,2,4,224,Needs Attention
12893,4342,2,54.1229,1,2,4,124,Needs Attention
14695,4383,1,54.1229,2,3,4,234,At Risk
13028,4334,1,54.1229,1,4,4,144,At Risk
22843,4588,1,54.1229,5,5,4,554,Champion
21565,4642,1,54.1229,5,5,4,554,Champion
13696,4638,1,54.1119,5,5,4,554,Champion
22569,4612,1,54.1119,5,5,4,554,Champion
21680,4625,1,54.1119,5,5,4,554,Champion
25503,4502,1,54.1119,4,5,4,454,Champion
22553,4503,1,54.1119,4,5,4,454,Champion
24243,4524,1,54.1119,4,4,4,444,Champion
19762,4489,1,54.1119,3,4,4,344,Loyal
16652,4485,1,54.1119,3,4,4,344,Loyal
13569,4539,1,54.1119,4,4,4,444,Champion
27840,4540,1,54.1119,4,4,4,444,Champion
19045,4543,1,54.1119,4,4,4,444,Champion
22588,4500,1,54.1119,3,5,4,354,Loyal
11342,4497,1,54.1119,3,5,4,354,Loyal
26208,4514,1,54.1119,4,5,4,454,Champion
22507,4515,1,54.1119,4,5,4,454,Champion
21821,4482,1,54.1119,3,4,4,344,Loyal
14968,4479,1,54.1119,3,4,4,344,Loyal
22545,4473,1,54.1119,3,4,4,344,Loyal
11384,4476,1,54.1119,3,4,4,344,Loyal
23548,4335,1,54.1119,1,4,4,144,At Risk
18630,4340,1,54.1119,1,4,4,144,At Risk
19072,4297,1,54.1119,1,4,4,144,At Risk
28677,4313,1,54.1119,1,4,4,144,At Risk
16883,4320,1,54.1119,1,4,4,144,At Risk
14785,4321,1,54.1119,1,4,4,144,At Risk
11383,4324,1,54.1119,1,4,4,144,At Risk
11390,4379,1,54.1119,2,3,4,234,At Risk
22796,4554,1,54.1119,4,4,4,444,Champion
19939,4347,1,54.1119,1,4,4,144,At Risk
24216,4349,1,54.1119,1,4,4,144,At Risk
24133,4558,1,54.1119,4,4,4,444,Champion
14153,4559,1,54.1119,4,4,4,444,Champion
12870,4343,1,54.1119,1,4,4,144,At Risk
21129,4338,1,54.1119,1,4,4,144,At Risk
27816,4546,1,54.1119,4,4,4,444,Champion
13826,4380,1,54.1119,2,3,4,234,At Risk
28886,4353,1,54.1119,1,3,4,134,At Risk
27805,4375,1,54.1119,2,3,4,234,At Risk
25670,4362,1,54.1119,1,3,4,134,At Risk
22496,4412,1,54.1119,2,3,4,234,At Risk
12872,4358,1,54.1119,1,3,4,134,At Risk
14964,4358,1,54.1119,1,3,4,134,At Risk
16279,4420,1,54.1119,2,3,4,234,At Risk
21842,4434,1,54.1119,3,3,4,334,Loyal
19183,4440,1,54.1119,3,2,4,324,Potential Loyalist
14550,4440,1,54.1119,3,2,4,324,Potential Loyalist
21086,4464,1,54.1119,3,3,4,334,Loyal
28910,4428,1,54.1119,3,3,4,334,Loyal
12636,4495,2,54.1119,3,1,4,314,Potential Loyalist
21120,4657,1,54.1119,5,5,4,554,Champion
25820,4648,1,54.1119,5,5,4,554,Champion
26233,4655,1,54.1119,5,5,4,554,Champion
13509,4532,2,54.1008,4,2,4,424,Potential Loyalist
13493,4576,2,54.1008,4,2,4,424,Potential Loyalist
12871,4304,2,54.1008,1,2,4,124,Needs Attention
11143,4337,2,53.6588,1,2,4,124,Needs Attention
11159,4379,2,53.6588,2,2,4,224,Needs Attention
11174,4484,2,53.6588,3,1,4,314,Potential Loyalist
19953,4319,2,53.5373,1,2,4,124,Needs Attention
11043,4460,2,53.0179,3,2,4,324,Potential Loyalist
26900,4423,1,53.0069,2,3,4,234,At Risk
19488,4400,1,53.0069,2,3,4,234,At Risk
29331,4459,1,53.0069,3,3,4,334,Loyal
20057,4437,1,53.0069,3,3,4,334,Loyal
20932,4374,1,53.0069,2,3,4,234,At Risk
23631,4306,1,53.0069,1,4,4,144,At Risk
25699,4533,1,53.0069,4,4,4,444,Champion
28338,4534,1,53.0069,4,4,4,444,Champion
24130,4530,1,53.0069,4,4,4,444,Champion
27782,4634,1,53.0069,5,5,4,554,Champion
29347,4633,1,53.0069,5,5,4,554,Champion
25627,4650,1,53.0069,5,5,4,554,Champion
29428,4654,1,52.9958,5,5,4,554,Champion
27530,4607,1,52.9958,5,5,4,554,Champion
26552,4518,1,52.9958,4,4,4,444,Champion
23913,4326,1,52.9958,1,4,4,144,At Risk
27390,4348,1,52.9958,1,4,4,144,At Risk
11863,4443,2,52.9738,3,2,4,324,Potential Loyalist
11928,4343,2,52.9738,1,2,4,124,Needs Attention
12197,4563,2,52.9738,4,2,4,424,Potential Loyalist
11864,4533,2,52.9738,4,2,4,424,Potential Loyalist
11926,4521,2,52.9738,4,1,4,414,Potential Loyalist
11882,4497,2,52.9738,3,1,4,314,Potential Loyalist
17211,4645,1,52.9737,5,5,4,554,Champion
11463,4343,3,52.9517,1,1,4,114,Lost
11749,4325,3,52.9517,1,1,4,114,Lost
11753,4402,3,52.9517,2,1,4,214,Needs Attention
11314,4353,2,52.5207,1,2,4,124,Needs Attention
20655,4446,1,52.3991,3,3,4,334,Loyal
17110,4418,2,52.2223,2,2,4,224,Needs Attention
16460,4363,2,52.2223,1,2,4,124,Needs Attention
16459,4596,2,52.2223,5,1,4,514,Potential Loyalist
16454,4577,2,52.2223,4,2,4,424,Potential Loyalist
16449,4545,2,52.2223,4,2,4,424,Potential Loyalist
16511,4494,2,52.2223,3,1,4,314,Potential Loyalist
16437,4527,2,52.2223,4,2,4,424,Potential Loyalist
19087,4653,2,52.156,5,1,4,514,Potential Loyalist
23790,4502,1,51.7472,4,5,4,454,Champion
24737,4598,1,51.7472,5,5,4,554,Champion
24435,4582,1,51.7472,4,5,4,454,Champion
25160,4524,1,51.7472,4,4,4,444,Champion
14177,4348,1,51.7472,1,4,4,144,At Risk
19962,4490,2,51.6588,3,1,4,314,Potential Loyalist
17355,4508,2,51.3494,4,1,4,414,Potential Loyalist
17375,4322,2,51.3494,1,2,4,124,Needs Attention
13191,4448,1,51.3494,3,3,4,334,Loyal
14293,4460,1,51.3494,3,3,4,334,Loyal
15249,4443,1,51.3494,3,2,4,324,Potential Loyalist
13061,4441,1,51.3494,3,2,4,324,Potential Loyalist
20771,4378,1,51.3494,2,3,4,234,At Risk
19823,4353,1,51.3494,1,3,4,134,At Risk
13441,4357,1,51.3494,1,3,4,134,At Risk
13761,4515,1,51.3494,4,5,4,454,Champion
13245,4502,1,51.3494,4,5,4,454,Champion
14369,4503,1,51.3494,4,5,4,454,Champion
17189,4622,1,51.3494,5,5,4,554,Champion
13989,4612,1,51.3494,5,5,4,554,Champion
15000,4635,1,51.3494,5,5,4,554,Champion
12878,4636,1,51.3494,5,5,4,554,Champion
12093,4303,2,51.1395,1,2,4,124,Needs Attention
11190,4309,2,51.1284,1,2,4,124,Needs Attention
11221,4400,2,51.1284,2,2,4,224,Needs Attention
11163,4473,2,51.1284,3,1,4,314,Potential Loyalist
11183,4526,2,51.1284,4,2,4,424,Potential Loyalist
19781,4549,2,51.1173,4,2,4,424,Potential Loyalist
11755,4461,3,51.1063,3,1,4,314,Potential Loyalist
18253,4464,2,50.7748,3,2,4,324,Potential Loyalist
18258,4388,2,50.7748,2,2,4,224,Needs Attention
18221,4452,2,50.7748,3,2,4,324,Potential Loyalist
13300,4448,1,50.7748,3,3,4,334,Loyal
15260,4596,1,50.7748,5,5,4,554,Champion
15173,4579,1,50.7748,4,5,4,454,Champion
14358,4480,1,50.7748,3,4,4,344,Loyal
14296,4542,1,50.7748,4,4,4,444,Champion
17208,4490,1,50.7748,3,4,4,344,Loyal
13755,4353,1,50.7748,1,3,4,134,At Risk
13033,4308,1,50.7748,1,4,4,144,At Risk
12778,4336,1,50.7748,1,4,4,144,At Risk
20202,4348,1,50.7748,1,4,4,144,At Risk
19055,4346,1,50.7748,1,4,4,144,At Risk
13857,4346,1,50.7748,1,4,4,144,At Risk
24313,4552,1,50.3659,4,4,4,444,Champion
25154,4333,1,50.3659,1,4,4,144,At Risk
25149,4356,1,50.3659,1,3,4,134,At Risk
24401,4479,1,50.3659,3,4,4,344,Loyal
28412,4636,1,50.3659,5,5,4,554,Champion
24389,4645,1,50.3659,5,5,4,554,Champion
24294,4435,1,50.3659,3,3,4,334,Loyal
13412,4336,2,50.0124,1,2,4,124,Needs Attention
12602,4330,2,50.0124,1,2,4,124,Needs Attention
12729,4472,2,50.0124,3,1,4,314,Potential Loyalist
12654,4513,2,50.0124,4,1,4,414,Potential Loyalist
22037,4433,1,49.9681,3,3,4,334,Loyal
19388,4583,1,49.9681,4,5,4,454,Champion
19449,4512,1,49.9681,4,5,4,454,Champion
23199,4493,1,49.9681,3,4,4,344,Loyal
22364,4491,1,49.9681,3,4,4,344,Loyal
23184,4542,1,49.9681,4,4,4,444,Champion
23353,4417,1,49.9681,2,3,4,234,At Risk
22105,4324,1,49.9681,1,4,4,144,At Risk
23126,4346,1,49.9681,1,4,4,144,At Risk
22007,4346,1,49.7029,1,4,4,144,At Risk
13601,4322,1,49.7029,1,4,4,144,At Risk
13578,4310,1,49.7029,1,4,4,144,At Risk
21717,4297,1,49.7029,1,4,4,144,At Risk
12660,4356,1,49.7029,1,3,4,134,At Risk
21693,4539,1,49.7029,4,4,4,444,Champion
21353,4495,1,49.7029,3,5,4,354,Loyal
13594,4481,1,49.7029,3,4,4,344,Loyal
21801,4473,1,49.7029,3,4,4,344,Loyal
12737,4593,1,49.7029,5,5,4,554,Champion
28950,4584,1,49.7029,4,5,4,454,Champion
13610,4610,1,49.7029,5,5,4,554,Champion
23251,4614,1,49.7029,5,5,4,554,Champion
21474,4635,1,49.7029,5,5,4,554,Champion
20522,4462,1,49.7029,3,3,4,334,Loyal
21287,4463,1,49.7029,3,3,4,334,Loyal
16464,4440,2,49.6919,3,2,4,324,Potential Loyalist
16542,4330,2,49.6919,1,2,4,124,Needs Attention
16574,4360,2,49.6919,1,2,4,124,Needs Attention
24260,4349,1,49.6919,1,4,4,144,At Risk
16926,4336,2,49.6698,1,2,4,124,Needs Attention
16738,4550,2,49.6698,4,2,4,424,Potential Loyalist
12896,4601,1,49.6256,5,5,4,554,Champion
18187,4536,1,49.6256,4,4,4,444,Champion
21580,4528,1,49.6256,4,4,4,444,Champion
13458,4652,1,49.6256,5,5,4,554,Champion
11322,4549,2,49.2499,4,2,4,424,Potential Loyalist
11504,4567,2,49.2499,4,2,4,424,Potential Loyalist
11620,4482,2,49.2499,3,1,4,314,Potential Loyalist
11279,4517,2,49.2499,4,1,4,414,Potential Loyalist
11532,4329,2,49.2499,1,2,4,124,Needs Attention
11521,4379,2,49.2499,2,2,4,224,Needs Attention
11318,4378,2,49.2499,2,2,4,224,Needs Attention
11313,4360,2,49.2499,1,2,4,124,Needs Attention
15052,4360,2,49.2499,1,2,4,124,Needs Attention
11283,4450,2,49.2499,3,2,4,324,Potential Loyalist
24968,4512,1,49.2167,4,5,4,454,Champion
23714,4625,1,49.2167,5,5,4,554,Champion
12824,4346,1,49.2167,1,4,4,144,At Risk
20224,4412,2,49.1283,2,2,4,224,Needs Attention
26557,4559,1,48.8631,4,4,4,444,Champion
23745,4570,1,48.8631,4,4,4,444,Champion
23955,4338,1,48.8631,1,4,4,144,At Risk
26804,4515,1,48.8631,4,5,4,454,Champion
26794,4495,1,48.8631,3,5,4,354,Loyal
24016,4488,1,48.8631,3,4,4,344,Loyal
19976,4510,2,48.6643,4,1,4,414,Potential Loyalist
12046,4582,2,48.609,4,1,4,414,Potential Loyalist
12985,4486,2,48.609,3,1,4,314,Potential Loyalist
12047,4400,2,48.609,2,2,4,224,Needs Attention
12099,4381,2,48.609,2,2,4,224,Needs Attention
12957,4329,2,48.609,1,2,4,124,Needs Attention
11127,4416,2,48.598,2,2,4,224,Needs Attention
12269,4512,1,48.5979,4,5,4,454,Champion
11579,4478,1,48.5979,3,4,4,344,Loyal
11424,4579,1,48.5979,4,5,4,454,Champion
28784,4335,1,48.5979,1,4,4,144,At Risk
12313,4310,1,48.5979,1,4,4,144,At Risk
11441,4317,1,48.5979,1,4,4,144,At Risk
12375,4314,1,48.5979,1,4,4,144,At Risk
12227,4571,1,48.5979,4,4,4,444,Champion
23490,4557,1,48.5869,4,4,4,444,Champion
19509,4384,1,48.5869,2,3,4,234,At Risk
23491,4483,1,48.5869,3,4,4,344,Loyal
21074,4515,1,48.5869,4,5,4,454,Champion
23689,4505,1,48.5869,4,5,4,454,Champion
13516,4462,2,48.5869,3,2,4,324,Potential Loyalist
22823,4437,1,48.5869,3,3,4,334,Loyal
13507,4575,2,48.5869,4,2,4,424,Potential Loyalist
17318,4574,2,48.5869,4,2,4,424,Potential Loyalist
21703,4321,2,48.5758,1,2,4,124,Needs Attention
27835,4636,1,48.0233,5,5,4,554,Champion
15822,4406,2,47.7471,2,2,4,224,Needs Attention
16173,4537,2,47.7471,4,1,4,414,Potential Loyalist
12598,4414,2,47.4819,2,2,4,224,Needs Attention
12567,4412,2,47.4819,2,2,4,224,Needs Attention
12733,4441,2,47.4819,3,2,4,324,Potential Loyalist
12593,4449,2,47.4819,3,2,4,324,Potential Loyalist
20731,4601,1,47.4819,5,5,4,554,Champion
27153,4605,1,47.4819,5,5,4,554,Champion
27135,4501,1,47.4819,4,5,4,454,Champion
28430,4473,1,47.4819,3,4,4,344,Loyal
26712,4478,1,47.4819,3,4,4,344,Loyal
26881,4489,1,47.4819,3,4,4,344,Loyal
27304,4417,1,47.4819,2,3,4,234,At Risk
25696,4419,1,47.4819,2,3,4,234,At Risk
25915,4390,1,47.4819,2,3,4,234,At Risk
28455,4558,1,47.4819,4,4,4,444,Champion
27610,4552,1,47.4819,4,4,4,444,Champion
27630,4551,1,47.4819,4,4,4,444,Champion
27318,4321,1,47.4819,1,4,4,144,At Risk
27330,4329,1,47.4819,1,4,4,144,At Risk
28435,4305,1,47.4819,1,4,4,144,At Risk
12150,4443,2,47.4598,3,2,4,324,Potential Loyalist
12157,4357,2,47.4598,1,2,4,124,Needs Attention
11938,4316,2,47.4598,1,2,4,124,Needs Attention
11923,4316,2,47.4598,1,2,4,124,Needs Attention
11877,4328,2,47.4598,1,2,4,124,Needs Attention
11866,4573,2,47.4598,4,2,4,424,Potential Loyalist
11122,4456,3,47.4378,3,1,4,314,Potential Loyalist
21521,4462,1,47.4377,3,3,4,334,Loyal
19391,4423,1,47.4377,2,3,4,234,At Risk
23291,4303,1,47.4377,1,4,4,144,At Risk
23599,4340,1,47.4377,1,4,4,144,At Risk
20873,4565,1,47.4377,4,4,4,444,Champion
23736,4566,1,47.4377,4,4,4,444,Champion
23692,4499,1,47.4377,3,5,4,354,Loyal
20594,4601,1,47.4377,5,5,4,554,Champion
20963,4625,1,47.4377,5,5,4,554,Champion
21678,4622,1,47.4377,5,5,4,554,Champion
23670,4661,1,47.4377,5,5,4,554,Champion
24398,4582,1,47.3382,4,5,4,454,Champion
24821,4487,1,47.3382,3,4,4,344,Loyal
24992,4534,1,47.3382,4,4,4,444,Champion
24391,4540,1,47.3382,4,4,4,444,Champion
11306,4440,2,46.7195,3,2,4,324,Potential Loyalist
11635,4426,2,46.7195,2,2,4,224,Needs Attention
11269,4437,2,46.7195,3,2,4,324,Potential Loyalist
11309,4320,2,46.7195,1,2,4,124,Needs Attention
11644,4320,2,46.7195,1,2,4,124,Needs Attention
11294,4322,2,46.7195,1,2,4,124,Needs Attention
11315,4339,2,46.7195,1,2,4,124,Needs Attention
11524,4400,2,46.7195,2,2,4,224,Needs Attention
11312,4537,2,46.7195,4,1,4,414,Potential Loyalist
21174,4428,1,46.7194,3,3,4,334,Loyal
13017,4459,1,46.7194,3,3,4,334,Loyal
22204,4494,1,46.7194,3,4,4,344,Loyal
12436,4523,1,46.7194,4,4,4,444,Champion
13773,4499,1,46.7194,3,5,4,354,Loyal
14543,4504,1,46.7194,4,5,4,454,Champion
14696,4588,1,46.7194,5,5,4,554,Champion
22208,4600,1,46.7194,5,5,4,554,Champion
11936,4595,1,46.7194,5,5,4,554,Champion
14537,4502,1,46.7194,4,5,4,454,Champion
12497,4508,1,46.7194,4,5,4,454,Champion
27704,4622,1,46.7194,5,5,4,554,Champion
22006,4613,1,46.7194,5,5,4,554,Champion
12420,4616,1,46.7194,5,5,4,554,Champion
21172,4619,1,46.7194,5,5,4,554,Champion
21566,4635,1,46.7194,5,5,4,554,Champion
21961,4629,1,46.7194,5,5,4,554,Champion
14703,4642,1,46.7194,5,5,4,554,Champion
27496,4571,1,46.7194,4,4,4,444,Champion
19266,4545,1,46.7194,4,4,4,444,Champion
19267,4341,1,46.7194,1,4,4,144,At Risk
19650,4341,1,46.7194,1,4,4,144,At Risk
16583,4317,1,46.7194,1,4,4,144,At Risk
19674,4416,1,46.7194,2,3,4,234,At Risk
12408,4417,1,46.7194,2,3,4,234,At Risk
22214,4418,1,46.7194,2,3,4,234,At Risk
27149,4411,1,46.7194,2,3,4,234,At Risk
21224,4409,1,46.7194,2,3,4,234,At Risk
13167,4380,1,46.7194,2,3,4,234,At Risk
15698,4375,1,46.7194,2,3,4,234,At Risk
19265,4361,1,46.7194,1,3,4,134,At Risk
21190,4651,1,46.7194,5,5,4,554,Champion
21883,4657,1,46.7194,5,5,4,554,Champion
21407,4662,1,46.7194,5,5,4,554,Champion
15791,4354,2,46.6974,1,2,4,124,Needs Attention
23458,4468,1,46.3548,3,3,4,334,Loyal
14898,4354,1,46.3548,1,3,4,134,At Risk
21726,4495,1,46.3548,3,5,4,354,Loyal
15854,4526,1,46.3548,4,4,4,444,Champion
22704,4524,1,46.3327,4,4,4,444,Champion
27016,4624,1,46.3327,5,5,4,554,Champion
27010,4313,1,46.3327,1,4,4,144,At Risk
26403,4441,1,46.3327,3,2,4,324,Potential Loyalist
19627,4574,2,46.1338,4,2,4,424,Potential Loyalist
25900,4552,1,45.957,4,4,4,444,Champion
11181,4498,2,45.6145,3,1,4,314,Potential Loyalist
11186,4318,2,45.6145,1,2,4,124,Needs Attention
11193,4460,2,45.6144,3,2,4,324,Potential Loyalist
11157,4436,2,45.6144,3,2,4,324,Potential Loyalist
15031,4454,2,45.6034,3,2,4,324,Potential Loyalist
15217,4360,2,45.5924,1,2,4,124,Needs Attention
11149,4357,3,45.5924,1,1,4,114,Lost
11913,4330,3,45.5924,1,1,4,114,Lost
17331,4443,2,45.2609,3,2,4,324,Potential Loyalist
12595,4474,2,44.4984,3,1,4,314,Potential Loyalist
14859,4313,2,44.4874,1,2,4,124,Needs Attention
15020,4367,2,44.4874,1,2,4,124,Needs Attention
15465,4419,2,44.4542,2,2,4,224,Needs Attention
22326,4380,1,44.4542,2,3,4,234,At Risk
20928,4389,1,44.4542,2,3,4,234,At Risk
22746,4492,1,44.4542,3,4,4,344,Loyal
21972,4542,1,44.4542,4,4,4,444,Champion
17823,4476,1,44.4542,3,4,4,344,Loyal
25416,4490,1,44.4431,3,4,4,344,Loyal
26105,4527,1,44.4431,4,4,4,444,Champion
25855,4634,1,44.4431,5,5,4,554,Champion
21533,4505,1,44.4431,4,5,4,454,Champion
26009,4328,1,44.4431,1,4,4,144,At Risk
21185,4325,1,44.189,1,4,4,144,At Risk
19268,4310,1,44.189,1,4,4,144,At Risk
12028,4421,1,44.189,2,3,4,234,At Risk
14710,4407,1,44.189,2,3,4,234,At Risk
29378,4375,1,44.189,2,3,4,234,At Risk
22852,4366,1,44.189,1,3,4,134,At Risk
21997,4383,1,44.189,2,3,4,234,At Risk
22844,4600,1,44.189,5,5,4,554,Champion
21210,4607,1,44.189,5,5,4,554,Champion
21563,4630,1,44.189,5,5,4,554,Champion
11140,4612,1,44.189,5,5,4,554,Champion
21963,4565,1,44.189,4,4,4,444,Champion
22212,4567,1,44.189,4,4,4,444,Champion
14810,4535,1,44.189,4,4,4,444,Champion
12427,4535,1,44.189,4,4,4,444,Champion
22853,4543,1,44.189,4,4,4,444,Champion
21177,4472,1,44.189,3,4,4,344,Loyal
29372,4517,1,44.189,4,5,4,454,Champion
21890,4482,1,44.189,3,4,4,344,Loyal
11514,4515,1,44.189,4,5,4,454,Champion
12498,4510,1,44.189,4,5,4,454,Champion
12416,4510,1,44.189,4,5,4,454,Champion
21209,4440,1,44.189,3,2,4,324,Potential Loyalist
27144,4438,1,44.189,3,3,4,334,Loyal
21960,4434,1,44.189,3,3,4,334,Loyal
21178,4466,1,44.189,3,3,4,334,Loyal
21880,4447,1,44.189,3,3,4,334,Loyal
13818,4659,1,44.189,5,5,4,554,Champion
21887,4655,1,44.189,5,5,4,554,Champion
22848,4654,1,44.189,5,5,4,554,Champion
23235,4655,1,44.1779,5,5,4,554,Champion
16814,4656,1,44.1779,5,5,4,554,Champion
14761,4656,1,44.1779,5,5,4,554,Champion
24890,4652,1,44.1779,5,5,4,554,Champion
23679,4653,1,44.1779,5,5,4,554,Champion
29040,4653,1,44.1779,5,5,4,554,Champion
14512,4653,1,44.1779,5,5,4,554,Champion
14507,4647,1,44.1779,5,5,4,554,Champion
16057,4647,1,44.1779,5,5,4,554,Champion
15469,4650,1,44.1779,5,5,4,554,Champion
19277,4649,1,44.1779,5,5,4,554,Champion
15330,4650,1,44.1779,5,5,4,554,Champion
27981,4659,1,44.1779,5,5,4,554,Champion
26132,4659,1,44.1779,5,5,4,554,Champion
21861,4659,1,44.1779,5,5,4,554,Champion
27968,4657,1,44.1779,5,5,4,554,Champion
21366,4658,1,44.1779,5,5,4,554,Champion
15430,4656,1,44.1779,5,5,4,554,Champion
21339,4656,1,44.1779,5,5,4,554,Champion
15257,4656,1,44.1779,5,5,4,554,Champion
24094,4661,1,44.1779,5,5,4,554,Champion
13574,4660,1,44.1779,5,5,4,554,Champion
15408,4447,1,44.1779,3,3,4,334,Loyal
21043,4448,1,44.1779,3,3,4,334,Loyal
18235,4447,1,44.1779,3,3,4,334,Loyal
16994,4447,1,44.1779,3,3,4,334,Loyal
14807,4425,1,44.1779,2,3,4,234,At Risk
18778,4425,1,44.1779,2,3,4,234,At Risk
25236,4424,1,44.1779,2,3,4,234,At Risk
24869,4424,1,44.1779,2,3,4,234,At Risk
23968,4427,1,44.1779,3,3,4,334,Loyal
23459,4427,1,44.1779,3,3,4,334,Loyal
14588,4427,1,44.1779,3,3,4,334,Loyal
14637,4423,1,44.1779,2,3,4,234,At Risk
23551,4428,1,44.1779,3,3,4,334,Loyal
23317,4427,1,44.1779,3,3,4,334,Loyal
15168,4427,1,44.1779,3,3,4,334,Loyal
15740,4429,1,44.1779,3,3,4,334,Loyal
17674,4429,1,44.1779,3,3,4,334,Loyal
22869,4428,1,44.1779,3,3,4,334,Loyal
16901,4422,1,44.1779,2,3,4,234,At Risk
15608,4450,1,44.1779,3,3,4,334,Loyal
23087,4450,1,44.1779,3,3,4,334,Loyal
25518,4451,1,44.1779,3,3,4,334,Loyal
22026,4449,1,44.1779,3,3,4,334,Loyal
28887,4449,1,44.1779,3,3,4,334,Loyal
22911,4452,1,44.1779,3,3,4,334,Loyal
23985,4452,1,44.1779,3,3,4,334,Loyal
20441,4453,1,44.1779,3,3,4,334,Loyal
23329,4455,1,44.1779,3,3,4,334,Loyal
28029,4454,1,44.1779,3,3,4,334,Loyal
27812,4460,1,44.1779,3,3,4,334,Loyal
21916,4464,1,44.1779,3,3,4,334,Loyal
24853,4461,1,44.1779,3,3,4,334,Loyal
17618,4461,1,44.1779,3,3,4,334,Loyal
14850,4461,1,44.1779,3,3,4,334,Loyal
24755,4468,1,44.1779,3,3,4,334,Loyal
22957,4467,1,44.1779,3,3,4,334,Loyal
28213,4467,1,44.1779,3,3,4,334,Loyal
16153,4466,1,44.1779,3,3,4,334,Loyal
27954,4457,1,44.1779,3,3,4,334,Loyal
26136,4468,1,44.1779,3,3,4,334,Loyal
15510,4456,1,44.1779,3,3,4,334,Loyal
26891,4458,1,44.1779,3,3,4,334,Loyal
21663,4459,1,44.1779,3,3,4,334,Loyal
12800,4458,1,44.1779,3,3,4,334,Loyal
14826,4463,1,44.1779,3,3,4,334,Loyal
18343,4462,1,44.1779,3,3,4,334,Loyal
17560,4463,1,44.1779,3,3,4,334,Loyal
28007,4463,1,44.1779,3,3,4,334,Loyal
15513,4462,1,44.1779,3,3,4,334,Loyal
24603,4401,1,44.1779,2,3,4,234,At Risk
16719,4398,1,44.1779,2,3,4,234,At Risk
17679,4398,1,44.1779,2,3,4,234,At Risk
26686,4397,1,44.1779,2,3,4,234,At Risk
15401,4398,1,44.1779,2,3,4,234,At Risk
28291,4433,1,44.1779,3,3,4,334,Loyal
20102,4433,1,44.1779,3,3,4,334,Loyal
23401,4435,1,44.1779,3,3,4,334,Loyal
25123,4436,1,44.1779,3,3,4,334,Loyal
14959,4437,1,44.1779,3,3,4,334,Loyal
24610,4437,1,44.1779,3,3,4,334,Loyal
14600,4437,1,44.1779,3,3,4,334,Loyal
22657,4439,1,44.1779,3,3,4,334,Loyal
17044,4433,1,44.1779,3,3,4,334,Loyal
24106,4440,1,44.1779,3,2,4,324,Potential Loyalist
16655,4434,1,44.1779,3,3,4,334,Loyal
16498,4440,1,44.1779,3,2,4,324,Potential Loyalist
15390,4442,1,44.1779,3,2,4,324,Potential Loyalist
29229,4440,1,44.1779,3,2,4,324,Potential Loyalist
25679,4441,1,44.1779,3,2,4,324,Potential Loyalist
25652,4445,1,44.1779,3,2,4,324,Potential Loyalist
25535,4445,1,44.1779,3,2,4,324,Potential Loyalist
15747,4442,1,44.1779,3,2,4,324,Potential Loyalist
24082,4444,1,44.1779,3,2,4,324,Potential Loyalist
15271,4444,1,44.1779,3,2,4,324,Potential Loyalist
18058,4444,1,44.1779,3,2,4,324,Potential Loyalist
16082,4512,1,44.1779,4,5,4,454,Champion
16091,4513,1,44.1779,4,5,4,454,Champion
16875,4515,1,44.1779,4,5,4,454,Champion
22384,4514,1,44.1779,4,5,4,454,Champion
21131,4513,1,44.1779,4,5,4,454,Champion
15971,4520,1,44.1779,4,5,4,454,Champion
23084,4520,1,44.1779,4,5,4,454,Champion
25580,4519,1,44.1779,4,5,4,454,Champion
15486,4518,1,44.1779,4,5,4,454,Champion
28187,4496,1,44.1779,3,5,4,354,Loyal
16049,4504,1,44.1779,4,5,4,454,Champion
19082,4505,1,44.1779,4,5,4,454,Champion
17696,4500,1,44.1779,3,5,4,354,Loyal
23253,4500,1,44.1779,3,5,4,354,Loyal
23128,4512,1,44.1779,4,5,4,454,Champion
25781,4483,1,44.1779,3,4,4,344,Loyal
25110,4483,1,44.1779,3,4,4,344,Loyal
20070,4487,1,44.1779,3,4,4,344,Loyal
15508,4486,1,44.1779,3,4,4,344,Loyal
23284,4486,1,44.1779,3,4,4,344,Loyal
25147,4478,1,44.1779,3,4,4,344,Loyal
23428,4476,1,44.1779,3,4,4,344,Loyal
18417,4475,1,44.1779,3,4,4,344,Loyal
19273,4480,1,44.1779,3,4,4,344,Loyal
21844,4481,1,44.1779,3,4,4,344,Loyal
22371,4481,1,44.1779,3,4,4,344,Loyal
12799,4517,1,44.1779,4,5,4,454,Champion
15403,4517,1,44.1779,4,5,4,454,Champion
15270,4472,1,44.1779,3,4,4,344,Loyal
23245,4517,1,44.1779,4,4,4,444,Champion
28060,4470,1,44.1779,3,4,4,344,Loyal
22528,4470,1,44.1779,3,4,4,344,Loyal
17598,4473,1,44.1779,3,4,4,344,Loyal
17471,4474,1,44.1779,3,4,4,344,Loyal
16006,4543,1,44.1779,4,4,4,444,Champion
18342,4544,1,44.1779,4,4,4,444,Champion
23650,4543,1,44.1779,4,4,4,444,Champion
14659,4543,1,44.1779,4,4,4,444,Champion
17397,4543,1,44.1779,4,4,4,444,Champion
17428,4539,1,44.1779,4,4,4,444,Champion
22962,4540,1,44.1779,4,4,4,444,Champion
28122,4545,1,44.1779,4,4,4,444,Champion
25332,4540,1,44.1779,4,4,4,444,Champion
18365,4536,1,44.1779,4,4,4,444,Champion
14971,4536,1,44.1779,4,4,4,444,Champion
25666,4536,1,44.1779,4,4,4,444,Champion
24947,4537,1,44.1779,4,4,4,444,Champion
15970,4542,1,44.1779,4,4,4,444,Champion
12835,4537,1,44.1779,4,4,4,444,Champion
18347,4491,1,44.1779,3,4,4,344,Loyal
18323,4490,1,44.1779,3,4,4,344,Loyal
22353,4489,1,44.1779,3,4,4,344,Loyal
23569,4490,1,44.1779,3,4,4,344,Loyal
25643,4541,1,44.1779,4,4,4,444,Champion
25116,4540,1,44.1779,4,4,4,444,Champion
24196,4491,1,44.1779,3,4,4,344,Loyal
15772,4490,1,44.1779,3,4,4,344,Loyal
25494,4493,1,44.1779,3,4,4,344,Loyal
15545,4493,1,44.1779,3,4,4,344,Loyal
21370,4493,1,44.1779,3,4,4,344,Loyal
17577,4494,1,44.1779,3,4,4,344,Loyal
15837,4494,1,44.1779,3,4,4,344,Loyal
29338,4485,1,44.1779,3,4,4,344,Loyal
14563,4485,1,44.1779,3,4,4,344,Loyal
22831,4569,1,44.1779,4,4,4,444,Champion
16248,4568,1,44.1779,4,4,4,444,Champion
14758,4566,1,44.1779,4,4,4,444,Champion
17418,4567,1,44.1779,4,4,4,444,Champion
15955,4530,1,44.1779,4,4,4,444,Champion
28537,4528,1,44.1779,4,4,4,444,Champion
25884,4529,1,44.1779,4,4,4,444,Champion
17610,4529,1,44.1779,4,4,4,444,Champion
23196,4533,1,44.1779,4,4,4,444,Champion
14487,4530,1,44.1779,4,4,4,444,Champion
15392,4528,1,44.1779,4,4,4,444,Champion
27329,4524,1,44.1779,4,4,4,444,Champion
23536,4528,1,44.1779,4,4,4,444,Champion
22332,4523,1,44.1779,4,4,4,444,Champion
25495,4521,1,44.1779,4,4,4,444,Champion
23567,4526,1,44.1779,4,4,4,444,Champion
16037,4526,1,44.1779,4,4,4,444,Champion
28881,4526,1,44.1779,4,4,4,444,Champion
28915,4525,1,44.1779,4,4,4,444,Champion
19077,4525,1,44.1779,4,4,4,444,Champion
17260,4611,1,44.1779,5,5,4,554,Champion
16965,4613,1,44.1779,5,5,4,554,Champion
21846,4616,1,44.1779,5,5,4,554,Champion
17366,4616,1,44.1779,5,5,4,554,Champion
15509,4616,1,44.1779,5,5,4,554,Champion
24113,4616,1,44.1779,5,5,4,554,Champion
15285,4615,1,44.1779,5,5,4,554,Champion
16885,4615,1,44.1779,5,5,4,554,Champion
22670,4617,1,44.1779,5,5,4,554,Champion
27857,4617,1,44.1779,5,5,4,554,Champion
14924,4618,1,44.1779,5,5,4,554,Champion
27594,4619,1,44.1779,5,5,4,554,Champion
15485,4619,1,44.1779,5,5,4,554,Champion
17380,4619,1,44.1779,5,5,4,554,Champion
17419,4624,1,44.1779,5,5,4,554,Champion
15496,4626,1,44.1779,5,5,4,554,Champion
24085,4622,1,44.1779,5,5,4,554,Champion
18170,4623,1,44.1779,5,5,4,554,Champion
17359,4626,1,44.1779,5,5,4,554,Champion
25815,4645,1,44.1779,5,5,4,554,Champion
17583,4645,1,44.1779,5,5,4,554,Champion
15158,4646,1,44.1779,5,5,4,554,Champion
18640,4623,1,44.1779,5,5,4,554,Champion
16477,4644,1,44.1779,5,5,4,554,Champion
17554,4644,1,44.1779,5,5,4,554,Champion
18751,4644,1,44.1779,5,5,4,554,Champion
16877,4644,1,44.1779,5,5,4,554,Champion
22143,4644,1,44.1779,5,5,4,554,Champion
15742,4643,1,44.1779,5,5,4,554,Champion
24594,4632,1,44.1779,5,5,4,554,Champion
25324,4634,1,44.1779,5,5,4,554,Champion
27720,4629,1,44.1779,5,5,4,554,Champion
21375,4629,1,44.1779,5,5,4,554,Champion
15397,4641,1,44.1779,5,5,4,554,Champion
28080,4631,1,44.1779,5,5,4,554,Champion
23255,4637,1,44.1779,5,5,4,554,Champion
13497,4635,1,44.1779,5,5,4,554,Champion
23743,4635,1,44.1779,5,5,4,554,Champion
18223,4634,1,44.1779,5,5,4,554,Champion
29209,4633,1,44.1779,5,5,4,554,Champion
20316,4633,1,44.1779,5,5,4,554,Champion
12840,4633,1,44.1779,5,5,4,554,Champion
24748,4636,1,44.1779,5,5,4,554,Champion
22952,4636,1,44.1779,5,5,4,554,Champion
27966,4607,1,44.1779,5,5,4,554,Champion
15910,4609,1,44.1779,5,5,4,554,Champion
18097,4609,1,44.1779,5,5,4,554,Champion
17158,4609,1,44.1779,5,5,4,554,Champion
21849,4609,1,44.1779,5,5,4,554,Champion
16991,4610,1,44.1779,5,5,4,554,Champion
19182,4610,1,44.1779,5,5,4,554,Champion
15951,4579,1,44.1779,4,5,4,454,Champion
15281,4611,1,44.1779,5,5,4,554,Champion
17605,4582,1,44.1779,4,5,4,454,Champion
23997,4583,1,44.1779,4,5,4,454,Champion
25469,4580,1,44.1779,4,5,4,454,Champion
21914,4580,1,44.1779,4,5,4,454,Champion
14608,4579,1,44.1779,4,5,4,454,Champion
14908,4579,1,44.1779,4,5,4,454,Champion
15777,4580,1,44.1779,4,5,4,454,Champion
24858,4588,1,44.1779,5,5,4,554,Champion
16980,4589,1,44.1779,5,5,4,554,Champion
16048,4584,1,44.1779,4,5,4,454,Champion
16788,4585,1,44.1779,4,5,4,454,Champion
25219,4594,1,44.1779,5,5,4,554,Champion
25620,4590,1,44.1779,5,5,4,554,Champion
18358,4590,1,44.1779,5,5,4,554,Champion
12741,4590,1,44.1779,5,5,4,554,Champion
27914,4588,1,44.1779,5,5,4,554,Champion
21863,4592,1,44.1779,5,5,4,554,Champion
27851,4592,1,44.1779,5,5,4,554,Champion
16884,4594,1,44.1779,5,5,4,554,Champion
25136,4595,1,44.1779,5,5,4,554,Champion
29266,4595,1,44.1779,5,5,4,554,Champion
19926,4594,1,44.1779,5,5,4,554,Champion
17342,4596,1,44.1779,5,5,4,554,Champion
15939,4507,1,44.1779,4,5,4,454,Champion
25630,4598,1,44.1779,5,5,4,554,Champion
14375,4507,1,44.1779,4,5,4,454,Champion
16720,4508,1,44.1779,4,5,4,454,Champion
15297,4502,1,44.1779,4,5,4,454,Champion
15165,4501,1,44.1779,4,5,4,454,Champion
22354,4503,1,44.1779,4,5,4,454,Champion
15871,4602,1,44.1779,5,5,4,554,Champion
18574,4602,1,44.1779,5,5,4,554,Champion
25638,4601,1,44.1779,5,5,4,554,Champion
15307,4601,1,44.1779,5,5,4,554,Champion
28090,4599,1,44.1779,5,5,4,554,Champion
26701,4598,1,44.1779,5,5,4,554,Champion
28002,4599,1,44.1779,5,5,4,554,Champion
16963,4598,1,44.1779,5,5,4,554,Champion
18105,4605,1,44.1779,5,5,4,554,Champion
24256,4606,1,44.1779,5,5,4,554,Champion
18349,4606,1,44.1779,5,5,4,554,Champion
25579,4604,1,44.1779,5,5,4,554,Champion
20691,4608,1,44.1779,5,5,4,554,Champion
12832,4608,1,44.1779,5,5,4,554,Champion
17665,4383,1,44.1779,2,3,4,234,At Risk
14390,4383,1,44.1779,2,3,4,234,At Risk
23123,4383,1,44.1779,2,3,4,234,At Risk
25873,4383,1,44.1779,2,3,4,234,At Risk
16724,4384,1,44.1779,2,3,4,234,At Risk
17146,4381,1,44.1779,2,3,4,234,At Risk
27886,4380,1,44.1779,2,3,4,234,At Risk
26397,4378,1,44.1779,2,3,4,234,At Risk
25519,4382,1,44.1779,2,3,4,234,At Risk
20083,4382,1,44.1779,2,3,4,234,At Risk
25515,4377,1,44.1779,2,3,4,234,At Risk
18662,4377,1,44.1779,2,3,4,234,At Risk
14963,4377,1,44.1779,2,3,4,234,At Risk
23134,4377,1,44.1779,2,3,4,234,At Risk
17117,4377,1,44.1779,2,3,4,234,At Risk
26456,4366,1,44.1779,1,3,4,134,At Risk
13500,4366,1,44.1779,1,3,4,134,At Risk
25471,4368,1,44.1779,2,3,4,234,At Risk
28263,4367,1,44.1779,1,3,4,134,At Risk
14506,4373,1,44.1779,2,3,4,234,At Risk
22453,4370,1,44.1779,2,3,4,234,At Risk
12831,4371,1,44.1779,2,3,4,234,At Risk
27779,4371,1,44.1779,2,3,4,234,At Risk
21109,4375,1,44.1779,2,3,4,234,At Risk
15973,4353,1,44.1779,1,3,4,134,At Risk
25251,4353,1,44.1779,1,3,5,135,At Risk
14490,4352,1,44.1779,1,3,5,135,At Risk
21577,4353,1,44.1779,1,3,5,135,At Risk
27829,4353,1,44.1779,1,3,5,135,At Risk
14612,4352,1,44.1779,1,3,5,135,At Risk
17687,4351,1,44.1779,1,3,5,135,At Risk
28079,4356,1,44.1779,1,3,5,135,At Risk
24639,4355,1,44.1779,1,3,5,135,At Risk
26377,4355,1,44.1779,1,3,5,135,At Risk
15318,4355,1,44.1779,1,3,5,135,At Risk
25143,4351,1,44.1779,1,3,5,135,At Risk
21009,4351,1,44.1779,1,3,5,135,At Risk
27705,4354,1,44.1779,1,3,5,135,At Risk
25248,4365,1,44.1779,1,3,5,135,At Risk
17517,4363,1,44.1779,1,3,5,135,At Risk
20783,4363,1,44.1779,1,3,5,135,At Risk
15327,4361,1,44.1779,1,3,5,135,At Risk
16787,4361,1,44.1779,1,3,5,135,At Risk
15743,4362,1,44.1779,1,3,5,135,At Risk
28219,4362,1,44.1779,1,3,5,135,At Risk
25122,4359,1,44.1779,1,3,5,135,At Risk
15332,4359,1,44.1779,1,3,5,135,At Risk
16642,4360,1,44.1779,1,3,5,135,At Risk
25517,4407,1,44.1779,2,3,5,235,At Risk
21276,4405,1,44.1779,2,3,5,235,At Risk
16485,4405,1,44.1779,2,3,5,235,At Risk
24144,4403,1,44.1779,2,3,5,235,At Risk
28001,4404,1,44.1779,2,3,5,235,At Risk
23426,4404,1,44.1779,2,3,5,235,At Risk
18474,4415,1,44.1779,2,3,5,235,At Risk
25824,4415,1,44.1779,2,3,5,235,At Risk
23644,4412,1,44.1779,2,3,5,235,At Risk
25227,4409,1,44.1779,2,3,5,235,At Risk
27580,4411,1,44.1779,2,3,5,235,At Risk
27915,4402,1,44.1779,2,3,5,235,At Risk
14693,4411,1,44.1779,2,3,5,235,At Risk
19180,4412,1,44.1779,2,3,5,235,At Risk
13684,4357,1,44.1779,1,3,5,135,At Risk
15563,4412,1,44.1779,2,3,5,235,At Risk
23943,4358,1,44.1779,1,3,5,135,At Risk
28265,4358,1,44.1779,1,3,5,135,At Risk
23419,4388,1,44.1779,2,3,5,235,At Risk
28576,4388,1,44.1779,2,3,5,235,At Risk
14624,4389,1,44.1779,2,3,5,235,At Risk
24581,4389,1,44.1779,2,3,5,235,At Risk
16367,4389,1,44.1779,2,3,5,235,At Risk
14489,4390,1,44.1779,2,3,5,235,At Risk
15977,4389,1,44.1779,2,3,5,235,At Risk
27632,4418,1,44.1779,2,3,5,235,At Risk
20792,4418,1,44.1779,2,3,5,235,At Risk
14618,4417,1,44.1779,2,3,5,235,At Risk
20273,4419,1,44.1779,2,3,5,235,At Risk
14573,4421,1,44.1779,2,3,5,235,At Risk
17451,4392,1,44.1779,2,3,5,235,At Risk
21803,4391,1,44.1779,2,3,5,235,At Risk
17872,4396,1,44.1779,2,3,5,235,At Risk
28349,4396,1,44.1779,2,3,5,235,At Risk
14619,4395,1,44.1779,2,3,5,235,At Risk
24647,4385,1,44.1779,2,3,5,235,At Risk
15936,4385,1,44.1779,2,3,5,235,At Risk
14595,4387,1,44.1779,2,3,5,235,At Risk
22315,4394,1,44.1779,2,3,5,235,At Risk
13796,4385,1,44.1779,2,3,5,235,At Risk
15407,4385,1,44.1779,2,3,5,235,At Risk
28721,4387,1,44.1779,2,3,5,235,At Risk
25295,4311,1,44.1779,1,4,5,145,At Risk
16862,4312,1,44.1779,1,4,5,145,At Risk
28578,4310,1,44.1779,1,4,5,145,At Risk
14856,4310,1,44.1779,1,4,5,145,At Risk
28174,4310,1,44.1779,1,4,5,145,At Risk
17378,4308,1,44.1779,1,4,5,145,At Risk
15825,4311,1,44.1779,1,4,5,145,At Risk
28873,4304,1,44.1779,1,4,5,145,At Risk
21832,4310,1,44.1779,1,4,5,145,At Risk
18529,4297,1,44.1779,1,4,5,145,At Risk
17584,4299,1,44.1779,1,4,5,145,At Risk
24859,4300,1,44.1779,1,4,5,145,At Risk
14397,4300,1,44.1779,1,4,5,145,At Risk
15361,4301,1,44.1779,1,4,5,145,At Risk
29030,4336,1,44.1779,1,4,5,145,At Risk
16212,4340,1,44.1779,1,4,5,145,At Risk
21232,4337,1,44.1779,1,4,5,145,At Risk
24880,4338,1,44.1779,1,4,5,145,At Risk
28275,4341,1,44.1779,1,4,5,145,At Risk
28283,4335,1,44.1779,1,4,5,145,At Risk
20100,4337,1,44.1779,1,4,5,145,At Risk
15012,4336,1,44.1779,1,4,5,145,At Risk
16957,4335,1,44.1779,1,4,5,145,At Risk
27916,4334,1,44.1779,1,4,5,145,At Risk
15629,4325,1,44.1779,1,4,5,145,At Risk
14402,4325,1,44.1779,1,4,5,145,At Risk
13677,4321,1,44.1779,1,4,5,145,At Risk
28023,4322,1,44.1779,1,4,5,145,At Risk
28897,4319,1,44.1779,1,4,5,145,At Risk
16239,4320,1,44.1779,1,4,5,145,At Risk
16070,4320,1,44.1779,1,4,5,145,At Risk
23530,4320,1,44.1779,1,4,5,145,At Risk
16502,4313,1,44.1779,1,4,5,145,At Risk
22389,4313,1,44.1779,1,4,5,145,At Risk
25654,4308,1,44.1779,1,4,5,145,At Risk
19303,4314,1,44.1779,1,4,5,145,At Risk
18419,4309,1,44.1779,1,4,5,145,At Risk
21085,4316,1,44.1779,1,4,5,145,At Risk
22482,4317,1,44.1779,1,4,5,145,At Risk
22969,4317,1,44.1779,1,4,5,145,At Risk
23978,4320,1,44.1779,1,4,5,145,At Risk
17549,4320,1,44.1779,1,4,5,145,At Risk
15293,4313,1,44.1779,1,4,5,145,At Risk
12802,4313,1,44.1779,1,4,5,145,At Risk
23719,4312,1,44.1779,1,4,5,145,At Risk
28140,4328,1,44.1779,1,4,5,145,At Risk
21480,4330,1,44.1779,1,4,5,145,At Risk
15495,4327,1,44.1779,1,4,5,145,At Risk
15877,4330,1,44.1779,1,4,5,145,At Risk
15891,4330,1,44.1779,1,4,5,145,At Risk
15848,4329,1,44.1779,1,4,5,145,At Risk
29231,4380,1,44.1779,2,3,5,235,At Risk
15335,4378,1,44.1779,2,3,5,235,At Risk
18340,4378,1,44.1779,2,3,5,235,At Risk
27849,4379,1,44.1779,2,3,5,235,At Risk
27208,4331,1,44.1779,1,4,5,145,At Risk
17516,4331,1,44.1779,1,4,5,145,At Risk
15887,4331,1,44.1779,1,4,5,145,At Risk
13494,4552,1,44.1779,4,4,5,445,Champion
15504,4551,1,44.1779,4,4,5,445,Champion
17611,4552,1,44.1779,4,4,5,445,Champion
14503,4552,1,44.1779,4,4,5,445,Champion
23576,4549,1,44.1779,4,4,5,445,Champion
17162,4569,1,44.1779,4,4,5,445,Champion
21691,4570,1,44.1779,4,4,5,445,Champion
22948,4569,1,44.1779,4,4,5,445,Champion
24470,4569,1,44.1779,4,4,5,445,Champion
17343,4550,1,44.1779,4,4,5,445,Champion
24079,4549,1,44.1779,4,4,5,445,Champion
21208,4572,1,44.1779,4,4,5,445,Champion
25217,4575,1,44.1779,4,4,5,445,Champion
28043,4576,1,44.1779,4,4,5,445,Champion
14570,4565,1,44.1779,4,4,5,445,Champion
15091,4564,1,44.1779,4,4,5,445,Champion
15884,4563,1,44.1779,4,4,5,445,Champion
28278,4564,1,44.1779,4,4,5,445,Champion
12809,4563,1,44.1779,4,4,5,445,Champion
23219,4576,1,44.1779,4,4,5,445,Champion
17390,4562,1,44.1779,4,4,5,445,Champion
28020,4562,1,44.1779,4,4,5,445,Champion
18500,4345,1,44.1779,1,4,5,145,At Risk
25475,4346,1,44.1779,1,4,5,145,At Risk
27335,4338,1,44.1779,1,4,5,145,At Risk
15546,4338,1,44.1779,1,4,5,145,At Risk
28888,4338,1,44.1779,1,4,5,145,At Risk
11418,4339,1,44.1779,1,4,5,145,At Risk
16505,4345,1,44.1779,1,4,5,145,At Risk
25134,4343,1,44.1779,1,4,5,145,At Risk
28875,4344,1,44.1779,1,4,5,145,At Risk
15373,4343,1,44.1779,1,4,5,145,At Risk
25800,4557,1,44.1779,4,4,5,445,Champion
23244,4557,1,44.1779,4,4,5,445,Champion
27803,4557,1,44.1779,4,4,5,445,Champion
15358,4349,1,44.1779,1,4,5,145,At Risk
14483,4554,1,44.1779,4,4,5,445,Champion
26099,4554,1,44.1779,4,4,5,445,Champion
16074,4554,1,44.1779,4,4,5,445,Champion
14544,4559,1,44.1779,4,4,5,445,Champion
27700,4559,1,44.1779,4,4,5,445,Champion
17653,4560,1,44.1779,4,4,5,445,Champion
14467,4560,1,44.1779,4,4,5,445,Champion
13501,4553,1,44.1779,4,4,5,445,Champion
24730,4553,1,44.1779,4,4,5,445,Champion
16107,4556,1,44.1779,4,4,5,445,Champion
15715,4385,2,44.1669,2,2,5,225,Needs Attention
15232,4459,2,44.1669,3,2,5,325,Potential Loyalist
15603,4462,2,44.1669,3,2,5,325,Potential Loyalist
15605,4363,2,44.1669,1,2,5,125,Needs Attention
11232,4373,2,43.736,2,2,5,225,Needs Attention
11527,4385,2,43.736,2,2,5,225,Needs Attention
11219,4301,2,43.736,1,2,5,125,Needs Attention
11218,4321,2,43.736,1,2,5,125,Needs Attention
11637,4644,2,43.736,5,1,5,515,Potential Loyalist
11634,4574,2,43.736,4,2,5,425,Potential Loyalist
21238,4307,2,43.7028,1,2,5,125,Needs Attention
17880,4331,2,43.7028,1,2,5,125,Needs Attention
21280,4346,1,43.6144,1,4,5,145,At Risk
20690,4342,1,43.6144,1,4,5,145,At Risk
27887,4565,1,43.6144,4,4,5,445,Champion
21935,4323,1,43.6144,1,4,5,145,At Risk
23273,4298,1,43.6144,1,4,5,145,At Risk
23006,4387,1,43.6144,2,3,5,235,At Risk
20443,4413,1,43.6144,2,3,5,235,At Risk
12722,4594,1,43.6144,5,5,5,555,Champion
20789,4588,1,43.6144,5,5,5,555,Champion
23272,4609,1,43.6144,5,5,5,555,Champion
12617,4491,1,43.6144,3,4,5,345,Loyal
19952,4347,2,43.6033,1,2,5,125,Needs Attention
19626,4487,2,43.6033,3,1,5,315,Potential Loyalist
18730,4321,2,43.3713,1,2,5,125,Needs Attention
18292,4415,2,43.3713,2,2,5,225,Needs Attention
13737,4508,1,43.3713,4,5,5,455,Champion
22839,4654,1,43.3713,5,5,5,555,Champion
18020,4455,1,43.3381,3,3,5,335,Loyal
15264,4444,2,43.073,3,2,5,325,Potential Loyalist
15021,4365,2,43.073,1,2,5,125,Needs Attention
17319,4339,2,43.073,1,2,5,125,Needs Attention
29199,4441,1,43.0729,3,2,5,325,Potential Loyalist
20803,4434,1,43.0729,3,3,5,335,Loyal
25505,4432,1,43.0729,3,3,5,335,Loyal
25631,4439,1,43.0729,3,3,5,335,Loyal
29330,4438,1,43.0729,3,3,5,335,Loyal
23627,4439,1,43.0729,3,3,5,335,Loyal
20954,4432,1,43.0729,3,3,5,335,Loyal
27220,4435,1,43.0729,3,3,5,335,Loyal
29348,4455,1,43.0729,3,3,5,335,Loyal
29272,4452,1,43.0729,3,3,5,335,Loyal
19489,4449,1,43.0729,3,3,5,335,Loyal
26408,4450,1,43.0729,3,3,5,335,Loyal
23596,4446,1,43.0729,3,3,5,335,Loyal
27683,4446,1,43.0729,3,3,5,335,Loyal
24074,4429,1,43.0729,3,3,5,335,Loyal
24180,4430,1,43.0729,3,3,5,335,Loyal
20964,4448,1,43.0729,3,3,5,335,Loyal
23952,4447,1,43.0729,3,3,5,335,Loyal
26970,4459,1,43.0729,3,3,5,335,Loyal
28891,4457,1,43.0729,3,3,5,335,Loyal
26364,4469,1,43.0729,3,3,5,335,Loyal
25523,4461,1,43.0729,3,3,5,335,Loyal
27990,4464,1,43.0729,3,3,5,335,Loyal
21820,4469,1,43.0729,3,3,5,335,Loyal
23712,4464,1,43.0729,3,3,5,335,Loyal
29324,4597,1,43.0729,5,5,5,555,Champion
17740,4605,1,43.0729,5,5,5,555,Champion
22185,4605,1,43.0729,5,5,5,555,Champion
26179,4605,1,43.0729,5,5,5,555,Champion
25669,4598,1,43.0729,5,5,5,555,Champion
29052,4599,1,43.0729,5,5,5,555,Champion
27152,4600,1,43.0729,5,5,5,555,Champion
26897,4609,1,43.0729,5,5,5,555,Champion
24539,4579,1,43.0729,4,5,5,455,Champion
23959,4635,1,43.0729,5,5,5,555,Champion
26037,4638,1,43.0729,5,5,5,555,Champion
23937,4640,1,43.0729,5,5,5,555,Champion
29268,4640,1,43.0729,5,5,5,555,Champion
19177,4639,1,43.0729,5,5,5,555,Champion
23140,4643,1,43.0729,5,5,5,555,Champion
23602,4644,1,43.0729,5,5,5,555,Champion
27482,4625,1,43.0729,5,5,5,555,Champion
22835,4617,1,43.0729,5,5,5,555,Champion
23897,4617,1,43.0729,5,5,5,555,Champion
25512,4616,1,43.0729,5,5,5,555,Champion
29226,4491,1,43.0729,3,4,5,345,Loyal
23772,4494,1,43.0729,3,4,5,345,Loyal
19519,4537,1,43.0729,4,4,5,445,Champion
25682,4543,1,43.0729,4,4,5,445,Champion
25592,4566,1,43.0729,4,4,5,445,Champion
26849,4566,1,43.0729,4,4,5,445,Champion
21026,4566,1,43.0729,4,4,5,445,Champion
22821,4532,1,43.0729,4,4,5,445,Champion
18006,4569,1,43.0729,4,4,5,445,Champion
23288,4476,1,43.0729,3,4,5,345,Loyal
22867,4478,1,43.0729,3,4,5,345,Loyal
19495,4517,1,43.0729,4,4,5,445,Champion
20957,4518,1,43.0729,4,5,5,455,Champion
29349,4484,1,43.0729,3,4,5,345,Loyal
22688,4484,1,43.0729,3,4,5,345,Loyal
25474,4484,1,43.0729,3,4,5,345,Loyal
22725,4475,1,43.0729,3,4,5,345,Loyal
23197,4479,1,43.0729,3,4,5,345,Loyal
27785,4485,1,43.0729,3,4,5,345,Loyal
23626,4485,1,43.0729,3,4,5,345,Loyal
18007,4482,1,43.0729,3,4,5,345,Loyal
23786,4499,1,43.0729,3,5,5,355,Loyal
27491,4497,1,43.0729,3,5,5,355,Loyal
27938,4497,1,43.0729,3,5,5,355,Loyal
23221,4496,1,43.0729,3,5,5,355,Loyal
18619,4496,1,43.0729,3,5,5,355,Loyal
27955,4519,1,43.0729,4,5,5,455,Champion
20064,4521,1,43.0729,4,5,5,455,Champion
24547,4515,1,43.0729,4,5,5,455,Champion
20161,4513,1,43.0729,4,5,5,455,Champion
20867,4416,1,43.0729,2,3,5,235,At Risk
24564,4415,1,43.0729,2,3,5,235,At Risk
28883,4404,1,43.0729,2,3,5,235,At Risk
24014,4405,1,43.0729,2,3,5,235,At Risk
29263,4358,1,43.0729,1,3,5,135,At Risk
22806,4402,1,43.0729,2,3,5,235,At Risk
25537,4395,1,43.0729,2,3,5,235,At Risk
23957,4390,1,43.0729,2,3,5,235,At Risk
29161,4388,1,43.0729,2,3,5,235,At Risk
24087,4360,1,43.0729,1,3,5,135,At Risk
23947,4360,1,43.0729,1,3,5,135,At Risk
26217,4361,1,43.0729,1,3,5,135,At Risk
23633,4362,1,43.0729,1,3,5,135,At Risk
23975,4364,1,43.0729,1,3,5,135,At Risk
26993,4351,1,43.0729,1,3,5,135,At Risk
26877,4350,1,43.0729,1,3,5,135,At Risk
25499,4353,1,43.0729,1,3,5,135,At Risk
24552,4353,1,43.0729,1,3,5,135,At Risk
27925,4373,1,43.0729,2,3,5,235,At Risk
19484,4369,1,43.0729,2,3,5,235,At Risk
26186,4366,1,43.0729,1,3,5,135,At Risk
23843,4368,1,43.0729,1,3,5,135,At Risk
17650,4377,1,43.0729,2,3,5,235,At Risk
24139,4377,1,43.0729,2,3,5,235,At Risk
20971,4384,1,43.0729,2,3,5,235,At Risk
20959,4384,1,43.0729,2,3,5,235,At Risk
24532,4383,1,43.0729,2,3,5,235,At Risk
21523,4297,1,43.0729,1,4,5,145,At Risk
20915,4336,1,43.0729,1,4,5,145,At Risk
21083,4304,1,43.0729,1,4,5,145,At Risk
17719,4306,1,43.0729,1,4,5,145,At Risk
23610,4304,1,43.0729,1,4,5,145,At Risk
24692,4336,1,43.0729,1,4,5,145,At Risk
23218,4341,1,43.0729,1,4,5,145,At Risk
24579,4340,1,43.0729,1,4,5,145,At Risk
24147,4337,1,43.0729,1,4,5,145,At Risk
27958,4340,1,43.0729,1,4,5,145,At Risk
22809,4326,1,43.0729,1,4,5,145,At Risk
27372,4326,1,43.0729,1,4,5,145,At Risk
19469,4317,1,43.0729,1,4,5,145,At Risk
26836,4313,1,43.0729,1,4,5,145,At Risk
22659,4377,1,43.0729,2,3,5,235,At Risk
20131,4330,1,43.0729,1,4,5,145,At Risk
25545,4330,1,43.0729,1,4,5,145,At Risk
25690,4564,1,43.0729,4,4,5,445,Champion
20574,4571,1,43.0729,4,4,5,445,Champion
23757,4571,1,43.0729,4,4,5,445,Champion
22358,4548,1,43.0729,4,4,5,445,Champion
27373,4546,1,43.0729,4,4,5,445,Champion
29073,4570,1,43.0729,4,4,5,445,Champion
23965,4570,1,43.0729,4,4,5,445,Champion
24548,4551,1,43.0729,4,4,5,445,Champion
26888,4341,1,43.0729,1,4,5,145,At Risk
20969,4556,1,43.0729,4,4,5,445,Champion
29053,4555,1,43.0729,4,4,5,445,Champion
26559,4555,1,43.0729,4,4,5,445,Champion
29271,4559,1,43.0729,4,4,5,445,Champion
27940,4559,1,43.0729,4,4,5,445,Champion
26973,4558,1,43.0729,4,4,5,445,Champion
27002,4649,1,43.0729,5,5,5,555,Champion
22705,4648,1,43.0729,5,5,5,555,Champion
20940,4647,1,43.0729,5,5,5,555,Champion
26401,4647,1,43.0729,5,5,5,555,Champion
23941,4662,1,43.0729,5,5,5,555,Champion
23690,4658,1,43.0729,5,5,5,555,Champion
17886,4573,1,43.0619,4,4,5,445,Champion
16927,4297,2,43.0067,1,2,5,125,Needs Attention
18216,4382,2,43.0067,2,2,5,225,Needs Attention
16729,4402,2,43.0067,2,2,5,225,Needs Attention
25276,4469,1,42.9624,3,3,5,335,Loyal
24320,4468,1,42.9624,3,3,5,335,Loyal
24626,4462,1,42.9624,3,3,5,335,Loyal
24642,4449,1,42.9624,3,3,5,335,Loyal
28440,4455,1,42.9624,3,3,5,335,Loyal
25168,4455,1,42.9624,3,3,5,335,Loyal
24950,4433,1,42.9624,3,3,5,335,Loyal
24935,4441,1,42.9624,3,2,5,325,Potential Loyalist
24396,4574,1,42.9624,4,4,5,445,Champion
24412,4564,1,42.9624,4,4,5,445,Champion
14173,4545,1,42.9624,4,4,5,445,Champion
24658,4548,1,42.9624,4,4,5,445,Champion
24449,4556,1,42.9624,4,4,5,445,Champion
25624,4556,1,42.9624,4,4,5,445,Champion
12823,4332,1,42.9624,1,4,5,145,At Risk
25071,4313,1,42.9624,1,4,5,145,At Risk
13611,4320,1,42.9624,1,4,5,145,At Risk
28378,4335,1,42.9624,1,4,5,145,At Risk
25280,4333,1,42.9624,1,4,5,145,At Risk
25763,4306,1,42.9624,1,4,5,145,At Risk
24686,4302,1,42.9624,1,4,5,145,At Risk
25291,4336,1,42.9624,1,4,5,145,At Risk
24936,4376,1,42.9624,2,3,5,235,At Risk
24316,4385,1,42.9624,2,3,5,235,At Risk
24983,4387,1,42.9624,2,3,5,235,At Risk
24519,4411,1,42.9624,2,3,5,235,At Risk
24262,4515,1,42.9624,4,5,5,455,Champion
24624,4496,1,42.9624,3,5,5,355,Loyal
24938,4511,1,42.9624,4,5,5,455,Champion
25283,4487,1,42.9624,3,4,5,345,Loyal
28373,4473,1,42.9624,3,4,5,345,Loyal
24725,4565,1,42.9624,4,4,5,445,Champion
24970,4524,1,42.9624,4,4,5,445,Champion
15098,4484,1,42.9624,3,4,5,345,Loyal
24299,4617,1,42.9624,5,5,5,555,Champion
24297,4643,1,42.9624,5,5,5,555,Champion
24292,4646,1,42.9624,5,5,5,555,Champion
25378,4638,1,42.9624,5,5,5,555,Champion
14174,4637,1,42.9624,5,5,5,555,Champion
24397,4629,1,42.9624,5,5,5,555,Champion
24946,4579,1,42.9624,4,5,5,455,Champion
25023,4583,1,42.9624,4,5,5,455,Champion
25434,4584,1,42.9624,4,5,5,455,Champion
24513,4589,1,42.9624,5,5,5,555,Champion
23793,4584,1,42.9624,4,5,5,455,Champion
24451,4587,1,42.9624,5,5,5,555,Champion
14422,4594,1,42.9624,5,5,5,555,Champion
27903,4603,1,42.9624,5,5,5,555,Champion
25898,4502,1,42.9624,4,5,5,455,Champion
25045,4658,1,42.9624,5,5,5,555,Champion
24516,4651,1,42.9624,5,5,5,555,Champion
24820,4655,1,42.9624,5,5,5,555,Champion
11350,4654,1,42.5094,5,5,5,555,Champion
11397,4502,1,42.5094,4,5,5,455,Champion
11248,4495,1,42.5094,3,4,5,345,Loyal
11411,4474,1,42.5094,3,4,5,345,Loyal
11373,4451,1,42.5094,3,3,5,335,Loyal
12638,4384,2,42.5094,2,2,5,225,Needs Attention
16058,4380,2,42.2663,2,2,5,225,Needs Attention
12594,4340,2,41.968,1,2,5,125,Needs Attention
14853,4354,2,41.9569,1,2,5,125,Needs Attention
29218,4448,1,41.9569,3,3,5,335,Loyal
20147,4520,1,41.9569,4,5,5,455,Champion
16535,4536,1,41.9569,4,4,5,445,Champion
28979,4607,1,41.9569,5,5,5,555,Champion
28638,4593,1,41.9569,5,5,5,555,Champion
28813,4618,1,41.9569,5,5,5,555,Champion
16450,4405,1,41.9569,2,3,5,235,At Risk
27216,4302,1,41.9569,1,4,5,145,At Risk
28975,4380,1,41.9569,2,3,5,235,At Risk
16403,4346,1,41.9569,1,4,5,145,At Risk
29250,4575,1,41.9569,4,4,5,445,Champion
26526,4393,1,41.9127,2,3,5,235,At Risk
16413,4626,1,41.9127,5,5,5,555,Champion
19056,4641,1,41.9127,5,5,5,555,Champion
16943,4507,1,41.9127,4,5,5,455,Champion
25870,4535,1,41.9127,4,4,5,445,Champion
25914,4451,1,41.9127,3,3,5,335,Loyal
24743,4463,1,41.9127,3,3,5,335,Loyal
17763,4408,2,41.9127,2,2,5,225,Needs Attention
15713,4358,2,41.537,1,2,5,125,Needs Attention
16346,4333,2,41.4928,1,2,5,125,Needs Attention
27451,4478,1,41.3602,3,4,5,345,Loyal
27497,4526,1,41.2055,4,4,5,445,Champion
21978,4578,1,41.2055,4,5,5,455,Champion
21171,4564,1,41.2055,4,4,5,445,Champion
11130,4347,1,41.2055,1,4,5,145,At Risk
22847,4559,1,41.2055,4,4,5,445,Champion
11209,4303,2,41.2055,1,2,5,125,Needs Attention
11533,4315,2,41.2055,1,2,5,125,Needs Attention
11205,4409,2,41.2055,2,2,5,225,Needs Attention
21995,4461,1,41.2055,3,3,5,335,Loyal
22840,4396,1,41.2055,2,3,5,235,At Risk
18897,4446,1,41.2055,3,3,5,335,Loyal
26769,4445,1,41.2055,3,3,5,335,Loyal
13825,4453,1,41.2055,3,3,5,335,Loyal
19673,4454,1,41.2055,3,3,5,335,Loyal
11321,4542,2,41.2055,4,1,5,415,Potential Loyalist
11226,4600,2,41.2055,5,1,5,515,Potential Loyalist
14707,4647,1,41.2055,5,5,5,555,Champion
17092,4650,1,41.1834,5,5,5,555,Champion
21111,4651,1,41.1834,5,5,5,555,Champion
24550,4655,1,41.1834,5,5,5,555,Champion
22163,4655,1,41.1834,5,5,5,555,Champion
23785,4656,1,41.1834,5,5,5,555,Champion
19729,4492,2,41.1834,3,1,5,315,Potential Loyalist
21028,4429,1,41.1834,3,3,5,335,Loyal
23501,4423,1,41.1834,2,3,5,235,At Risk
21137,4399,1,41.1834,2,3,5,235,At Risk
18025,4458,1,41.1834,3,3,5,335,Loyal
20951,4467,1,41.1834,3,3,5,335,Loyal
23090,4456,1,41.1834,3,3,5,335,Loyal
18623,4468,1,41.1834,3,3,5,335,Loyal
23027,4468,1,41.1834,3,3,5,335,Loyal
23297,4444,1,41.1834,3,2,5,325,Potential Loyalist
15242,4455,2,41.1834,3,2,5,325,Potential Loyalist
19757,4449,2,41.1834,3,2,5,325,Potential Loyalist
19751,4451,2,41.1834,3,2,5,325,Potential Loyalist
15437,4309,2,41.1834,1,2,5,125,Needs Attention
15464,4342,2,41.1834,1,2,5,125,Needs Attention
22211,4555,1,41.1834,4,4,5,445,Champion
22040,4554,1,41.1834,4,4,5,445,Champion
23820,4341,1,41.1834,1,4,5,145,At Risk
22146,4345,1,41.1834,1,4,5,145,At Risk
20952,4342,1,41.1834,1,4,5,145,At Risk
24541,4338,1,41.1834,1,4,5,145,At Risk
23822,4565,1,41.1834,4,4,5,445,Champion
22547,4563,1,41.1834,4,4,5,445,Champion
23389,4571,1,41.1834,4,4,5,445,Champion
23282,4569,1,41.1834,4,4,5,445,Champion
23588,4569,1,41.1834,4,4,5,445,Champion
23152,4380,1,41.1834,2,3,5,235,At Risk
22781,4318,1,41.1834,1,4,5,145,At Risk
17938,4321,1,41.1834,1,4,5,145,At Risk
17939,4322,1,41.1834,1,4,5,145,At Risk
22548,4323,1,41.1834,1,4,5,145,At Risk
23182,4316,1,41.1834,1,4,5,145,At Risk
20947,4300,1,41.1834,1,4,5,145,At Risk
23381,4297,1,41.1834,1,4,5,145,At Risk
20902,4310,1,41.1834,1,4,5,145,At Risk
19456,4336,1,41.1834,1,4,5,145,At Risk
23063,4340,1,41.1834,1,4,5,145,At Risk
22228,4386,1,41.1834,2,3,5,235,At Risk
22190,4395,1,41.1834,2,3,5,235,At Risk
23303,4393,1,41.1834,2,3,5,235,At Risk
20943,4420,1,41.1834,2,3,5,235,At Risk
23304,4418,1,41.1834,2,3,5,235,At Risk
22865,4415,1,41.1834,2,3,5,235,At Risk
24222,4414,1,41.1834,2,3,5,235,At Risk
22184,4404,1,41.1834,2,3,5,235,At Risk
23001,4410,1,41.1834,2,3,5,235,At Risk
23068,4375,1,41.1834,2,3,5,235,At Risk
22786,4384,1,41.1834,2,3,5,235,At Risk
18015,4372,1,41.1834,2,3,5,235,At Risk
19354,4356,1,41.1834,1,3,5,135,At Risk
23875,4362,1,41.1834,1,3,5,135,At Risk
23072,4579,1,41.1834,4,5,5,455,Champion
22145,4609,1,41.1834,5,5,5,555,Champion
22138,4583,1,41.1834,4,5,5,455,Champion
20250,4582,1,41.1834,4,5,5,455,Champion
23044,4591,1,41.1834,5,5,5,555,Champion
24546,4585,1,41.1834,4,5,5,455,Champion
21739,4596,1,41.1834,5,5,5,555,Champion
20868,4596,1,41.1834,5,5,5,555,Champion
17816,4508,1,41.1834,4,5,5,455,Champion
22775,4506,1,41.1834,4,5,5,455,Champion
23109,4642,1,41.1834,5,5,5,555,Champion
22242,4625,1,41.1834,5,5,5,555,Champion
22060,4624,1,41.1834,5,5,5,555,Champion
20929,4624,1,41.1834,5,5,5,555,Champion
14820,4645,1,41.1834,5,5,5,555,Champion
23046,4643,1,41.1834,5,5,5,555,Champion
23578,4615,1,41.1834,5,5,5,555,Champion
23089,4620,1,41.1834,5,5,5,555,Champion
17842,4612,1,41.1834,5,5,5,555,Champion
22759,4521,1,41.1834,4,4,5,445,Champion
22158,4533,1,41.1834,4,4,5,445,Champion
17759,4528,1,41.1834,4,4,5,445,Champion
22160,4536,1,41.1834,4,4,5,445,Champion
23294,4538,1,41.1834,4,4,5,445,Champion
17800,4492,1,41.1834,3,4,5,345,Loyal
21543,4481,1,41.1834,3,4,5,345,Loyal
22304,4487,1,41.1834,3,4,5,345,Loyal
21079,4486,1,41.1834,3,4,5,345,Loyal
22721,4471,1,41.1834,3,4,5,345,Loyal
20282,4504,1,41.1834,4,5,5,455,Champion
17705,4391,2,41.1723,2,2,5,225,Needs Attention
14635,4470,1,41.1171,3,4,5,345,Loyal
17222,4495,1,40.8408,3,5,5,355,Loyal
19822,4510,1,40.8408,4,5,5,455,Champion
25173,4521,1,40.8408,4,5,5,455,Champion
13485,4644,1,40.8408,5,5,5,555,Champion
21453,4623,1,40.8408,5,5,5,555,Champion
12838,4601,1,40.8408,5,5,5,555,Champion
14943,4594,1,40.8408,5,5,5,555,Champion
14534,4382,1,40.8408,2,3,5,235,At Risk
21318,4419,1,40.8408,2,3,5,235,At Risk
15243,4389,1,40.8408,2,3,5,235,At Risk
12879,4334,1,40.8408,1,4,5,145,At Risk
25177,4300,1,40.8408,1,4,5,145,At Risk
14933,4299,1,40.8408,1,4,5,145,At Risk
12876,4313,1,40.8408,1,4,5,145,At Risk
14085,4576,1,40.8408,4,4,5,445,Champion
15009,4557,1,40.8408,4,4,5,445,Champion
13943,4443,1,40.8408,3,2,5,325,Potential Loyalist
17724,4467,1,40.8408,3,3,5,335,Loyal
12952,4465,1,40.8408,3,3,5,335,Loyal
16335,4424,1,40.8408,2,3,5,235,At Risk
13835,4450,1,40.8408,3,3,5,335,Loyal
13234,4659,1,40.8408,5,5,5,555,Champion
22154,4655,1,40.8408,5,5,5,555,Champion
21548,4428,1,40.8077,3,3,5,335,Loyal
19300,4437,1,40.8077,3,3,5,335,Loyal
28980,4549,1,40.8077,4,4,5,445,Champion
14811,4614,1,40.8077,5,5,5,555,Champion
20580,4618,1,40.8077,5,5,5,555,Champion
25435,4640,1,40.432,5,5,5,555,Champion
12505,4630,1,40.432,5,5,5,555,Champion
25091,4593,1,40.432,5,5,5,555,Champion
13496,4583,1,40.432,4,5,5,455,Champion
15092,4582,1,40.432,4,5,5,455,Champion
24395,4600,1,40.432,5,5,5,555,Champion
24742,4603,1,40.432,5,5,5,555,Champion
24394,4508,1,40.432,4,5,5,455,Champion
24518,4502,1,40.432,4,5,5,455,Champion
24931,4502,1,40.432,4,5,5,455,Champion
23796,4504,1,40.432,4,5,5,455,Champion
24984,4476,1,40.432,3,4,5,345,Loyal
24312,4483,1,40.432,3,4,5,345,Loyal
23740,4475,1,40.432,3,4,5,345,Loyal
14190,4493,1,40.432,3,4,5,345,Loyal
24514,4491,1,40.432,3,4,5,345,Loyal
25428,4532,1,40.432,4,4,5,445,Champion
14193,4547,1,40.432,4,4,5,445,Champion
24530,4569,1,40.432,4,4,5,445,Champion
25044,4550,1,40.432,4,4,5,445,Champion
25171,4574,1,40.432,4,4,5,445,Champion
25197,4558,1,40.432,4,4,5,445,Champion
24355,4555,1,40.432,4,4,5,445,Champion
14187,4349,1,40.432,1,4,5,145,At Risk
25178,4320,1,40.432,1,4,5,145,At Risk
12405,4318,1,40.432,1,4,5,145,At Risk
24667,4317,1,40.432,1,4,5,145,At Risk
24775,4298,1,40.432,1,4,5,145,At Risk
25833,4421,1,40.432,2,3,5,235,At Risk
23738,4401,1,40.432,2,3,5,235,At Risk
23876,4414,1,40.432,2,3,5,235,At Risk
25278,4415,1,40.432,2,3,5,235,At Risk
25151,4384,1,40.432,2,3,5,235,At Risk
25083,4378,1,40.432,2,3,5,235,At Risk
24319,4374,1,40.432,2,3,5,235,At Risk
25202,4371,1,40.432,2,3,5,235,At Risk
25190,4434,1,40.432,3,3,5,335,Loyal
24650,4444,1,40.432,3,2,5,325,Potential Loyalist
28441,4428,1,40.432,3,3,5,335,Loyal
12401,4428,1,40.432,3,3,5,335,Loyal
24490,4429,1,40.432,3,3,5,335,Loyal
25176,4423,1,40.432,2,3,5,235,At Risk
24948,4424,1,40.432,2,3,5,235,At Risk
24511,4450,1,40.432,3,3,5,335,Loyal
25195,4466,1,40.432,3,3,5,335,Loyal
24393,4652,1,40.432,5,5,5,555,Champion
25156,4648,1,40.432,5,5,5,555,Champion
24486,4658,1,40.432,5,5,5,555,Champion
24989,4656,1,40.432,5,5,5,555,Champion
26788,4655,1,40.0784,5,5,5,555,Champion
26861,4655,1,40.0784,5,5,5,555,Champion
23927,4461,1,40.0784,3,3,5,335,Loyal
27627,4467,1,40.0784,3,3,5,335,Loyal
27248,4467,1,40.0784,3,3,5,335,Loyal
26908,4397,1,40.0784,2,3,5,235,At Risk
28538,4454,1,40.0784,3,3,5,335,Loyal
26405,4435,1,40.0784,3,3,5,335,Loyal
23911,4439,1,40.0784,3,3,5,335,Loyal
26169,4367,1,40.0784,1,3,5,135,At Risk
27048,4373,1,40.0784,2,3,5,235,At Risk
27200,4370,1,40.0784,2,3,5,235,At Risk
26925,4370,1,40.0784,2,3,5,235,At Risk
29446,4355,1,40.0784,1,3,5,135,At Risk
29440,4353,1,40.0784,1,3,5,135,At Risk
27012,4414,1,40.0784,2,3,5,235,At Risk
24070,4409,1,40.0784,2,3,5,235,At Risk
28467,4410,1,40.0784,2,3,5,235,At Risk
23748,4410,1,40.0784,2,3,5,235,At Risk
26258,4411,1,40.0784,2,3,5,235,At Risk
26255,4412,1,40.0784,2,3,5,235,At Risk
23970,4389,1,40.0784,2,3,5,235,At Risk
23951,4394,1,40.0784,2,3,5,235,At Risk
26265,4385,1,40.0784,2,3,5,235,At Risk
23934,4300,1,40.0784,1,4,5,145,At Risk
27434,4302,1,40.0784,1,4,5,145,At Risk
23974,4334,1,40.0784,1,4,5,145,At Risk
27190,4321,1,40.0784,1,4,5,145,At Risk
27629,4326,1,40.0784,1,4,5,145,At Risk
27244,4330,1,40.0784,1,4,5,145,At Risk
27011,4329,1,40.0784,1,4,5,145,At Risk
27013,4345,1,40.0784,1,4,5,145,At Risk
27302,4343,1,40.0784,1,4,5,145,At Risk
26628,4558,1,40.0784,4,4,5,445,Champion
29396,4564,1,40.0784,4,4,5,445,Champion
26714,4552,1,40.0784,4,4,5,445,Champion
26389,4573,1,40.0784,4,4,5,445,Champion
26556,4552,1,40.0784,4,4,5,445,Champion
26596,4530,1,40.0784,4,4,5,445,Champion
26583,4494,1,40.0784,3,4,5,345,Loyal
27638,4537,1,40.0784,4,4,5,445,Champion
27197,4544,1,40.0784,4,4,5,445,Champion
26636,4483,1,40.0784,3,4,5,345,Loyal
27052,4477,1,40.0784,3,4,5,345,Loyal
27386,4477,1,40.0784,3,4,5,345,Loyal
28453,4475,1,40.0784,3,4,5,345,Loyal
23969,4495,1,40.0784,3,5,5,355,Loyal
20053,4514,1,40.0784,4,5,5,455,Champion
26418,4502,1,40.0784,4,5,5,455,Champion
27609,4507,1,40.0784,4,5,5,455,Champion
27322,4598,1,40.0784,5,5,5,555,Champion
27930,4599,1,40.0784,5,5,5,555,Champion
29394,4609,1,40.0784,5,5,5,555,Champion
26927,4578,1,40.0784,4,5,5,455,Champion
26184,4593,1,40.0784,5,5,5,555,Champion
23928,4593,1,40.0784,5,5,5,555,Champion
27046,4584,1,40.0784,4,5,5,455,Champion
27382,4587,1,40.0784,5,5,5,555,Champion
27336,4588,1,40.0784,5,5,5,555,Champion
29409,4588,1,40.0784,5,5,5,555,Champion
23964,4634,1,40.0784,5,5,5,555,Champion
26838,4642,1,40.0784,5,5,5,555,Champion
25818,4577,1,39.7358,4,5,5,455,Champion
17341,4443,1,39.7358,3,2,5,325,Potential Loyalist
22498,4467,1,39.4706,3,3,5,335,Loyal
27680,4593,1,39.4706,5,5,5,555,Champion
17908,4620,1,39.4706,5,5,5,555,Champion
24871,4495,1,39.4706,3,5,5,355,Loyal
25262,4343,1,39.4706,1,4,5,145,At Risk
27462,4381,1,39.4706,2,3,5,235,At Risk
19807,4363,2,39.1944,1,2,5,125,Needs Attention
16733,4472,2,38.9624,3,1,5,315,Potential Loyalist
19333,4359,1,38.9292,1,3,5,135,At Risk
29023,4405,1,38.9292,2,3,5,235,At Risk
26287,4554,1,38.9292,4,4,5,445,Champion
26193,4323,1,38.9292,1,4,5,145,At Risk
16507,4495,1,38.9292,3,5,5,355,Loyal
26118,4521,1,38.9292,4,5,5,455,Champion
26291,4620,1,38.9292,5,5,5,555,Champion
26470,4616,1,38.9292,5,5,5,555,Champion
25849,4653,1,38.9292,5,5,5,555,Champion
21176,4660,1,38.675,5,5,5,555,Champion
15706,4619,1,38.675,5,5,5,555,Champion
11511,4618,1,38.675,5,5,5,555,Champion
22841,4626,1,38.675,5,5,5,555,Champion
12429,4626,1,38.675,5,5,5,555,Champion
13831,4625,1,38.675,5,5,5,555,Champion
16582,4637,1,38.675,5,5,5,555,Champion
21962,4632,1,38.675,5,5,5,555,Champion
21953,4579,1,38.675,4,5,5,455,Champion
21989,4605,1,38.675,5,5,5,555,Champion
13695,4521,1,38.675,4,5,5,455,Champion
12739,4511,1,38.675,4,5,5,455,Champion
13819,4517,1,38.675,4,4,5,445,Champion
21175,4488,1,38.675,3,4,5,345,Loyal
11935,4533,1,38.675,4,4,5,445,Champion
12419,4529,1,38.675,4,4,5,445,Champion
15689,4566,1,38.675,4,4,5,445,Champion
13817,4526,1,38.675,4,4,5,445,Champion
18901,4524,1,38.675,4,4,5,445,Champion
22210,4528,1,38.675,4,4,5,445,Champion
21954,4325,1,38.675,1,4,5,145,At Risk
12406,4340,1,38.675,1,4,5,145,At Risk
21409,4576,1,38.675,4,4,5,445,Champion
21186,4574,1,38.675,4,4,5,445,Champion
12422,4404,1,38.675,2,3,5,235,At Risk
21879,4403,1,38.675,2,3,5,235,At Risk
19666,4408,1,38.675,2,3,5,235,At Risk
21988,4364,1,38.675,1,3,5,135,At Risk
15355,4383,1,38.675,2,3,5,235,At Risk
27145,4468,1,38.675,3,3,5,335,Loyal
15704,4459,1,38.675,3,3,5,335,Loyal
12767,4455,1,38.675,3,3,5,335,Loyal
17219,4451,1,38.675,3,3,5,335,Loyal
27495,4429,1,38.675,3,3,5,335,Loyal
15707,4435,1,38.675,3,3,5,335,Loyal
11565,4439,1,38.664,3,3,5,335,Loyal
11477,4422,1,38.664,2,3,5,235,At Risk
12387,4426,1,38.664,3,3,5,335,Loyal
28585,4459,1,38.664,3,3,5,335,Loyal
11497,4382,1,38.664,2,3,5,235,At Risk
12127,4376,1,38.664,2,3,5,235,At Risk
11569,4366,1,38.664,1,3,5,135,At Risk
11559,4357,1,38.664,1,3,5,135,At Risk
12368,4359,1,38.664,1,3,5,135,At Risk
11486,4362,1,38.664,1,3,5,135,At Risk
12274,4410,1,38.664,2,3,5,235,At Risk
12312,4389,1,38.664,2,3,5,235,At Risk
28582,4419,1,38.664,2,3,5,235,At Risk
11442,4418,1,38.664,2,3,5,235,At Risk
12234,4574,1,38.664,4,4,5,445,Champion
28783,4572,1,38.664,4,4,5,445,Champion
11555,4562,1,38.664,4,4,5,445,Champion
11554,4562,1,38.664,4,4,5,445,Champion
11600,4564,1,38.664,4,4,5,445,Champion
28593,4343,1,38.664,1,4,5,145,At Risk
11608,4343,1,38.664,1,4,5,145,At Risk
28592,4342,1,38.664,1,4,5,145,At Risk
11595,4326,1,38.664,1,4,5,145,At Risk
11435,4321,1,38.664,1,4,5,145,At Risk
11597,4320,1,38.664,1,4,5,145,At Risk
11552,4319,1,38.664,1,4,5,145,At Risk
12233,4308,1,38.664,1,4,5,145,At Risk
11573,4482,1,38.664,3,4,5,345,Loyal
28591,4482,1,38.664,3,4,5,345,Loyal
12223,4470,1,38.664,3,4,5,345,Loyal
11602,4499,1,38.664,3,5,5,355,Loyal
12238,4500,1,38.664,3,5,5,355,Loyal
12236,4496,1,38.664,3,5,5,355,Loyal
28785,4518,1,38.664,4,5,5,455,Champion
11426,4591,1,38.664,5,5,5,555,Champion
11580,4584,1,38.664,4,5,5,455,Champion
11574,4616,1,38.664,5,5,5,555,Champion
11438,4654,1,38.664,5,5,5,555,Champion
12374,4652,1,38.664,5,5,5,555,Champion
15579,4621,2,38.653,5,1,5,515,Potential Loyalist
21046,4462,1,38.6529,3,3,5,335,Loyal
21248,4468,1,38.6529,3,3,5,335,Loyal
22126,4458,1,38.6529,3,3,5,335,Loyal
23737,4466,1,38.6529,3,3,5,335,Loyal
21196,4452,1,38.6529,3,3,5,335,Loyal
21872,4430,1,38.6529,3,3,5,335,Loyal
23564,4432,1,38.6529,3,3,5,335,Loyal
22375,4435,1,38.6529,3,3,5,335,Loyal
23295,4434,1,38.6529,3,3,5,335,Loyal
22362,4437,1,38.6529,3,3,5,335,Loyal
22056,4440,1,38.6529,3,2,5,325,Potential Loyalist
22826,4616,1,38.6529,5,5,5,555,Champion
23051,4613,1,38.6529,5,5,5,555,Champion
22226,4613,1,38.6529,5,5,5,555,Champion
22125,4620,1,38.6529,5,5,5,555,Champion
23888,4625,1,38.6529,5,5,5,555,Champion
23869,4621,1,38.6529,5,5,5,555,Champion
21110,4645,1,38.6529,5,5,5,555,Champion
23711,4638,1,38.6529,5,5,5,555,Champion
22549,4629,1,38.6529,5,5,5,555,Champion
23735,4629,1,38.6529,5,5,5,555,Champion
23049,4629,1,38.6529,5,5,5,555,Champion
23115,4629,1,38.6529,5,5,5,555,Champion
22727,4594,1,38.6529,5,5,5,555,Champion
23153,4610,1,38.6529,5,5,5,555,Champion
23555,4606,1,38.6529,5,5,5,555,Champion
23465,4605,1,38.6529,5,5,5,555,Champion
22227,4605,1,38.6529,5,5,5,555,Champion
23198,4599,1,38.6529,5,5,5,555,Champion
22741,4607,1,38.6529,5,5,5,555,Champion
22361,4516,1,38.6529,4,5,5,455,Champion
23613,4515,1,38.6529,4,5,5,455,Champion
23727,4513,1,38.6529,4,5,5,455,Champion
20968,4498,1,38.6529,3,5,5,355,Loyal
22085,4473,1,38.6529,3,4,5,345,Loyal
20865,4477,1,38.6529,3,4,5,345,Loyal
24227,4482,1,38.6529,3,4,5,345,Loyal
23292,4479,1,38.6529,3,4,5,345,Loyal
23045,4524,1,38.6529,4,4,5,445,Champion
20563,4526,1,38.6529,4,4,5,445,Champion
22735,4568,1,38.6529,4,4,5,445,Champion
23500,4536,1,38.6529,4,4,5,445,Champion
22991,4536,1,38.6529,4,4,5,445,Champion
23191,4494,1,38.6529,3,4,5,345,Loyal
21118,4493,1,38.6529,3,4,5,345,Loyal
23461,4318,1,38.6529,1,4,5,145,At Risk
23243,4321,1,38.6529,1,4,5,145,At Risk
22884,4330,1,38.6529,1,4,5,145,At Risk
23565,4329,1,38.6529,1,4,5,145,At Risk
23489,4331,1,38.6529,1,3,5,135,At Risk
23713,4337,1,38.6529,1,4,5,145,At Risk
22110,4332,1,38.6529,1,4,5,145,At Risk
23684,4302,1,38.6529,1,4,5,145,At Risk
22263,4303,1,38.6529,1,4,5,145,At Risk
22984,4336,1,38.6529,1,4,5,145,At Risk
22039,4343,1,38.6529,1,4,5,145,At Risk
20235,4343,1,38.6529,1,4,5,145,At Risk
20893,4344,1,38.6529,1,4,5,145,At Risk
22286,4558,1,38.6529,4,4,5,445,Champion
23617,4349,1,38.6529,1,4,5,145,At Risk
23451,4576,1,38.6529,4,4,5,445,Champion
20554,4573,1,38.6529,4,4,5,445,Champion
17954,4550,1,38.6529,4,4,5,445,Champion
18043,4550,1,38.6529,4,4,5,445,Champion
22223,4420,1,38.6529,2,3,5,235,At Risk
21539,4420,1,38.6529,2,3,5,235,At Risk
21831,4411,1,38.6529,2,3,5,235,At Risk
23558,4405,1,38.6529,2,3,5,235,At Risk
23703,4405,1,38.6529,2,3,5,235,At Risk
21528,4359,1,38.6529,1,3,5,135,At Risk
22799,4363,1,38.6529,1,3,5,135,At Risk
23720,4364,1,38.6529,1,3,5,135,At Risk
22124,4374,1,38.6529,2,3,5,235,At Risk
23579,4384,1,38.6529,2,3,5,235,At Risk
18016,4372,1,38.6529,2,3,5,235,At Risk
17874,4366,1,38.6529,1,3,5,135,At Risk
22811,4369,1,38.6529,2,3,5,235,At Risk
23289,4646,1,38.6529,5,5,5,555,Champion
23784,4653,1,38.6529,5,5,5,555,Champion
17839,4338,2,38.6419,1,2,5,125,Needs Attention
16187,4363,2,38.5867,1,2,5,125,Needs Attention
15459,4510,1,38.5866,4,5,5,455,Champion
24263,4497,1,38.5535,3,5,5,355,Loyal
28429,4544,1,38.5535,4,4,5,445,Champion
24617,4567,1,38.5535,4,4,5,445,Champion
24643,4502,1,38.5535,4,5,5,455,Champion
24827,4593,1,38.5535,5,5,5,555,Champion
24991,4587,1,38.5535,5,5,5,555,Champion
24317,4639,1,38.5535,5,5,5,555,Champion
24969,4635,1,38.5535,5,5,5,555,Champion
25152,4614,1,38.5535,5,5,5,555,Champion
25874,4381,1,38.5535,2,3,5,235,At Risk
25082,4406,1,38.5535,2,3,5,235,At Risk
24758,4411,1,38.5535,2,3,5,235,At Risk
25836,4408,1,38.5535,2,3,5,235,At Risk
27893,4417,1,38.5535,2,3,5,235,At Risk
28380,4385,1,38.5535,2,3,5,235,At Risk
24769,4394,1,38.5535,2,3,5,235,At Risk
24656,4550,1,38.5535,4,4,5,445,Champion
25164,4552,1,38.5535,4,4,5,445,Champion
24982,4572,1,38.5535,4,4,5,445,Champion
28422,4339,1,38.5535,1,4,5,145,At Risk
24509,4379,1,38.5535,2,3,5,235,At Risk
24443,4319,1,38.5535,1,4,5,145,At Risk
24524,4431,1,38.5535,3,3,5,335,Loyal
25260,4447,1,38.5535,3,3,5,335,Loyal
25089,4426,1,38.5535,2,3,5,235,At Risk
25275,4463,1,38.5535,3,3,5,335,Loyal
24829,4651,1,38.5535,5,5,5,555,Champion
24940,4662,1,38.5535,5,5,5,555,Champion
24994,4662,1,38.5535,5,5,5,555,Champion
24293,4662,1,38.5535,5,5,5,555,Champion
15639,4557,2,38.1999,4,2,5,425,Potential Loyalist
15640,4569,2,38.1999,4,2,5,425,Potential Loyalist
12666,4327,3,38.1889,1,1,5,115,Lost
20756,4363,2,38.1888,1,2,5,125,Needs Attention
17701,4428,2,38.0894,3,2,5,325,Potential Loyalist
24877,4323,1,38.0894,1,4,5,145,At Risk
27676,4312,1,38.0894,1,4,5,145,At Risk
11542,4559,1,38.0894,4,4,5,445,Champion
28037,4342,1,38.0894,1,4,5,145,At Risk
25581,4420,1,38.0894,2,3,5,235,At Risk
11408,4626,1,38.0894,5,5,5,555,Champion
26139,4629,1,38.0894,5,5,5,555,Champion
27822,4485,1,38.0894,3,4,5,345,Loyal
27391,4494,1,37.5479,3,4,5,345,Loyal
23440,4489,1,37.5479,3,4,5,345,Loyal
26859,4491,1,37.5479,3,4,5,345,Loyal
27311,4491,1,37.5479,3,4,5,345,Loyal
26707,4490,1,37.5479,3,4,5,345,Loyal
27313,4565,1,37.5479,4,4,5,445,Champion
25695,4533,1,37.5479,4,4,5,445,Champion
26253,4528,1,37.5479,4,4,5,445,Champion
29377,4495,1,37.5479,3,5,5,355,Loyal
26254,4495,1,37.5479,3,5,5,355,Loyal
27619,4498,1,37.5479,3,5,5,355,Loyal
22584,4513,1,37.5479,4,5,5,455,Champion
26419,4515,1,37.5479,4,5,5,455,Champion
29424,4515,1,37.5479,4,5,5,455,Champion
26380,4480,1,37.5479,3,4,5,345,Loyal
28710,4476,1,37.5479,3,4,5,345,Loyal
26383,4474,1,37.5479,3,4,5,345,Loyal
26722,4629,1,37.5479,5,5,5,555,Champion
23981,4635,1,37.5479,5,5,5,555,Champion
28423,4614,1,37.5479,5,5,5,555,Champion
27631,4614,1,37.5479,5,5,5,555,Champion
27055,4611,1,37.5479,5,5,5,555,Champion
29442,4581,1,37.5479,4,5,5,455,Champion
27387,4604,1,37.5479,5,5,5,555,Champion
27445,4391,1,37.5479,2,3,5,235,At Risk
11391,4391,1,37.5479,2,3,5,235,At Risk
27245,4386,1,37.5479,2,3,5,235,At Risk
27312,4408,1,37.5479,2,3,5,235,At Risk
26394,4410,1,37.5479,2,3,5,235,At Risk
26778,4409,1,37.5479,2,3,5,235,At Risk
27236,4377,1,37.5479,2,3,5,235,At Risk
27608,4382,1,37.5479,2,3,5,235,At Risk
28461,4368,1,37.5479,1,3,5,135,At Risk
27320,4369,1,37.5479,2,3,5,235,At Risk
26704,4374,1,37.5479,2,3,5,235,At Risk
26808,4352,1,37.5479,1,3,5,135,At Risk
27626,4364,1,37.5479,1,3,5,135,At Risk
26738,4356,1,37.5479,1,3,5,135,At Risk
23973,4361,1,37.5479,1,3,5,135,At Risk
22868,4343,1,37.5479,1,4,5,145,At Risk
29438,4559,1,37.5479,4,4,5,445,Champion
27327,4545,1,37.5479,4,4,5,445,Champion
26371,4301,1,37.5479,1,4,5,145,At Risk
22624,4323,1,37.5479,1,4,5,145,At Risk
28445,4376,1,37.5479,2,3,5,235,At Risk
26384,4432,1,37.5479,3,3,5,335,Loyal
27018,4465,1,37.5479,3,3,5,335,Loyal
28544,4397,1,37.5479,2,3,5,235,At Risk
26840,4397,1,37.5479,2,3,5,235,At Risk
24722,4430,1,37.5479,3,3,5,335,Loyal
19483,4452,1,37.5479,3,3,5,335,Loyal
27066,4660,1,37.5479,5,5,5,555,Champion
11404,4649,1,37.5479,5,5,5,555,Champion
27192,4646,1,37.5479,5,5,5,555,Champion
26584,4661,1,37.5479,5,5,5,555,Champion
26598,4655,1,37.5479,5,5,5,555,Champion
28908,4658,1,36.9402,5,5,5,555,Champion
24839,4661,1,36.9402,5,5,5,555,Champion
28237,4661,1,36.9402,5,5,5,555,Champion
27475,4330,1,36.9402,1,4,5,145,At Risk
27397,4363,1,36.9402,1,3,5,135,At Risk
27565,4632,1,36.9402,5,5,5,555,Champion
27430,4485,1,36.9402,3,4,5,345,Loyal
27506,4494,1,36.9402,3,4,5,345,Loyal
18704,4451,2,36.7524,3,2,5,325,Potential Loyalist
17642,4343,2,36.4098,1,2,5,125,Needs Attention
24999,4429,1,36.023,3,3,5,335,Loyal
24981,4434,1,36.023,3,3,5,335,Loyal
24507,4433,1,36.023,3,3,5,335,Loyal
14182,4445,1,36.023,3,2,5,325,Potential Loyalist
23805,4422,1,36.023,2,3,5,235,At Risk
12842,4422,1,36.023,2,3,5,235,At Risk
24655,4427,1,36.023,3,3,5,335,Loyal
25170,4399,1,36.023,2,3,5,235,At Risk
23741,4398,1,36.023,2,3,5,235,At Risk
25024,4467,1,36.023,3,3,5,335,Loyal
23792,4493,1,36.023,3,4,5,345,Loyal
14188,4489,1,36.023,3,4,5,345,Loyal
24980,4535,1,36.023,4,4,5,445,Champion
24618,4526,1,36.023,4,4,5,445,Champion
24290,4486,1,36.023,3,4,5,345,Loyal
24962,4487,1,36.023,3,4,5,345,Loyal
24951,4479,1,36.023,3,4,5,345,Loyal
24390,4518,1,36.023,4,4,5,445,Champion
25255,4471,1,36.023,3,4,5,345,Loyal
24285,4504,1,36.023,4,5,5,455,Champion
24512,4496,1,36.023,3,5,5,355,Loyal
24774,4499,1,36.023,3,5,5,355,Loyal
14205,4612,1,36.023,5,5,5,555,Champion
12868,4612,1,36.023,5,5,5,555,Champion
24619,4617,1,36.023,5,5,5,555,Champion
25181,4627,1,36.023,5,5,5,555,Champion
24452,4625,1,36.023,5,5,5,555,Champion
12869,4646,1,36.023,5,5,5,555,Champion
28391,4644,1,36.023,5,5,5,555,Champion
24423,4603,1,36.023,5,5,5,555,Champion
24933,4600,1,36.023,5,5,5,555,Champion
25372,4597,1,36.023,5,5,5,555,Champion
24289,4596,1,36.023,5,5,5,555,Champion
25194,4507,1,36.023,4,5,5,455,Champion
24963,4579,1,36.023,4,5,5,455,Champion
24768,4577,1,36.023,4,5,5,455,Champion
24941,4609,1,36.023,5,5,5,555,Champion
25041,4364,1,36.023,1,3,5,135,At Risk
24934,4353,1,36.023,1,3,5,135,At Risk
24937,4353,1,36.023,1,3,5,135,At Risk
23802,4353,1,36.023,1,3,5,135,At Risk
25377,4369,1,36.023,2,3,5,235,At Risk
24636,4367,1,36.023,1,3,5,135,At Risk
25766,4367,1,36.023,1,3,5,135,At Risk
25039,4367,1,36.023,1,3,5,135,At Risk
14201,4372,1,36.023,2,3,5,235,At Risk
24628,4374,1,36.023,2,3,5,235,At Risk
25897,4406,1,36.023,2,3,5,235,At Risk
25068,4404,1,36.023,2,3,5,235,At Risk
24949,4388,1,36.023,2,3,5,235,At Risk
25282,4317,1,36.023,1,4,5,145,At Risk
24623,4312,1,36.023,1,4,5,145,At Risk
25375,4303,1,36.023,1,4,5,145,At Risk
25279,4333,1,36.023,1,4,5,145,At Risk
28433,4334,1,36.023,1,4,5,145,At Risk
24803,4545,1,36.023,4,4,5,445,Champion
24499,4549,1,36.023,4,4,5,445,Champion
14202,4572,1,36.023,4,4,5,445,Champion
14180,4561,1,36.023,4,4,5,445,Champion
24315,4554,1,36.023,4,4,5,445,Champion
24677,4556,1,36.023,4,4,5,445,Champion
25376,4349,1,36.023,1,4,5,145,At Risk
24741,4661,1,36.023,5,5,5,555,Champion
15434,4412,2,35.6695,2,2,5,225,Needs Attention
20907,4465,1,35.6694,3,3,5,335,Loyal
23108,4464,1,35.6694,3,3,5,335,Loyal
22812,4464,1,35.6694,3,3,5,335,Loyal
23335,4398,1,35.6694,2,3,5,235,At Risk
22183,4400,1,35.6694,2,3,5,235,At Risk
23825,4400,1,35.6694,2,3,5,235,At Risk
17836,4459,1,35.6694,3,3,5,335,Loyal
23246,4462,1,35.6694,3,3,5,335,Loyal
17748,4462,1,35.6694,3,3,5,335,Loyal
21101,4426,1,35.6694,2,3,5,235,At Risk
22902,4426,1,35.6694,2,3,5,235,At Risk
23890,4453,1,35.6694,3,3,5,335,Loyal
23149,4448,1,35.6694,3,3,5,335,Loyal
14862,4451,1,35.6694,3,3,5,335,Loyal
20809,4451,1,35.6694,3,3,5,335,Loyal
23192,4442,1,35.6694,3,2,5,325,Potential Loyalist
21181,4433,1,35.6694,3,3,5,335,Loyal
23598,4437,1,35.6694,3,3,5,335,Loyal
22159,4345,1,35.6694,1,4,5,145,At Risk
22280,4553,1,35.6694,4,4,5,445,Champion
21390,4348,1,35.6694,1,4,5,145,At Risk
20950,4564,1,35.6694,4,4,5,445,Champion
22752,4552,1,35.6694,4,4,5,445,Champion
22968,4545,1,35.6694,4,4,5,445,Champion
23810,4548,1,35.6694,4,4,5,445,Champion
19384,4335,1,35.6694,1,4,5,145,At Risk
18618,4304,1,35.6694,1,4,5,145,At Risk
23037,4304,1,35.6694,1,4,5,145,At Risk
23361,4309,1,35.6694,1,4,5,145,At Risk
20168,4325,1,35.6694,1,4,5,145,At Risk
24533,4326,1,35.6694,1,4,5,145,At Risk
20799,4322,1,35.6694,1,4,5,145,At Risk
22187,4324,1,35.6694,1,4,5,145,At Risk
20043,4331,1,35.6694,1,4,5,145,At Risk
23615,4416,1,35.6694,2,3,5,235,At Risk
19371,4386,1,35.6694,2,3,5,235,At Risk
20176,4416,1,35.6694,2,3,5,235,At Risk
22101,4411,1,35.6694,2,3,5,235,At Risk
22157,4409,1,35.6694,2,3,5,235,At Risk
19368,4372,1,35.6694,2,3,5,235,At Risk
21970,4371,1,35.6694,2,3,5,235,At Risk
23202,4382,1,35.6694,2,3,5,235,At Risk
23448,4370,1,35.6694,2,3,5,235,At Risk
21182,4351,1,35.6694,1,3,5,135,At Risk
20906,4350,1,35.6694,1,3,5,135,At Risk
23003,4578,1,35.6694,4,5,5,455,Champion
23005,4580,1,35.6694,4,5,5,455,Champion
23826,4589,1,35.6694,5,5,5,555,Champion
22747,4585,1,35.6694,5,5,5,555,Champion
24223,4594,1,35.6694,5,5,5,555,Champion
23364,4593,1,35.6694,5,5,5,555,Champion
21187,4508,1,35.6694,4,5,5,455,Champion
22239,4508,1,35.6694,4,5,5,455,Champion
23023,4606,1,35.6694,5,5,5,555,Champion
16292,4606,1,35.6694,5,5,5,555,Champion
23130,4643,1,35.6694,5,5,5,555,Champion
23472,4623,1,35.6694,5,5,5,555,Champion
22894,4624,1,35.6694,5,5,5,555,Champion
21819,4622,1,35.6694,5,5,5,555,Champion
21255,4623,1,35.6694,5,5,5,555,Champion
20265,4618,1,35.6694,5,5,5,555,Champion
23336,4619,1,35.6694,5,5,5,555,Champion
23722,4612,1,35.6694,5,5,5,555,Champion
14863,4616,1,35.6694,5,5,5,555,Champion
19590,4630,1,35.6694,5,5,5,555,Champion
20234,4636,1,35.6694,5,5,5,555,Champion
21971,4497,1,35.6694,3,5,5,355,Loyal
23483,4516,1,35.6694,4,5,5,455,Champion
23193,4514,1,35.6694,4,5,5,455,Champion
20143,4481,1,35.6694,3,4,5,345,Loyal
20230,4526,1,35.6694,4,4,5,445,Champion
23071,4531,1,35.6694,4,4,5,445,Champion
22240,4535,1,35.6694,4,4,5,445,Champion
23504,4542,1,35.6694,4,4,5,445,Champion
17805,4540,1,35.6694,4,4,5,445,Champion
21049,4493,1,35.6694,3,4,5,345,Loyal
23452,4655,1,35.6694,5,5,5,555,Champion
22365,4652,1,35.6694,5,5,5,555,Champion
23088,4651,1,35.6694,5,5,5,555,Champion
23502,4647,1,35.6694,5,5,5,555,Champion
22090,4650,1,35.6694,5,5,5,555,Champion
17882,4660,1,35.6584,5,5,5,555,Champion
17718,4490,1,35.6584,3,4,5,345,Loyal
18041,4492,1,35.6584,3,4,5,345,Loyal
21511,4493,1,35.6584,3,4,5,345,Loyal
26000,4538,1,35.6584,4,4,5,445,Champion
17745,4529,1,35.6584,4,4,5,445,Champion
26458,4532,1,35.6584,4,4,5,445,Champion
17707,4486,1,35.6584,3,4,5,345,Loyal
17758,4483,1,35.6584,3,4,5,345,Loyal
14989,4517,1,35.6584,4,4,5,445,Champion
26516,4496,1,35.6584,3,5,5,355,Loyal
15450,4630,1,35.6584,5,5,5,555,Champion
18632,4639,1,35.6584,5,5,5,555,Champion
13698,4639,1,35.6584,5,5,5,555,Champion
16399,4615,1,35.6584,5,5,5,555,Champion
17102,4619,1,35.6584,5,5,5,555,Champion
21525,4643,1,35.6584,5,5,5,555,Champion
19064,4606,1,35.6584,5,5,5,555,Champion
20596,4602,1,35.6584,5,5,5,555,Champion
16396,4596,1,35.6584,5,5,5,555,Champion
17704,4596,1,35.6584,5,5,5,555,Champion
26181,4589,1,35.6584,5,5,5,555,Champion
25259,4587,1,35.6584,5,5,5,555,Champion
19078,4609,1,35.6584,5,5,5,555,Champion
26467,4355,1,35.6584,1,3,5,135,At Risk
26479,4410,1,35.6584,2,3,5,235,At Risk
19907,4413,1,35.6584,2,3,5,235,At Risk
25360,4404,1,35.6584,2,3,5,235,At Risk
26518,4406,1,35.6584,2,3,5,235,At Risk
21520,4386,1,35.6584,2,3,5,235,At Risk
25205,4386,1,35.6584,2,3,5,235,At Risk
17903,4393,1,35.6584,2,3,5,235,At Risk
17967,4328,1,35.6584,1,4,5,145,At Risk
19081,4380,1,35.6584,2,3,5,235,At Risk
26103,4318,1,35.6584,1,4,5,145,At Risk
26108,4320,1,35.6584,1,4,5,145,At Risk
25858,4298,1,35.6584,1,4,5,145,At Risk
17091,4337,1,35.6584,1,4,5,145,At Risk
26117,4547,1,35.6584,4,4,5,445,Champion
26680,4570,1,35.6584,4,4,5,445,Champion
26333,4564,1,35.6584,4,4,5,445,Champion
25965,4556,1,35.6584,4,4,5,445,Champion
15446,4555,1,35.6584,4,4,5,445,Champion
24925,4341,1,35.6584,1,4,5,145,At Risk
25350,4435,1,35.6584,3,3,5,335,Loyal
17856,4433,1,35.6584,3,3,5,335,Loyal
18044,4440,1,35.6584,3,2,5,325,Potential Loyalist
20585,4451,1,35.6584,3,3,5,335,Loyal
25880,4424,1,35.6584,2,3,5,235,At Risk
20599,4465,1,35.6584,3,3,5,335,Loyal
17838,4400,2,35.6584,2,2,5,225,Needs Attention
18299,4477,2,35.6032,3,1,5,315,Potential Loyalist
18744,4333,2,35.6031,1,2,5,125,Needs Attention
13342,4379,1,35.6031,2,3,5,235,At Risk
14327,4368,1,35.6031,2,3,5,235,At Risk
20354,4543,1,35.6031,4,4,5,445,Champion
14040,4527,1,35.3269,4,4,5,445,Champion
19553,4525,1,35.3269,4,4,5,445,Champion
23330,4524,1,35.3269,4,4,5,445,Champion
21471,4596,1,35.3269,5,5,5,555,Champion
14454,4598,1,35.3269,5,5,5,555,Champion
18144,4356,1,35.3269,1,3,5,135,At Risk
18146,4394,1,35.3269,2,3,5,235,At Risk
14393,4418,1,35.3269,2,3,5,235,At Risk
17215,4439,1,35.3269,3,3,5,335,Loyal
20533,4474,1,35.2716,3,4,5,345,Loyal
27679,4480,1,35.0617,3,4,5,345,Loyal
24375,4592,1,35.0617,5,5,5,555,Champion
27510,4390,1,35.0617,2,3,5,235,At Risk
27160,4409,1,35.0617,2,3,5,235,At Risk
27029,4313,1,35.0617,1,4,5,145,At Risk
24885,4314,1,35.0617,1,4,5,145,At Risk
21095,4574,1,35.0617,4,4,5,445,Champion
25487,4441,1,35.0617,3,2,5,325,Potential Loyalist
15671,4455,2,34.8628,3,2,5,325,Potential Loyalist
24081,4440,1,34.5644,3,2,5,325,Potential Loyalist
27444,4395,1,34.5644,2,3,5,235,At Risk
24043,4353,1,34.5644,1,3,5,135,At Risk
26168,4368,1,34.5644,1,3,5,135,At Risk
26264,4610,1,34.5644,5,5,5,555,Champion
27072,4568,1,34.5644,4,4,5,445,Champion
19425,4531,1,34.5534,4,4,5,445,Champion
29033,4525,1,34.5534,4,4,5,445,Champion
19914,4525,1,34.5534,4,4,5,445,Champion
28865,4525,1,34.5534,4,4,5,445,Champion
20058,4539,1,34.5534,4,4,5,445,Champion
28995,4538,1,34.5534,4,4,5,445,Champion
29046,4492,1,34.5534,3,4,5,345,Loyal
19250,4475,1,34.5534,3,4,5,345,Loyal
19498,4511,1,34.5534,4,5,5,455,Champion
16557,4605,1,34.5534,5,5,5,555,Champion
17992,4632,1,34.5534,5,5,5,555,Champion
28791,4633,1,34.5534,5,5,5,555,Champion
28815,4368,1,34.5534,2,3,5,235,At Risk
18001,4375,1,34.5534,2,3,5,235,At Risk
29211,4351,1,34.5534,1,3,5,135,At Risk
28814,4360,1,34.5534,1,3,5,135,At Risk
28680,4393,1,34.5534,2,3,5,235,At Risk
16421,4387,1,34.5534,2,3,5,235,At Risk
17901,4385,1,34.5534,2,3,5,235,At Risk
17084,4409,1,34.5534,2,3,5,235,At Risk
16202,4408,1,34.5534,2,3,5,235,At Risk
16545,4405,1,34.5534,2,3,5,235,At Risk
14715,4414,1,34.5534,2,3,5,235,At Risk
19342,4564,1,34.5534,4,4,5,445,Champion
28572,4562,1,34.5534,4,4,5,445,Champion
16330,4550,1,34.5534,4,4,5,445,Champion
19523,4553,1,34.5534,4,4,5,445,Champion
29244,4319,1,34.5534,1,4,5,145,At Risk
20578,4336,1,34.5534,1,4,5,145,At Risk
28987,4304,1,34.5534,1,4,5,145,At Risk
29024,4303,1,34.5534,1,4,5,145,At Risk
28637,4423,1,34.5534,2,3,5,235,At Risk
16555,4428,1,34.5534,3,3,5,335,Loyal
20593,4450,1,34.5534,3,3,5,335,Loyal
19330,4446,1,34.5534,3,3,5,335,Loyal
16692,4462,2,34.5534,3,2,5,325,Potential Loyalist
16183,4557,2,34.5534,4,2,5,425,Potential Loyalist
14866,4652,1,34.5534,5,5,5,555,Champion
21840,4657,1,34.5534,5,5,5,555,Champion
15821,4656,1,34.2219,5,5,5,555,Champion
16209,4656,1,34.2219,5,5,5,555,Champion
13339,4650,1,34.2219,5,5,5,555,Champion
18259,4509,2,34.2219,4,1,5,415,Potential Loyalist
18274,4391,2,34.2219,2,2,5,225,Needs Attention
18291,4404,2,34.2219,2,2,5,225,Needs Attention
14250,4448,1,34.2219,3,3,5,335,Loyal
14093,4455,1,34.2219,3,3,5,335,Loyal
15813,4435,1,34.2219,3,3,5,335,Loyal
15819,4437,1,34.2219,3,3,5,335,Loyal
13763,4437,1,34.2219,3,3,5,335,Loyal
18190,4427,2,34.2219,3,2,5,325,Potential Loyalist
17330,4428,2,34.2219,3,2,5,325,Potential Loyalist
18282,4430,2,34.2219,3,2,5,325,Potential Loyalist
18197,4427,2,34.2219,3,2,5,325,Potential Loyalist
13211,4306,1,34.2219,1,4,5,145,At Risk
15424,4337,1,34.2219,1,4,5,145,At Risk
12911,4319,1,34.2219,1,4,5,145,At Risk
13481,4315,1,34.2219,1,4,5,145,At Risk
20773,4349,1,34.2219,1,4,5,145,At Risk
22029,4343,1,34.2219,1,4,5,145,At Risk
13471,4550,1,34.2219,4,4,5,445,Champion
13146,4552,1,34.2219,4,4,5,445,Champion
13652,4562,1,34.2219,4,4,5,445,Champion
21742,4571,1,34.2219,4,4,5,445,Champion
14430,4415,1,34.2219,2,3,5,235,At Risk
13356,4401,1,34.2219,2,3,5,235,At Risk
13376,4421,1,34.2219,2,3,5,235,At Risk
13934,4350,1,34.2219,1,3,5,135,At Risk
13843,4620,1,34.2219,5,5,5,555,Champion
13868,4607,1,34.2219,5,5,5,555,Champion
12951,4602,1,34.2219,5,5,5,555,Champion
13985,4578,1,34.2219,4,5,5,455,Champion
13430,4609,1,34.2219,5,5,5,555,Champion
14122,4584,1,34.2219,4,5,5,455,Champion
14444,4515,1,34.2219,4,5,5,455,Champion
15245,4479,1,34.2219,3,4,5,345,Loyal
15001,4490,1,34.2219,3,4,5,345,Loyal
13327,4489,1,34.2219,3,4,5,345,Loyal
13163,4540,1,34.2219,4,4,5,445,Champion
13052,4565,1,34.2219,4,4,5,445,Champion
24584,4533,1,33.6804,4,4,5,445,Champion
26475,4522,1,33.6804,4,4,5,445,Champion
26476,4471,1,33.6804,3,4,5,345,Loyal
22378,4592,1,33.6804,5,5,5,555,Champion
26889,4586,1,33.6804,5,5,5,555,Champion
21088,4595,1,33.6804,5,5,5,555,Champion
28235,4615,1,33.6804,5,5,5,555,Champion
25671,4618,1,33.6804,5,5,5,555,Champion
22562,4617,1,33.6804,5,5,5,555,Champion
27001,4614,1,33.6804,5,5,5,555,Champion
21070,4644,1,33.6804,5,5,5,555,Champion
25521,4644,1,33.6804,5,5,5,555,Champion
27000,4628,1,33.6804,5,5,5,555,Champion
27838,4362,1,33.6804,1,3,5,135,At Risk
18793,4362,1,33.6804,1,3,5,135,At Risk
20727,4368,1,33.6804,1,3,5,135,At Risk
27732,4377,1,33.6804,2,3,5,235,At Risk
28451,4381,1,33.6804,2,3,5,235,At Risk
26450,4402,1,33.6804,2,3,5,235,At Risk
28056,4359,1,33.6804,1,3,5,135,At Risk
21123,4404,1,33.6804,2,3,5,235,At Risk
22489,4344,1,33.6804,1,4,5,145,At Risk
25653,4556,1,33.6804,4,4,5,445,Champion
27394,4443,1,33.6804,3,2,5,325,Potential Loyalist
27642,4426,1,33.6804,2,3,5,235,At Risk
22512,4466,1,33.6804,3,3,5,335,Loyal
28192,4396,1,33.6804,2,3,5,235,At Risk
25803,4648,1,33.6804,5,5,5,555,Champion
22980,4654,1,33.139,5,5,5,555,Champion
21391,4654,1,33.139,5,5,5,555,Champion
23466,4659,1,33.139,5,5,5,555,Champion
23556,4662,1,33.139,5,5,5,555,Champion
22750,4399,1,33.139,2,3,5,235,At Risk
23710,4462,1,33.139,3,3,5,335,Loyal
23201,4465,1,33.139,3,3,5,335,Loyal
22546,4457,1,33.139,3,3,5,335,Loyal
21526,4456,1,33.139,3,3,5,335,Loyal
23030,4448,1,33.139,3,3,5,335,Loyal
23638,4423,1,33.139,2,3,5,235,At Risk
20805,4427,1,33.139,3,3,5,335,Loyal
23675,4428,1,33.139,3,3,5,335,Loyal
17931,4451,1,33.139,3,3,5,335,Loyal
23025,4450,1,33.139,3,3,5,335,Loyal
23685,4443,1,33.139,3,2,5,325,Potential Loyalist
22764,4444,1,33.139,3,2,5,325,Potential Loyalist
17822,4445,1,33.139,3,2,5,325,Potential Loyalist
23814,4437,1,33.139,3,3,5,335,Loyal
23809,4435,1,33.139,3,3,5,335,Loyal
22990,4576,1,33.139,4,4,5,445,Champion
22766,4550,1,33.139,4,4,5,445,Champion
17899,4548,1,33.139,4,4,5,445,Champion
22123,4546,1,33.139,4,4,5,445,Champion
23124,4312,1,33.139,1,4,5,145,At Risk
24259,4317,1,33.139,1,4,5,145,At Risk
20428,4308,1,33.139,1,4,5,145,At Risk
22740,4379,1,33.139,2,3,5,235,At Risk
23076,4331,1,33.139,1,3,5,135,At Risk
22726,4328,1,33.139,1,4,5,145,At Risk
22720,4330,1,33.139,1,4,5,145,At Risk
22774,4331,1,33.139,1,4,5,145,At Risk
23698,4330,1,33.139,1,4,5,145,At Risk
23669,4337,1,33.139,1,4,5,145,At Risk
23400,4340,1,33.139,1,4,5,145,At Risk
23043,4336,1,33.139,1,4,5,145,At Risk
23700,4334,1,33.139,1,4,5,145,At Risk
23467,4307,1,33.139,1,4,5,145,At Risk
22779,4311,1,33.139,1,4,5,145,At Risk
22277,4300,1,33.139,1,4,5,145,At Risk
23497,4407,1,33.139,2,3,5,235,At Risk
23131,4416,1,33.139,2,3,5,235,At Risk
17826,4358,1,33.139,1,3,5,135,At Risk
20174,4401,1,33.139,2,3,5,235,At Risk
23337,4419,1,33.139,2,3,5,235,At Risk
23677,4394,1,33.139,2,3,5,235,At Risk
21392,4369,1,33.139,2,3,5,235,At Risk
23464,4372,1,33.139,2,3,5,235,At Risk
21529,4362,1,33.139,1,3,5,135,At Risk
23482,4360,1,33.139,1,3,5,135,At Risk
23212,4363,1,33.139,1,3,5,135,At Risk
22279,4352,1,33.139,1,3,5,135,At Risk
21871,4352,1,33.139,1,3,5,135,At Risk
23402,4634,1,33.139,5,5,5,555,Champion
23299,4633,1,33.139,5,5,5,555,Champion
18624,4630,1,33.139,5,5,5,555,Champion
23406,4643,1,33.139,5,5,5,555,Champion
23360,4625,1,33.139,5,5,5,555,Champion
14821,4615,1,33.139,5,5,5,555,Champion
23061,4621,1,33.139,5,5,5,555,Champion
22736,4619,1,33.139,5,5,5,555,Champion
22081,4595,1,33.139,5,5,5,555,Champion
22244,4595,1,33.139,5,5,5,555,Champion
23561,4506,1,33.139,4,5,5,455,Champion
20965,4502,1,33.139,4,5,5,455,Champion
23678,4600,1,33.139,5,5,5,555,Champion
14865,4605,1,33.139,5,5,5,555,Champion
23064,4589,1,33.139,5,5,5,555,Champion
23839,4585,1,33.139,4,5,5,455,Champion
22077,4594,1,33.139,5,5,5,555,Champion
23469,4583,1,33.139,4,5,5,455,Champion
22863,4581,1,33.139,4,5,5,455,Champion
22883,4610,1,33.139,5,5,5,555,Champion
23207,4471,1,33.139,3,4,5,345,Loyal
23052,4474,1,33.139,3,4,5,345,Loyal
21221,4480,1,33.139,3,4,5,345,Loyal
21551,4476,1,33.139,3,4,5,345,Loyal
22237,4482,1,33.139,3,4,5,345,Loyal
23092,4514,1,33.139,4,5,5,455,Champion
23481,4514,1,33.139,4,5,5,455,Champion
23594,4512,1,33.139,4,5,5,455,Champion
23817,4517,1,33.139,4,5,5,455,Champion
23808,4519,1,33.139,4,5,5,455,Champion
23054,4495,1,33.139,3,5,5,355,Loyal
23687,4505,1,33.139,4,5,5,455,Champion
23691,4527,1,33.139,4,4,5,445,Champion
22376,4525,1,33.139,4,4,5,445,Champion
20140,4566,1,33.139,4,4,5,445,Champion
23512,4568,1,33.139,4,4,5,445,Champion
22769,4531,1,33.139,4,4,5,445,Champion
23672,4531,1,33.139,4,4,5,445,Champion
23891,4533,1,33.139,4,4,5,445,Champion
22086,4527,1,33.139,4,4,5,445,Champion
23717,4544,1,33.139,4,4,5,445,Champion
17737,4537,1,33.139,4,4,5,445,Champion
22838,4491,1,33.139,3,4,5,345,Loyal
23286,4492,1,33.139,3,4,5,345,Loyal
15026,4467,2,33.128,3,2,5,325,Potential Loyalist
17888,4438,1,33.1279,3,3,5,335,Loyal
25352,4444,1,33.1279,3,2,5,325,Potential Loyalist
26519,4452,1,33.1279,3,3,5,335,Loyal
26677,4428,1,33.1279,3,3,5,335,Loyal
19074,4424,1,33.1279,2,3,5,235,At Risk
16939,4456,1,33.1279,3,3,5,335,Loyal
26196,4456,1,33.1279,3,3,5,335,Loyal
25983,4467,1,33.1279,3,3,5,335,Loyal
14994,4540,1,33.1279,4,4,5,445,Champion
26679,4494,1,33.1279,3,4,5,345,Loyal
26125,4536,1,33.1279,4,4,5,445,Champion
26455,4542,1,33.1279,4,4,5,445,Champion
25852,4545,1,33.1279,4,4,5,445,Champion
26594,4532,1,33.1279,4,4,5,445,Champion
25930,4534,1,33.1279,4,4,5,445,Champion
26514,4522,1,33.1279,4,4,5,445,Champion
25006,4510,1,33.1279,4,5,5,455,Champion
26289,4514,1,33.1279,4,5,5,455,Champion
17853,4482,1,33.1279,3,4,5,345,Loyal
24745,4484,1,33.1279,3,4,5,345,Loyal
17884,4475,1,33.1279,3,4,5,345,Loyal
17895,4586,1,33.1279,5,5,5,555,Champion
17746,4599,1,33.1279,5,5,5,555,Champion
18042,4599,1,33.1279,5,5,5,555,Champion
25967,4508,1,33.1279,4,5,5,455,Champion
14985,4617,1,33.1279,5,5,5,555,Champion
26063,4388,1,33.1279,2,3,5,235,At Risk
24750,4409,1,33.1279,2,3,5,235,At Risk
21544,4379,1,33.1279,2,3,5,235,At Risk
14977,4308,1,33.1279,1,4,5,145,At Risk
26337,4575,1,33.1279,4,4,5,445,Champion
26492,4577,1,33.1279,4,4,5,445,Champion
26240,4573,1,33.1279,4,4,5,445,Champion
25337,4659,1,33.1279,5,5,5,555,Champion
26278,4656,1,33.1279,5,5,5,555,Champion
19080,4652,1,33.1279,5,5,5,555,Champion
13187,4570,1,33.0727,4,4,5,445,Champion
13308,4573,1,33.0727,4,4,5,445,Champion
12443,4307,1,33.0727,1,4,5,145,At Risk
13311,4331,1,33.0727,1,4,5,145,At Risk
14767,4418,1,33.0727,2,3,5,235,At Risk
19044,4376,1,33.0727,2,3,5,235,At Risk
13266,4611,1,33.0727,5,5,5,555,Champion
19060,4618,1,33.0727,5,5,5,555,Champion
13310,4618,1,33.0727,5,5,5,555,Champion
14935,4621,1,33.0727,5,5,5,555,Champion
12791,4637,1,33.0727,5,5,5,555,Champion
14973,4637,1,33.0727,5,5,5,555,Champion
21345,4470,1,33.0727,3,4,5,345,Loyal
13924,4511,1,33.0727,4,5,5,455,Champion
12877,4526,1,33.0727,4,4,5,445,Champion
14526,4524,1,32.5754,4,4,5,445,Champion
27033,4543,1,32.5754,4,4,5,445,Champion
28256,4543,1,32.5754,4,4,5,445,Champion
28015,4543,1,32.5754,4,4,5,445,Champion
13827,4492,1,32.5754,3,4,5,345,Loyal
17179,4493,1,32.5754,3,4,5,345,Loyal
28900,4541,1,32.5754,4,4,5,445,Champion
24851,4499,1,32.5754,3,5,5,355,Loyal
22390,4496,1,32.5754,3,5,5,355,Loyal
19306,4496,1,32.5754,3,5,5,355,Loyal
24095,4514,1,32.5754,4,5,5,455,Champion
21073,4477,1,32.5754,3,4,5,345,Loyal
18348,4634,1,32.5754,5,5,5,555,Champion
19460,4623,1,32.5754,5,5,5,555,Champion
18777,4617,1,32.5754,5,5,5,555,Champion
19462,4621,1,32.5754,5,5,5,555,Champion
23769,4617,1,32.5754,5,5,5,555,Champion
22672,4508,1,32.5754,4,5,5,455,Champion
28322,4596,1,32.5754,5,5,5,555,Champion
23966,4601,1,32.5754,5,5,5,555,Champion
24154,4600,1,32.5754,5,5,5,555,Champion
17033,4587,1,32.5754,5,5,5,555,Champion
18546,4587,1,32.5754,5,5,5,555,Champion
27961,4608,1,32.5754,5,5,5,555,Champion
23424,4582,1,32.5754,4,5,5,455,Champion
28188,4352,1,32.5754,1,3,5,135,At Risk
19376,4364,1,32.5754,1,3,5,135,At Risk
29029,4364,1,32.5754,1,3,5,135,At Risk
22533,4359,1,32.5754,1,3,5,135,At Risk
22833,4394,1,32.5754,2,3,5,235,At Risk
28933,4395,1,32.5754,2,3,5,235,At Risk
14142,4388,1,32.5754,2,3,5,235,At Risk
24836,4393,1,32.5754,2,3,5,235,At Risk
28305,4409,1,32.5754,2,3,5,235,At Risk
24715,4412,1,32.5754,2,3,5,235,At Risk
19374,4410,1,32.5754,2,3,5,235,At Risk
14958,4327,1,32.5754,1,4,5,145,At Risk
25570,4324,1,32.5754,1,4,5,145,At Risk
23768,4324,1,32.5754,1,4,5,145,At Risk
22820,4300,1,32.5754,1,4,5,145,At Risk
12801,4301,1,32.5754,1,4,5,145,At Risk
28571,4336,1,32.5754,1,4,5,145,At Risk
27191,4306,1,32.5754,1,4,5,145,At Risk
28717,4570,1,32.5754,4,4,5,445,Champion
22381,4552,1,32.5754,4,4,5,445,Champion
19189,4545,1,32.5754,4,4,5,445,Champion
12814,4572,1,32.5754,4,4,5,445,Champion
22540,4576,1,32.5754,4,4,5,445,Champion
27980,4554,1,32.5754,4,4,5,445,Champion
24699,4346,1,32.5754,1,4,5,145,At Risk
24840,4345,1,32.5754,1,4,5,145,At Risk
28922,4457,1,32.5754,3,3,5,335,Loyal
28716,4458,1,32.5754,3,3,5,335,Loyal
22550,4461,1,32.5754,3,3,5,335,Loyal
24126,4460,1,32.5754,3,3,5,335,Loyal
21097,4459,1,32.5754,3,3,5,335,Loyal
17382,4398,1,32.5754,2,3,5,235,At Risk
19372,4453,1,32.5754,3,3,5,335,Loyal
26177,4440,1,32.5754,3,2,5,325,Potential Loyalist
18396,4434,1,32.5754,3,3,5,335,Loyal
22455,4651,1,32.5754,5,5,5,555,Champion
27978,4655,1,32.5754,5,5,5,555,Champion
27942,4660,1,32.5754,5,5,5,555,Champion
16306,4394,2,32.3323,2,2,5,225,Needs Attention
15855,4417,1,32.3323,2,3,5,235,At Risk
17340,4376,1,32.3323,2,3,5,235,At Risk
26527,4481,1,32.3323,3,4,5,345,Loyal
27290,4483,1,32.034,3,4,5,345,Loyal
27303,4487,1,32.034,3,4,5,345,Loyal
26982,4474,1,32.034,3,4,5,345,Loyal
24062,4473,1,32.034,3,4,5,345,Loyal
26798,4473,1,32.034,3,4,5,345,Loyal
28687,4500,1,32.034,3,5,5,355,Loyal
26410,4498,1,32.034,3,5,5,355,Loyal
26586,4493,1,32.034,3,4,5,345,Loyal
27241,4538,1,32.034,4,4,5,445,Champion
26576,4539,1,32.034,4,4,5,445,Champion
26402,4522,1,32.034,4,4,5,445,Champion
26697,4568,1,32.034,4,4,5,445,Champion
26263,4615,1,32.034,5,5,5,555,Champion
11392,4602,1,32.034,5,5,5,555,Champion
27389,4625,1,32.034,5,5,5,555,Champion
26691,4640,1,32.034,5,5,5,555,Champion
22676,4636,1,32.034,5,5,5,555,Champion
27321,4636,1,32.034,5,5,5,555,Champion
27249,4636,1,32.034,5,5,5,555,Champion
26574,4376,1,32.034,2,3,5,235,At Risk
26799,4372,1,32.034,2,3,5,235,At Risk
27278,4374,1,32.034,2,3,5,235,At Risk
22702,4373,1,32.034,2,3,5,235,At Risk
26926,4353,1,32.034,1,3,5,135,At Risk
26621,4416,1,32.034,2,3,5,235,At Risk
11396,4391,1,32.034,2,3,5,235,At Risk
27923,4394,1,32.034,2,3,5,235,At Risk
28432,4388,1,32.034,2,3,5,235,At Risk
27333,4391,1,32.034,2,3,5,235,At Risk
26126,4345,1,32.034,1,4,5,145,At Risk
27237,4571,1,32.034,4,4,5,445,Champion
27246,4556,1,32.034,4,4,5,445,Champion
29436,4570,1,32.034,4,4,5,445,Champion
22682,4308,1,32.034,1,4,5,145,At Risk
26170,4320,1,32.034,1,4,5,145,At Risk
27057,4315,1,32.034,1,4,5,145,At Risk
22658,4380,1,32.034,2,3,5,235,At Risk
23445,4434,1,32.034,3,3,5,335,Loyal
27622,4445,1,32.034,3,2,5,325,Potential Loyalist
22709,4434,1,32.034,3,3,5,335,Loyal
29430,4454,1,32.034,3,3,5,335,Loyal
26935,4459,1,32.034,3,3,5,335,Loyal
27306,4462,1,32.034,3,3,5,335,Loyal
27624,4658,1,32.034,5,5,5,555,Champion
23962,4662,1,32.034,5,5,5,555,Champion
28409,4654,1,32.034,5,5,5,555,Champion
26599,4648,1,32.034,5,5,5,555,Champion
26551,4646,1,32.034,5,5,5,555,Champion
26904,4651,1,32.034,5,5,5,555,Champion
16185,4550,2,32.023,4,2,5,425,Potential Loyalist
16322,4462,1,32.0229,3,3,5,335,Loyal
19497,4461,1,32.0229,3,3,5,335,Loyal
28864,4422,1,32.0229,2,3,5,235,At Risk
19936,4329,1,32.0229,1,4,5,145,At Risk
19331,4328,1,32.0229,1,4,5,145,At Risk
28868,4332,1,32.0229,1,4,5,145,At Risk
29035,4340,1,32.0229,1,4,5,145,At Risk
29177,4572,1,32.0229,4,4,5,445,Champion
19259,4577,1,32.0229,4,4,5,445,Champion
28860,4555,1,32.0229,4,4,5,445,Champion
17876,4555,1,32.0229,4,4,5,445,Champion
28760,4349,1,32.0229,1,4,5,145,At Risk
16315,4395,1,32.0229,2,3,5,235,At Risk
24724,4418,1,32.0229,2,3,5,235,At Risk
29205,4358,1,32.0229,1,3,5,135,At Risk
28861,4402,1,32.0229,2,3,5,235,At Risk
28998,4639,1,32.0229,5,5,5,555,Champion
16440,4633,1,32.0229,5,5,5,555,Champion
19913,4634,1,32.0229,5,5,5,555,Champion
19291,4621,1,32.0229,5,5,5,555,Champion
16455,4604,1,32.0229,5,5,5,555,Champion
29127,4607,1,32.0229,5,5,5,555,Champion
20568,4542,1,32.0229,4,4,5,445,Champion
13805,4541,1,32.0229,4,4,5,445,Champion
27217,4541,1,32.0229,4,4,5,445,Champion
20133,4505,1,32.0229,4,5,5,455,Champion
29009,4495,1,32.0229,3,5,5,355,Loyal
29234,4500,1,32.0229,3,5,5,355,Loyal
21864,4511,1,32.0229,4,5,5,455,Champion
16544,4477,1,32.0229,3,4,5,345,Loyal
28984,4486,1,32.0229,3,4,5,345,Loyal
14615,4387,1,32.0008,2,3,5,235,At Risk
14622,4557,1,32.0008,4,4,5,445,Champion
26846,4344,1,31.4704,1,4,5,145,At Risk
23229,4409,1,31.4704,2,3,5,235,At Risk
27177,4353,1,31.4704,1,3,5,135,At Risk
23915,4356,1,31.4704,1,3,5,135,At Risk
29093,4459,1,31.4704,3,3,5,335,Loyal
23637,4437,1,31.4704,3,3,5,335,Loyal
27225,4438,1,31.4704,3,3,5,335,Loyal
28249,4403,1,30.8958,2,3,5,235,At Risk
28261,4389,1,30.8516,2,3,5,235,At Risk
16716,4592,1,30.8516,5,5,5,555,Champion
27478,4591,1,30.6859,5,5,5,555,Champion
21084,4584,1,30.6859,4,5,5,455,Champion
27828,4608,1,30.6859,5,5,5,555,Champion
27658,4597,1,30.6859,5,5,5,555,Champion
20262,4508,1,30.6859,4,5,5,455,Champion
24863,4622,1,30.6859,5,5,5,555,Champion
24866,4622,1,30.6859,5,5,5,555,Champion
28049,4646,1,30.6859,5,5,5,555,Champion
29386,4617,1,30.6859,5,5,5,555,Champion
18895,4633,1,30.6859,5,5,5,555,Champion
25691,4629,1,30.6859,5,5,5,555,Champion
25533,4480,1,30.6859,3,4,5,345,Loyal
27433,4481,1,30.6859,3,4,5,345,Loyal
24373,4479,1,30.6859,3,4,5,345,Loyal
26845,4477,1,30.6859,3,4,5,345,Loyal
25472,4473,1,30.6859,3,4,5,345,Loyal
27843,4500,1,30.6859,3,5,5,355,Loyal
26912,4499,1,30.6859,3,5,5,355,Loyal
21911,4501,1,30.6859,4,5,5,455,Champion
25787,4501,1,30.6859,4,5,5,455,Champion
29416,4495,1,30.6859,3,5,5,355,Loyal
24875,4512,1,30.6859,4,5,5,455,Champion
27566,4520,1,30.6859,4,5,5,455,Champion
27442,4542,1,30.6859,4,4,5,445,Champion
24280,4492,1,30.6859,3,4,5,345,Loyal
22397,4542,1,30.6859,4,4,5,445,Champion
25680,4524,1,30.6859,4,4,5,445,Champion
27675,4525,1,30.6859,4,4,5,445,Champion
26821,4534,1,30.6859,4,4,5,445,Champion
27848,4389,1,30.6859,2,3,5,235,At Risk
27398,4418,1,30.6859,2,3,5,235,At Risk
22379,4387,1,30.6859,2,3,5,235,At Risk
24856,4408,1,30.6859,2,3,5,235,At Risk
17907,4410,1,30.6859,2,3,5,235,At Risk
28745,4361,1,30.6859,1,3,5,135,At Risk
27432,4374,1,30.6859,2,3,5,235,At Risk
25212,4371,1,30.6859,2,3,5,235,At Risk
25246,4377,1,30.6859,2,3,5,235,At Risk
24849,4382,1,30.6859,2,3,5,235,At Risk
28914,4560,1,30.6859,4,4,5,445,Champion
26144,4565,1,30.6859,4,4,5,445,Champion
27438,4549,1,30.6859,4,4,5,445,Champion
27548,4333,1,30.6859,1,4,5,145,At Risk
18013,4311,1,30.6859,1,4,5,145,At Risk
27831,4302,1,30.6859,1,4,5,145,At Risk
24571,4328,1,30.6859,1,4,5,145,At Risk
24578,4380,1,30.6859,2,3,5,235,At Risk
18333,4332,1,30.6859,1,4,5,145,At Risk
19347,4314,1,30.6859,1,4,5,145,At Risk
27507,4318,1,30.6859,1,4,5,145,At Risk
25664,4398,1,30.6859,2,3,5,235,At Risk
26790,4396,1,30.6859,2,3,5,235,At Risk
28229,4457,1,30.6859,3,3,5,335,Loyal
21125,4446,1,30.6859,3,3,5,335,Loyal
19900,4451,1,30.1444,3,3,5,335,Loyal
29210,4454,1,30.1444,3,3,5,335,Loyal
16056,4422,1,30.1444,2,3,5,235,At Risk
18002,4426,1,30.1444,3,3,5,335,Loyal
15616,4426,1,30.1444,3,3,5,335,Loyal
25834,4425,1,30.1444,2,3,5,235,At Risk
28816,4457,1,30.1444,3,3,5,335,Loyal
26555,4463,1,30.1444,3,3,5,335,Loyal
15609,4463,1,30.1444,3,3,5,335,Loyal
29235,4462,1,30.1444,3,3,5,335,Loyal
26462,4432,1,30.1444,3,3,5,335,Loyal
26198,4445,1,30.1444,3,2,5,325,Potential Loyalist
17995,4444,1,30.1444,3,2,5,325,Potential Loyalist
25353,4441,1,30.1444,3,2,5,325,Potential Loyalist
19190,4440,1,30.1444,3,2,5,325,Potential Loyalist
26502,4443,1,30.1444,3,2,5,325,Potential Loyalist
20136,4321,1,30.1444,1,4,5,145,At Risk
13804,4325,1,30.1444,1,4,5,145,At Risk
28762,4323,1,30.1444,1,4,5,145,At Risk
26288,4312,1,30.1444,1,4,5,145,At Risk
26336,4308,1,30.1444,1,4,5,145,At Risk
17774,4309,1,30.1444,1,4,5,145,At Risk
29172,4332,1,30.1444,1,3,5,135,At Risk
25853,4331,1,30.1444,1,3,5,135,At Risk
26172,4301,1,30.1444,1,4,5,145,At Risk
19898,4336,1,30.1444,1,4,5,145,At Risk
26605,4300,1,30.1444,1,4,5,145,At Risk
25908,4299,1,30.1444,1,4,5,145,At Risk
29219,4304,1,30.1444,1,4,5,145,At Risk
26524,4337,1,30.1444,1,4,5,145,At Risk
26531,4547,1,30.1444,4,4,5,445,Champion
15613,4547,1,30.1444,4,4,5,445,Champion
25338,4569,1,30.1444,4,4,5,445,Champion
25208,4549,1,30.1444,4,4,5,445,Champion
25007,4575,1,30.1444,4,4,5,445,Champion
29173,4573,1,30.1444,4,4,5,445,Champion
28803,4573,1,30.1444,4,4,5,445,Champion
28679,4343,1,30.1444,1,4,5,145,At Risk
26593,4338,1,30.1444,1,4,5,145,At Risk
21824,4346,1,30.1444,1,4,5,145,At Risk
26243,4349,1,30.1444,1,4,5,145,At Risk
26039,4381,1,30.1444,2,3,5,235,At Risk
26648,4381,1,30.1444,2,3,5,235,At Risk
26323,4370,1,30.1444,2,3,5,235,At Risk
29245,4352,1,30.1444,1,3,5,135,At Risk
26284,4412,1,30.1444,2,3,5,235,At Risk
26494,4412,1,30.1444,2,3,5,235,At Risk
26246,4413,1,30.1444,2,3,5,235,At Risk
16265,4415,1,30.1444,2,3,5,235,At Risk
16472,4385,1,30.1444,2,3,5,235,At Risk
26334,4419,1,30.1444,2,3,5,235,At Risk
26463,4421,1,30.1444,2,3,5,235,At Risk
26045,4418,1,30.1444,2,3,5,235,At Risk
16419,4388,1,30.1444,2,3,5,235,At Risk
25860,4421,1,30.1444,2,3,5,235,At Risk
26171,4534,1,30.1444,4,4,5,445,Champion
28642,4526,1,30.1444,4,4,5,445,Champion
24953,4526,1,30.1444,4,4,5,445,Champion
25842,4569,1,30.1444,4,4,5,445,Champion
28982,4566,1,30.1444,4,4,5,445,Champion
25954,4543,1,30.1444,4,4,5,445,Champion
16536,4539,1,30.1444,4,4,5,445,Champion
26507,4537,1,30.1444,4,4,5,445,Champion
25854,4537,1,30.1444,4,4,5,445,Champion
25358,4492,1,30.1444,3,4,5,345,Loyal
26451,4494,1,30.1444,3,4,5,345,Loyal
25931,4485,1,30.1444,3,4,5,345,Loyal
28801,4514,1,30.1444,4,5,5,455,Champion
13688,4510,1,30.1444,4,5,5,455,Champion
17951,4504,1,30.1444,4,5,5,455,Champion
26275,4499,1,30.1444,3,5,5,355,Loyal
19251,4472,1,30.1444,3,4,5,345,Loyal
25843,4516,1,30.1444,4,5,5,455,Champion
26454,4482,1,30.1444,3,4,5,345,Loyal
26237,4637,1,30.1444,5,5,5,555,Champion
20588,4640,1,30.1444,5,5,5,555,Champion
29025,4636,1,30.1444,5,5,5,555,Champion
26053,4612,1,30.1444,5,5,5,555,Champion
28981,4613,1,30.1444,5,5,5,555,Champion
26465,4617,1,30.1444,5,5,5,555,Champion
16418,4646,1,30.1444,5,5,5,555,Champion
29248,4644,1,30.1444,5,5,5,555,Champion
19392,4643,1,30.1444,5,5,5,555,Champion
25835,4643,1,30.1444,5,5,5,555,Champion
17994,4643,1,30.1444,5,5,5,555,Champion
22794,4627,1,30.1444,5,5,5,555,Champion
29224,4626,1,30.1444,5,5,5,555,Champion
25966,4502,1,30.1444,4,5,5,455,Champion
20806,4502,1,30.1444,4,5,5,455,Champion
20566,4502,1,30.1444,4,5,5,455,Champion
16319,4607,1,30.1444,5,5,5,555,Champion
26349,4598,1,30.1444,5,5,5,555,Champion
17970,4599,1,30.1444,5,5,5,555,Champion
26542,4587,1,30.1444,5,5,5,555,Champion
19328,4586,1,30.1444,5,5,5,555,Champion
24928,4587,1,30.1444,5,5,5,555,Champion
25929,4590,1,30.1444,5,5,5,555,Champion
25959,4592,1,30.1444,5,5,5,555,Champion
16510,4592,1,30.1444,5,5,5,555,Champion
25848,4592,1,30.1444,5,5,5,555,Champion
28623,4609,1,30.1444,5,5,5,555,Champion
25356,4582,1,30.1444,4,5,5,455,Champion
26468,4651,1,30.1444,5,5,5,555,Champion
28764,4651,1,30.1444,5,5,5,555,Champion
28971,4653,1,30.1444,5,5,5,555,Champion
26195,4657,1,30.1444,5,5,5,555,Champion
14916,4647,1,29.8019,5,5,5,555,Champion
16143,4585,1,29.8019,5,5,5,555,Champion
23716,4584,1,29.8019,4,5,5,455,Champion
25813,4606,1,29.8019,5,5,5,555,Champion
17336,4634,1,29.8019,5,5,5,555,Champion
15013,4567,1,29.8019,4,4,5,445,Champion
15911,4410,1,29.8019,2,3,5,235,At Risk
14638,4338,1,29.8019,1,4,5,145,At Risk
16369,4445,1,29.8019,3,2,5,325,Potential Loyalist
15522,4461,1,29.8019,3,3,5,335,Loyal
24599,4465,1,29.8019,3,3,5,335,Loyal
21227,4423,1,29.8019,2,3,5,235,At Risk
16251,4338,2,29.8019,1,2,5,125,Needs Attention
16191,4327,2,29.8019,1,2,5,125,Needs Attention
18304,4324,2,29.3489,1,2,5,125,Needs Attention
26779,4452,1,28.1554,3,3,5,335,Loyal
27505,4450,1,28.1554,3,3,5,335,Loyal
21005,4465,1,28.1554,3,3,5,335,Loyal
11469,4469,1,28.1554,3,3,5,335,Loyal
26791,4458,1,28.1554,3,3,5,335,Loyal
25144,4430,1,28.1554,3,3,5,335,Loyal
25789,4346,1,28.1554,1,4,5,145,At Risk
24844,4345,1,28.1554,1,4,5,145,At Risk
28081,4342,1,28.1554,1,4,5,145,At Risk
28230,4547,1,28.1554,4,4,5,445,Champion
26776,4548,1,28.1554,4,4,5,445,Champion
22534,4337,1,28.1554,1,4,5,145,At Risk
25296,4305,1,28.1554,1,4,5,145,At Risk
22394,4300,1,28.1554,1,4,5,145,At Risk
27178,4336,1,28.1554,1,4,5,145,At Risk
27827,4379,1,28.1554,2,3,5,235,At Risk
18444,4327,1,28.1554,1,4,5,145,At Risk
27911,4319,1,28.1554,1,4,5,145,At Risk
29444,4409,1,28.1554,2,3,5,235,At Risk
25771,4404,1,28.1554,2,3,5,235,At Risk
29426,4405,1,28.1554,2,3,5,235,At Risk
25318,4404,1,28.1554,2,3,5,235,At Risk
29437,4420,1,28.1554,2,3,5,235,At Risk
21119,4420,1,28.1554,2,3,5,235,At Risk
18450,4388,1,28.1554,2,3,5,235,At Risk
28033,4387,1,28.1554,2,3,5,235,At Risk
22425,4393,1,28.1554,2,3,5,235,At Risk
27476,4362,1,28.1554,1,3,5,135,At Risk
17905,4377,1,28.1554,2,3,5,235,At Risk
18012,4384,1,28.1554,2,3,5,235,At Risk
25031,4568,1,28.1554,4,4,5,445,Champion
21112,4539,1,28.1554,4,4,5,445,Champion
26483,4487,1,28.1554,3,4,5,345,Loyal
22561,4484,1,28.1554,3,4,5,345,Loyal
24855,4642,1,28.1554,5,5,5,555,Champion
27794,4628,1,28.1554,5,5,5,555,Champion
26736,4644,1,28.1554,5,5,5,555,Champion
27740,4614,1,28.1554,5,5,5,555,Champion
28054,4601,1,28.1554,5,5,5,555,Champion
25524,4594,1,28.1554,5,5,5,555,Champion
27533,4584,1,28.1554,4,5,5,455,Champion
25267,4608,1,28.1554,5,5,5,555,Champion
27753,4610,1,28.1554,5,5,5,555,Champion
26395,4648,1,28.1554,5,5,5,555,Champion
29451,4651,1,28.1554,5,5,5,555,Champion
26989,4657,1,28.1554,5,5,5,555,Champion
20521,4349,1,27.8681,1,4,5,145,At Risk
20769,4557,1,27.8681,4,4,5,445,Champion
26072,4348,1,27.614,1,4,5,145,At Risk
20550,4560,1,27.614,4,4,5,445,Champion
18031,4554,1,27.614,4,4,5,445,Champion
17875,4553,1,27.614,4,4,5,445,Champion
19053,4343,1,27.614,1,4,5,145,At Risk
25359,4548,1,27.614,4,4,5,445,Champion
29015,4546,1,27.614,4,4,5,445,Champion
26541,4551,1,27.614,4,4,5,445,Champion
26052,4551,1,27.614,4,4,5,445,Champion
19923,4570,1,27.614,4,4,5,445,Champion
25336,4574,1,27.614,4,4,5,445,Champion
25893,4574,1,27.614,4,4,5,445,Champion
16438,4574,1,27.614,4,4,5,445,Champion
16302,4577,1,27.614,4,4,5,445,Champion
22798,4563,1,27.614,4,4,5,445,Champion
26460,4309,1,27.614,1,4,5,145,At Risk
25963,4322,1,27.614,1,4,5,145,At Risk
25881,4321,1,27.614,1,4,5,145,At Risk
26595,4320,1,27.614,1,4,5,145,At Risk
15060,4327,1,27.614,1,4,5,145,At Risk
28800,4379,1,27.614,2,3,5,235,At Risk
25004,4304,1,27.614,1,4,5,145,At Risk
19043,4305,1,27.614,1,4,5,145,At Risk
19932,4311,1,27.614,1,4,5,145,At Risk
19378,4333,1,27.614,1,4,5,145,At Risk
26068,4382,1,27.614,2,3,5,235,At Risk
28681,4383,1,27.614,2,3,5,235,At Risk
25968,4368,1,27.614,2,3,5,235,At Risk
26006,4361,1,27.614,1,3,5,135,At Risk
25851,4352,1,27.614,1,3,5,135,At Risk
18631,4352,1,27.614,1,3,5,135,At Risk
29007,4353,1,27.614,1,3,5,135,At Risk
20579,4353,1,27.614,1,3,5,135,At Risk
21854,4387,1,27.614,2,3,5,235,At Risk
26347,4395,1,27.614,2,3,5,235,At Risk
13692,4394,1,27.614,2,3,5,235,At Risk
28973,4389,1,27.614,2,3,5,235,At Risk
26685,4405,1,27.614,2,3,5,235,At Risk
16473,4412,1,27.614,2,3,5,235,At Risk
20571,4411,1,27.614,2,3,5,235,At Risk
28974,4412,1,27.614,2,3,5,235,At Risk
25354,4358,1,27.614,1,3,5,135,At Risk
26517,4610,1,27.614,5,5,5,555,Champion
17783,4610,1,27.614,5,5,5,555,Champion
15452,4611,1,27.614,5,5,5,555,Champion
19178,4580,1,27.614,4,5,5,455,Champion
25343,4593,1,27.614,5,5,5,555,Champion
19184,4592,1,27.614,5,5,5,555,Champion
16326,4591,1,27.614,5,5,5,555,Champion
26054,4600,1,27.614,5,5,5,555,Champion
25206,4599,1,27.614,5,5,5,555,Champion
15618,4599,1,27.614,5,5,5,555,Champion
16458,4604,1,27.614,5,5,5,555,Champion
16558,4607,1,27.614,5,5,5,555,Champion
16474,4603,1,27.614,5,5,5,555,Champion
22324,4603,1,27.614,5,5,5,555,Champion
18036,4603,1,27.614,5,5,5,555,Champion
29241,4603,1,27.614,5,5,5,555,Champion
28808,4509,1,27.614,4,5,5,455,Champion
26687,4507,1,27.614,4,5,5,455,Champion
28809,4595,1,27.614,5,5,5,555,Champion
16441,4644,1,27.614,5,5,5,555,Champion
25890,4644,1,27.614,5,5,5,555,Champion
19247,4646,1,27.614,5,5,5,555,Champion
17845,4626,1,27.614,5,5,5,555,Champion
29249,4642,1,27.614,5,5,5,555,Champion
18017,4642,1,27.614,5,5,5,555,Champion
29228,4641,1,27.614,5,5,5,555,Champion
28793,4638,1,27.614,5,5,5,555,Champion
17738,4638,1,27.614,5,5,5,555,Champion
17640,4639,1,27.614,5,5,5,555,Champion
16254,4638,1,27.614,5,5,5,555,Champion
26010,4629,1,27.614,5,5,5,555,Champion
28862,4634,1,27.614,5,5,5,555,Champion
20804,4486,1,27.614,3,4,5,345,Loyal
20724,4485,1,27.614,3,4,5,345,Loyal
25956,4482,1,27.614,3,4,5,345,Loyal
28994,4482,1,27.614,3,4,5,345,Loyal
26522,4472,1,27.614,3,4,5,345,Loyal
20721,4469,1,27.614,3,4,5,345,Loyal
29220,4473,1,27.614,3,4,5,345,Loyal
26101,4501,1,27.614,3,5,5,355,Loyal
12847,4513,1,27.614,4,5,5,455,Champion
16042,4510,1,27.614,4,5,5,455,Champion
17857,4510,1,27.614,4,5,5,455,Champion
16537,4544,1,27.614,4,4,5,445,Champion
15447,4543,1,27.614,4,4,5,445,Champion
26466,4536,1,27.614,4,4,5,445,Champion
20179,4538,1,27.614,4,4,5,445,Champion
19175,4492,1,27.614,3,4,5,345,Loyal
20586,4541,1,27.614,4,4,5,445,Champion
21841,4490,1,27.614,3,4,5,345,Loyal
17088,4489,1,27.614,3,4,5,345,Loyal
26007,4532,1,27.614,4,4,5,445,Champion
14987,4532,1,27.614,4,4,5,445,Champion
25837,4532,1,27.614,4,4,5,445,Champion
25342,4566,1,27.614,4,4,5,445,Champion
29129,4567,1,27.614,4,4,5,445,Champion
15654,4529,1,27.614,4,4,5,445,Champion
26080,4530,1,27.614,4,4,5,445,Champion
26341,4526,1,27.614,4,4,5,445,Champion
27936,4522,1,27.614,4,4,5,445,Champion
19461,4439,1,27.614,3,3,5,335,Loyal
25345,4438,1,27.614,3,3,5,335,Loyal
29171,4434,1,27.614,3,3,5,335,Loyal
17108,4443,1,27.614,3,2,5,325,Potential Loyalist
14706,4441,1,27.614,3,2,5,325,Potential Loyalist
26500,4440,1,27.614,3,2,5,325,Potential Loyalist
16323,4459,1,27.614,3,3,5,335,Loyal
15066,4458,1,27.614,3,3,5,335,Loyal
18629,4458,1,27.614,3,3,5,335,Loyal
29026,4460,1,27.614,3,3,5,335,Loyal
21856,4397,1,27.614,2,3,5,235,At Risk
19079,4469,1,27.614,3,3,5,335,Loyal
17832,4465,1,27.614,3,3,5,335,Loyal
19513,4461,1,27.614,3,3,5,335,Loyal
28812,4464,1,27.614,3,3,5,335,Loyal
16439,4449,1,27.614,3,3,5,335,Loyal
26471,4450,1,27.614,3,3,5,335,Loyal
18033,4446,1,27.614,3,3,5,335,Loyal
19355,4453,1,27.614,3,3,5,335,Loyal
25847,4425,1,27.614,2,3,5,235,At Risk
21512,4423,1,27.614,2,3,5,235,At Risk
26489,4657,1,27.614,5,5,5,555,Champion
26199,4659,1,27.614,5,5,5,555,Champion
21507,4655,1,27.614,5,5,5,555,Champion
25844,4651,1,27.614,5,5,5,555,Champion
19262,4647,1,27.614,5,5,5,555,Champion
29767,4601,1,27.4401,5,5,5,555,Champion
12457,4596,1,26.8184,5,5,5,555,Champion
13832,4611,1,26.8184,5,5,5,555,Champion
15065,4629,1,26.8184,5,5,5,555,Champion
14372,4528,1,26.8184,4,4,5,445,Champion
13379,4492,1,26.8184,3,4,5,345,Loyal
22177,4496,1,26.8184,3,5,5,355,Loyal
22079,4408,1,26.8184,2,3,5,235,At Risk
18142,4389,1,26.8184,2,3,5,235,At Risk
13950,4420,1,26.8184,2,3,5,235,At Risk
17190,4311,1,26.8184,1,4,5,145,At Risk
13875,4301,1,26.8184,1,4,5,145,At Risk
13200,4376,1,26.8184,2,3,5,235,At Risk
15839,4564,1,26.8184,4,4,5,445,Champion
13421,4573,1,26.8184,4,4,5,445,Champion
12790,4343,1,26.8184,1,4,5,145,At Risk
13752,4464,1,26.8184,3,3,5,335,Loyal
13365,4436,1,26.8184,3,3,5,335,Loyal
18298,4451,2,26.8184,3,2,5,325,Potential Loyalist
18712,4450,2,26.8184,3,2,5,325,Potential Loyalist
19097,4426,2,26.8184,3,2,5,325,Potential Loyalist
19091,4324,2,26.8184,1,2,5,125,Needs Attention
18742,4314,2,26.8184,1,2,5,125,Needs Attention
19088,4381,2,26.8184,2,2,5,225,Needs Attention
18734,4363,2,26.8184,1,2,5,125,Needs Attention
18714,4513,2,26.8184,4,1,5,415,Potential Loyalist
18733,4588,2,26.8184,5,1,5,515,Potential Loyalist
14145,4653,1,26.8184,5,5,5,555,Champion
21581,4653,1,26.8184,5,5,5,555,Champion
20391,4651,1,26.4869,5,5,5,555,Champion
22055,4649,1,26.4869,5,5,5,555,Champion
20537,4661,1,26.4869,5,5,5,555,Champion
24483,4431,1,26.4869,3,3,5,335,Loyal
21467,4429,1,26.4869,3,3,5,335,Loyal
23263,4463,1,26.4869,3,3,5,335,Loyal
29189,4461,1,26.4869,3,3,5,335,Loyal
21338,4465,1,26.4869,3,3,5,335,Loyal
28944,4457,1,26.4869,3,3,5,335,Loyal
21687,4398,1,26.4869,2,3,5,235,At Risk
20536,4397,1,26.4869,2,3,5,235,At Risk
28779,4423,1,26.4869,2,3,5,235,At Risk
20534,4429,1,26.4869,3,3,5,335,Loyal
21772,4426,1,26.4869,3,3,5,335,Loyal
22047,4427,1,26.4869,3,3,5,335,Loyal
29320,4449,1,26.4869,3,3,5,335,Loyal
22024,4567,1,26.4869,4,4,5,445,Champion
21304,4548,1,26.4869,4,4,5,445,Champion
21495,4328,1,26.4869,1,4,5,145,At Risk
20491,4320,1,26.4869,1,4,5,145,At Risk
29282,4326,1,26.4869,1,4,5,145,At Risk
28946,4325,1,26.4869,1,4,5,145,At Risk
20738,4420,1,26.4869,2,3,5,235,At Risk
29123,4391,1,26.4869,2,3,5,235,At Risk
21592,4390,1,26.4869,2,3,5,235,At Risk
23519,4394,1,26.4869,2,3,5,235,At Risk
21319,4358,1,26.4869,1,3,5,135,At Risk
21398,4361,1,26.4869,1,3,5,135,At Risk
25019,4364,1,26.4869,1,3,5,135,At Risk
21290,4369,1,26.4869,2,3,5,235,At Risk
20493,4372,1,26.4869,2,3,5,235,At Risk
22021,4384,1,26.4869,2,3,5,235,At Risk
21902,4384,1,26.4869,2,3,5,235,At Risk
21477,4518,1,26.4869,4,5,5,455,Champion
21451,4515,1,26.4869,4,5,5,455,Champion
21463,4471,1,26.4869,3,4,5,345,Loyal
21799,4479,1,26.4869,3,4,5,345,Loyal
12604,4540,1,26.4869,4,4,5,445,Champion
21770,4490,1,26.4869,3,4,5,345,Loyal
20698,4543,1,26.4869,4,4,5,445,Champion
20733,4545,1,26.4869,4,4,5,445,Champion
21776,4568,1,26.4869,4,4,5,445,Champion
24276,4623,1,26.4869,5,5,5,555,Champion
22068,4588,1,26.4869,5,5,5,555,Champion
21307,4601,1,26.4869,5,5,5,555,Champion
29304,4598,1,26.4869,5,5,5,555,Champion
26894,4601,1,26.2769,5,5,5,555,Champion
27479,4603,1,26.2769,5,5,5,555,Champion
27477,4509,1,26.2769,4,5,5,455,Champion
20454,4509,1,26.2769,4,5,5,455,Champion
24854,4503,1,26.2769,4,5,5,455,Champion
28746,4592,1,26.2769,5,5,5,555,Champion
27025,4614,1,26.2769,5,5,5,555,Champion
25629,4578,1,26.2769,4,5,5,455,Champion
20603,4578,1,26.2769,4,5,5,455,Champion
22513,4576,1,26.2769,4,5,5,455,Champion
27526,4609,1,26.2769,5,5,5,555,Champion
27826,4579,1,26.2769,4,5,5,455,Champion
26990,4584,1,26.2769,4,5,5,455,Champion
19350,4580,1,26.2769,4,5,5,455,Champion
26480,4646,1,26.2769,5,5,5,555,Champion
25220,4621,1,26.2769,5,5,5,555,Champion
24872,4616,1,26.2769,5,5,5,555,Champion
27463,4620,1,26.2769,5,5,5,555,Champion
24882,4620,1,26.2769,5,5,5,555,Champion
28918,4637,1,26.2769,5,5,5,555,Champion
26899,4636,1,26.2769,5,5,5,555,Champion
27661,4635,1,26.2769,5,5,5,555,Champion
28753,4633,1,26.2769,5,5,5,555,Champion
22567,4530,1,26.2769,4,4,5,445,Champion
24846,4532,1,26.2769,4,4,5,445,Champion
25210,4531,1,26.2769,4,4,5,445,Champion
24842,4523,1,26.2769,4,4,5,445,Champion
29384,4525,1,26.2769,4,4,5,445,Champion
27411,4535,1,26.2769,4,4,5,445,Champion
26969,4491,1,26.2769,3,4,5,345,Loyal
22420,4541,1,26.2769,4,4,5,445,Champion
28748,4494,1,26.2769,3,4,5,345,Loyal
26271,4487,1,26.2769,3,4,5,345,Loyal
27426,4474,1,26.2769,3,4,5,345,Loyal
25145,4518,1,26.2769,4,5,5,455,Champion
27847,4521,1,26.2769,4,5,5,455,Champion
21077,4505,1,26.2769,4,5,5,455,Champion
29439,4504,1,26.2769,4,5,5,455,Champion
27648,4497,1,26.2769,3,5,5,355,Loyal
27842,4511,1,26.2769,4,5,5,455,Champion
27855,4384,1,26.2769,2,3,5,235,At Risk
25794,4383,1,26.2769,2,3,5,235,At Risk
28561,4363,1,26.2769,1,3,5,135,At Risk
26385,4361,1,26.2769,1,3,5,135,At Risk
25297,4361,1,26.2769,1,3,5,135,At Risk
27682,4361,1,26.2769,1,3,5,135,At Risk
21045,4353,1,26.2769,1,3,5,135,At Risk
17731,4351,1,26.2769,1,3,5,135,At Risk
26212,4412,1,26.2769,2,3,5,235,At Risk
18796,4408,1,26.2769,2,3,5,235,At Risk
25684,4407,1,26.2769,2,3,5,235,At Risk
26851,4404,1,26.2769,2,3,5,235,At Risk
19478,4416,1,26.2769,2,3,5,235,At Risk
27748,4415,1,26.2769,2,3,5,235,At Risk
28913,4395,1,26.2769,2,3,5,235,At Risk
27600,4400,1,26.2769,2,3,5,235,At Risk
22542,4393,1,26.2769,2,3,5,235,At Risk
21078,4390,1,26.2769,2,3,5,235,At Risk
27172,4391,1,26.2769,2,3,5,235,At Risk
24884,4417,1,26.2769,2,3,5,235,At Risk
26565,4325,1,26.2769,1,4,5,145,At Risk
21113,4323,1,26.2769,1,4,5,145,At Risk
25028,4319,1,26.2769,1,4,5,145,At Risk
21676,4328,1,26.2769,1,4,5,145,At Risk
29447,4330,1,26.2769,1,4,5,145,At Risk
27532,4327,1,26.2769,1,4,5,145,At Risk
26980,4327,1,26.2769,1,4,5,145,At Risk
26031,4300,1,26.2769,1,4,5,145,At Risk
27392,4298,1,26.2769,1,4,5,145,At Risk
20455,4306,1,26.2769,1,4,5,145,At Risk
29471,4304,1,26.2769,1,4,5,145,At Risk
27741,4304,1,26.2769,1,4,5,145,At Risk
22413,4333,1,26.2769,1,4,5,145,At Risk
20607,4341,1,26.2769,1,4,5,145,At Risk
24893,4550,1,26.2769,4,4,5,445,Champion
27737,4548,1,26.2769,4,4,5,445,Champion
27443,4573,1,26.2769,4,4,5,445,Champion
26874,4569,1,26.2769,4,4,5,445,Champion
24878,4551,1,26.2769,4,4,5,445,Champion
27410,4551,1,26.2769,4,4,5,445,Champion
28408,4564,1,26.2769,4,4,5,445,Champion
25667,4572,1,26.2769,4,4,5,445,Champion
29379,4575,1,26.2769,4,4,5,445,Champion
26431,4341,1,26.2769,1,4,5,145,At Risk
22435,4553,1,26.2769,4,4,5,445,Champion
26358,4555,1,26.2769,4,4,5,445,Champion
22499,4451,1,26.2769,3,3,5,335,Loyal
29383,4446,1,26.2769,3,3,5,335,Loyal
25806,4447,1,26.2769,3,3,5,335,Loyal
24696,4446,1,26.2769,3,3,5,335,Loyal
26370,4455,1,26.2769,3,3,5,335,Loyal
26880,4455,1,26.2769,3,3,5,335,Loyal
27754,4456,1,26.2769,3,3,5,335,Loyal
28907,4425,1,26.2769,2,3,5,235,At Risk
27650,4426,1,26.2769,3,3,5,335,Loyal
28413,4428,1,26.2769,3,3,5,335,Loyal
24838,4428,1,26.2769,3,3,5,335,Loyal
22485,4396,1,26.2769,2,3,5,235,At Risk
27813,4460,1,26.2769,3,3,5,335,Loyal
27674,4458,1,26.2769,3,3,5,335,Loyal
28231,4468,1,26.2769,3,3,5,335,Loyal
22529,4469,1,26.2769,3,3,5,335,Loyal
25530,4463,1,26.2769,3,3,5,335,Loyal
26872,4461,1,26.2769,3,3,5,335,Loyal
27750,4431,1,26.2769,3,3,5,335,Loyal
27644,4429,1,26.2769,3,3,5,335,Loyal
25269,4437,1,26.2769,3,3,5,335,Loyal
25754,4440,1,26.2769,3,2,5,325,Potential Loyalist
28730,4656,1,26.2769,5,5,5,555,Champion
29393,4661,1,26.2769,5,5,5,555,Champion
28903,4648,1,26.2769,5,5,5,555,Champion
29425,4655,1,26.2769,5,5,5,555,Champion
28392,4655,1,26.2769,5,5,5,555,Champion
19524,4514,1,25.6581,4,5,5,455,Champion
11354,4353,1,25.3819,1,3,5,135,At Risk
20389,4382,1,25.3377,2,3,5,235,At Risk
20774,4412,1,25.3377,2,3,5,235,At Risk
20761,4553,1,25.3377,4,4,5,445,Champion
29302,4564,1,25.3377,4,4,5,445,Champion
21340,4561,1,25.3377,4,4,5,445,Champion
20776,4552,1,25.3377,4,4,5,445,Champion
27888,4339,1,25.3377,1,4,5,145,At Risk
24267,4515,1,25.3377,4,5,5,455,Champion
21771,4498,1,25.3377,3,5,5,355,Loyal
20464,4516,1,25.3377,4,5,5,455,Champion
21245,4517,1,25.3377,4,4,5,445,Champion
22069,4480,1,25.3377,3,4,5,345,Loyal
21444,4545,1,25.3377,4,4,5,445,Champion
21500,4641,1,25.3377,5,5,5,555,Champion
21718,4452,1,25.3377,3,3,5,335,Loyal
23277,4655,1,25.3377,5,5,5,555,Champion
27633,4497,1,24.5973,3,5,5,355,Loyal
13876,4498,1,24.2879,3,5,5,355,Loyal
12971,4498,1,24.2879,3,5,5,355,Loyal
13902,4497,1,24.2879,3,5,5,355,Loyal
21447,4499,1,24.2879,3,5,5,355,Loyal
13893,4520,1,24.2879,4,5,5,455,Champion
13749,4515,1,24.2879,4,5,5,455,Champion
12759,4513,1,24.2879,4,5,5,455,Champion
14996,4509,1,24.2879,4,5,5,455,Champion
13931,4480,1,24.2879,3,4,5,345,Loyal
13861,4479,1,24.2879,3,4,5,345,Loyal
13297,4483,1,24.2879,3,4,5,345,Loyal
14027,4471,1,24.2879,3,4,5,345,Loyal
12445,4470,1,24.2879,3,4,5,345,Loyal
19827,4476,1,24.2879,3,4,5,345,Loyal
15246,4543,1,24.2879,4,4,5,445,Champion
13448,4538,1,24.2879,4,4,5,445,Champion
13293,4489,1,24.2879,3,4,5,345,Loyal
13395,4491,1,24.2879,3,4,5,345,Loyal
14890,4525,1,24.2879,4,4,5,445,Champion
22179,4524,1,24.2879,4,4,5,445,Champion
12775,4531,1,24.2879,4,4,5,445,Champion
12967,4530,1,24.2879,4,4,5,445,Champion
13320,4633,1,24.2879,5,5,5,555,Champion
14532,4616,1,24.2879,5,5,5,555,Champion
12925,4616,1,24.2879,5,5,5,555,Champion
12531,4613,1,24.2879,5,5,5,555,Champion
22265,4621,1,24.2879,5,5,5,555,Champion
14271,4623,1,24.2879,5,5,5,555,Champion
13213,4623,1,24.2879,5,5,5,555,Champion
13349,4646,1,24.2879,5,5,5,555,Champion
12906,4643,1,24.2879,5,5,5,555,Champion
13900,4581,1,24.2879,4,5,5,455,Champion
13309,4581,1,24.2879,4,5,5,455,Champion
14443,4610,1,24.2879,5,5,5,555,Champion
13097,4592,1,24.2879,5,5,5,555,Champion
13899,4587,1,24.2879,5,5,5,555,Champion
13864,4503,1,24.2879,4,5,5,455,Champion
13229,4506,1,24.2879,4,5,5,455,Champion
17727,4595,1,24.2879,5,5,5,555,Champion
13296,4604,1,24.2879,5,5,5,555,Champion
13031,4606,1,24.2879,5,5,5,555,Champion
12891,4339,1,24.2879,1,4,5,145,At Risk
14437,4338,1,24.2879,1,4,5,145,At Risk
13946,4311,1,24.2879,1,4,5,145,At Risk
14431,4311,1,24.2879,1,4,5,145,At Risk
13731,4302,1,24.2879,1,4,5,145,At Risk
18159,4302,1,24.2879,1,4,5,145,At Risk
22923,4328,1,24.2879,1,4,5,145,At Risk
13655,4380,1,24.2879,2,3,5,235,At Risk
13859,4332,1,24.2879,1,4,5,145,At Risk
17201,4332,1,24.2879,1,4,5,145,At Risk
13281,4315,1,24.2879,1,4,5,145,At Risk
12456,4309,1,24.2879,1,4,5,145,At Risk
13738,4309,1,24.2879,1,4,5,145,At Risk
15259,4321,1,24.2879,1,4,5,145,At Risk
14340,4320,1,24.2879,1,4,5,145,At Risk
20508,4325,1,24.2879,1,4,5,145,At Risk
23570,4571,1,24.2879,4,4,5,445,Champion
12453,4550,1,24.2879,4,4,5,445,Champion
13186,4561,1,24.2879,4,4,5,445,Champion
14113,4563,1,24.2879,4,4,5,445,Champion
17200,4576,1,24.2879,4,4,5,445,Champion
14094,4574,1,24.2879,4,4,5,445,Champion
15519,4573,1,24.2879,4,4,5,445,Champion
13467,4560,1,24.2879,4,4,5,445,Champion
14021,4560,1,24.2879,4,4,5,445,Champion
19054,4347,1,24.2879,1,4,5,145,At Risk
14082,4342,1,24.2879,1,4,5,145,At Risk
14042,4344,1,24.2879,1,4,5,145,At Risk
14889,4410,1,24.2879,2,3,5,235,At Risk
13219,4412,1,24.2879,2,3,5,235,At Risk
12889,4416,1,24.2879,2,3,5,235,At Risk
13888,4388,1,24.2879,2,3,5,235,At Risk
13869,4384,1,24.2879,2,3,5,235,At Risk
19847,4370,1,24.2879,2,3,5,235,At Risk
13834,4377,1,24.2879,2,3,5,235,At Risk
13073,4380,1,24.2879,2,3,5,235,At Risk
13932,4380,1,24.2879,2,3,5,235,At Risk
12455,4369,1,24.2879,2,3,5,235,At Risk
12900,4367,1,24.2879,1,3,5,135,At Risk
12786,4375,1,24.2879,2,3,5,235,At Risk
13276,4352,1,24.2879,1,3,5,135,At Risk
12968,4363,1,24.2879,1,3,5,135,At Risk
12794,4452,1,24.2879,3,3,5,335,Loyal
13240,4447,1,24.2879,3,3,5,335,Loyal
20632,4422,1,24.2879,2,3,5,235,At Risk
13333,4423,1,24.2879,2,3,5,235,At Risk
14391,4423,1,24.2879,2,3,5,235,At Risk
17223,4447,1,24.2879,3,3,5,335,Loyal
23521,4462,1,24.2879,3,3,5,335,Loyal
19828,4459,1,24.2879,3,3,5,335,Loyal
12887,4397,1,24.2879,2,3,5,235,At Risk
13451,4399,1,24.2879,2,3,5,235,At Risk
13236,4397,1,24.2879,2,3,5,235,At Risk
13232,4440,1,24.2879,3,2,5,325,Potential Loyalist
12976,4445,1,24.2879,3,2,5,325,Potential Loyalist
14873,4435,1,24.2879,3,3,5,335,Loyal
14432,4435,1,24.2879,3,3,5,335,Loyal
14462,4430,1,24.2879,3,3,5,335,Loyal
13879,4439,1,24.2879,3,3,5,335,Loyal
13275,4649,1,24.2879,5,5,5,555,Champion
25244,4628,1,24.2327,5,5,5,555,Champion
27176,4641,1,23.7465,5,5,5,555,Champion
25529,4635,1,23.7465,5,5,5,555,Champion
19348,4632,1,23.7465,5,5,5,555,Champion
20618,4626,1,23.7465,5,5,5,555,Champion
28896,4612,1,23.7465,5,5,5,555,Champion
27654,4603,1,23.7465,5,5,5,555,Champion
25516,4602,1,23.7465,5,5,5,555,Champion
26130,4608,1,23.7465,5,5,5,555,Champion
28057,4606,1,23.7465,5,5,5,555,Champion
26981,4609,1,23.7465,5,5,5,555,Champion
21662,4578,1,23.7465,4,5,5,455,Champion
21121,4584,1,23.7465,4,5,5,455,Champion
18445,4528,1,23.7465,4,4,5,445,Champion
24454,4528,1,23.7465,4,4,5,445,Champion
26857,4528,1,23.7465,4,4,5,445,Champion
26030,4524,1,23.7465,4,4,5,445,Champion
18310,4527,1,23.7465,4,4,5,445,Champion
29387,4527,1,23.7465,4,4,5,445,Champion
21132,4534,1,23.7465,4,4,5,445,Champion
28077,4535,1,23.7465,4,4,5,445,Champion
26393,4526,1,23.7465,4,4,5,445,Champion
27665,4542,1,23.7465,4,4,5,445,Champion
29376,4477,1,23.7465,3,4,5,345,Loyal
24867,4473,1,23.7465,3,4,5,345,Loyal
27503,4475,1,23.7465,3,4,5,345,Loyal
11557,4470,1,23.7465,3,4,5,345,Loyal
24456,4486,1,23.7465,3,4,5,345,Loyal
25685,4478,1,23.7465,3,4,5,345,Loyal
28459,4479,1,23.7465,3,4,5,345,Loyal
27639,4481,1,23.7465,3,4,5,345,Loyal
27905,4521,1,23.7465,4,5,5,455,Champion
27030,4516,1,23.7465,4,5,5,455,Champion
22552,4511,1,23.7465,4,5,5,455,Champion
25541,4505,1,23.7465,4,5,5,455,Champion
29423,4364,1,23.7465,1,3,5,135,At Risk
20263,4360,1,23.7465,1,3,5,135,At Risk
21081,4356,1,23.7465,1,3,5,135,At Risk
11558,4356,1,23.7465,1,3,5,135,At Risk
28058,4353,1,23.7465,1,3,5,135,At Risk
17906,4352,1,23.7465,1,3,5,135,At Risk
27833,4368,1,23.7465,2,3,5,235,At Risk
25140,4366,1,23.7465,1,3,5,135,At Risk
27567,4376,1,23.7465,2,3,5,235,At Risk
28552,4370,1,23.7465,2,3,5,235,At Risk
27742,4383,1,23.7465,2,3,5,235,At Risk
21677,4388,1,23.7465,2,3,5,235,At Risk
21133,4394,1,23.7465,2,3,5,235,At Risk
20268,4394,1,23.7465,2,3,5,235,At Risk
25509,4389,1,23.7465,2,3,5,235,At Risk
27655,4406,1,23.7465,2,3,5,235,At Risk
28448,4414,1,23.7465,2,3,5,235,At Risk
28050,4407,1,23.7465,2,3,5,235,At Risk
25797,4407,1,23.7465,2,3,5,235,At Risk
24879,4410,1,23.7465,2,3,5,235,At Risk
24874,4401,1,23.7465,2,3,5,235,At Risk
22303,4342,1,23.7465,1,4,5,145,At Risk
21099,4557,1,23.7465,4,4,5,445,Champion
28233,4554,1,23.7465,4,4,5,445,Champion
29427,4553,1,23.7465,4,4,5,445,Champion
18447,4553,1,23.7465,4,4,5,445,Champion
26878,4561,1,23.7465,4,4,5,445,Champion
26544,4562,1,23.7465,4,4,5,445,Champion
26274,4546,1,23.7465,4,4,5,445,Champion
18367,4309,1,23.7465,1,4,5,145,At Risk
27647,4314,1,23.7465,1,4,5,145,At Risk
28238,4327,1,23.7465,1,4,5,145,At Risk
22538,4301,1,23.7465,1,4,5,145,At Risk
20257,4301,1,23.7465,1,4,5,145,At Risk
24704,4297,1,23.7465,1,4,5,145,At Risk
24374,4298,1,23.7465,1,4,5,145,At Risk
25536,4311,1,23.7465,1,4,5,145,At Risk
24848,4312,1,23.7465,1,4,5,145,At Risk
20065,4337,1,23.7465,1,4,5,145,At Risk
26129,4340,1,23.7465,1,4,5,145,At Risk
27660,4332,1,23.7465,1,4,5,145,At Risk
11556,4335,1,23.7465,1,4,5,145,At Risk
28473,4430,1,23.7465,3,3,5,335,Loyal
22417,4431,1,23.7465,3,3,5,335,Loyal
27003,4444,1,23.7465,3,2,5,325,Potential Loyalist
28463,4440,1,23.7465,3,2,5,325,Potential Loyalist
28228,4443,1,23.7465,3,2,5,325,Potential Loyalist
27417,4396,1,23.7465,2,3,5,235,At Risk
26267,4397,1,23.7465,2,3,5,235,At Risk
28892,4464,1,23.7465,3,3,5,335,Loyal
27749,4464,1,23.7465,3,3,5,335,Loyal
27832,4467,1,23.7465,3,3,5,335,Loyal
11553,4456,1,23.7465,3,3,5,335,Loyal
18446,4425,1,23.7465,2,3,5,235,At Risk
25809,4451,1,23.7465,3,3,5,335,Loyal
26034,4450,1,23.7465,3,3,5,335,Loyal
26448,4452,1,23.7465,3,3,5,335,Loyal
20460,4649,1,23.7465,5,5,5,555,Champion
25645,4651,1,23.7465,5,5,5,555,Champion
20237,4658,1,23.7465,5,5,5,555,Champion
20453,4658,1,23.7465,5,5,5,555,Champion
19346,4657,1,23.7465,5,5,5,555,Champion
28124,4358,1,23.4923,1,3,5,135,At Risk
14556,4421,1,22.0669,2,3,5,235,At Risk
25644,4416,1,20.9619,2,3,5,235,At Risk
27853,4425,1,20.9619,2,3,5,235,At Risk
27203,4400,1,20.9619,2,3,5,235,At Risk
28218,4439,1,20.9619,3,3,5,335,Loyal
20467,4396,1,19.0834,2,3,5,235,At Risk
21578,4452,1,19.0834,3,3,5,335,Loyal
21351,4390,1,19.0834,2,3,5,235,At Risk
21730,4352,1,19.0834,1,3,5,135,At Risk
21811,4359,1,19.0834,1,3,5,135,At Risk
24245,4338,1,19.0834,1,4,5,145,At Risk
21627,4514,1,19.0834,4,5,5,455,Champion
29116,4592,1,19.0834,5,5,5,555,Champion
21787,4640,1,19.0834,5,5,5,555,Champion
15301,4638,1,16.8292,5,5,5,555,Champion
21373,4619,1,16.8292,5,5,5,555,Champion
15875,4592,1,16.8292,5,5,5,555,Champion
29176,4582,1,16.8292,4,5,5,455,Champion
15305,4579,1,16.8292,4,5,5,455,Champion
16214,4600,1,16.8292,5,5,5,555,Champion
18312,4598,1,16.8292,5,5,5,555,Champion
23078,4502,1,16.8292,4,5,5,455,Champion
27941,4515,1,16.8292,4,5,5,455,Champion
24720,4535,1,16.8292,4,4,5,445,Champion
28144,4492,1,16.8292,3,4,5,345,Loyal
13682,4526,1,16.8292,4,4,5,445,Champion
28893,4565,1,16.8292,4,4,5,445,Champion
28930,4346,1,16.8292,1,4,5,145,At Risk
14401,4548,1,16.8292,4,4,5,445,Champion
15405,4571,1,16.8292,4,4,5,445,Champion
16374,4336,1,16.8292,1,4,5,145,At Risk
25066,4299,1,16.8292,1,4,5,145,At Risk
27588,4363,1,16.8292,1,3,5,135,At Risk
24896,4368,1,16.8292,2,3,5,235,At Risk
24228,4375,1,16.8292,2,3,5,235,At Risk
14923,4390,1,16.8292,2,3,5,235,At Risk
23315,4390,1,16.8292,2,3,5,235,At Risk
24659,4420,1,16.8292,2,3,5,235,At Risk
14499,4387,1,16.8292,2,3,5,235,At Risk
26996,4404,1,16.8292,2,3,5,235,At Risk
20781,4428,1,16.8292,3,3,5,335,Loyal
26095,4466,1,16.8292,3,3,5,335,Loyal
15775,4461,1,16.8292,3,3,5,335,Loyal
28089,4435,1,16.8292,3,3,5,335,Loyal
13663,4657,1,16.8292,5,5,5,555,Champion
24141,4650,1,16.8292,5,5,5,555,Champion
22052,4650,1,16.5529,5,5,5,555,Champion
21442,4648,1,16.5529,5,5,5,555,Champion
21715,4647,1,16.5529,5,5,5,555,Champion
12724,4658,1,16.5529,5,5,5,555,Champion
29307,4661,1,16.5529,5,5,5,555,Champion
21806,4436,1,16.5529,3,3,5,335,Loyal
21716,4438,1,16.5529,3,3,5,335,Loyal
24269,4434,1,16.5529,3,3,5,335,Loyal
21907,4435,1,16.5529,3,3,5,335,Loyal
21754,4431,1,16.5529,3,3,5,335,Loyal
12558,4445,1,16.5529,3,2,5,325,Potential Loyalist
22340,4445,1,16.5529,3,2,5,325,Potential Loyalist
21292,4445,1,16.5529,3,2,5,325,Potential Loyalist
21938,4465,1,16.5529,3,3,5,335,Loyal
20409,4463,1,16.5529,3,3,5,335,Loyal
21906,4458,1,16.5529,3,3,5,335,Loyal
21322,4457,1,16.5529,3,3,5,335,Loyal
20535,4397,1,16.5529,2,3,5,235,At Risk
21778,4399,1,16.5529,2,3,5,235,At Risk
20786,4400,1,16.5529,2,3,5,235,At Risk
22350,4398,1,16.5529,2,3,5,235,At Risk
20539,4424,1,16.5529,2,3,5,235,At Risk
25017,4452,1,16.5529,3,3,5,335,Loyal
20390,4453,1,16.5529,3,3,5,335,Loyal
20643,4450,1,16.5529,3,3,5,335,Loyal
12732,4456,1,16.5529,3,3,5,335,Loyal
20516,4405,1,16.5529,2,3,5,235,At Risk
21758,4404,1,16.5529,2,3,5,235,At Risk
21721,4404,1,16.5529,2,3,5,235,At Risk
21247,4413,1,16.5529,2,3,5,235,At Risk
21755,4402,1,16.5529,2,3,5,235,At Risk
25009,4409,1,16.5529,2,3,5,235,At Risk
21707,4395,1,16.5529,2,3,5,235,At Risk
21697,4396,1,16.5529,2,3,5,235,At Risk
21260,4420,1,16.5529,2,3,5,235,At Risk
20431,4421,1,16.5529,2,3,5,235,At Risk
13588,4370,1,16.5529,2,3,5,235,At Risk
21689,4373,1,16.5529,2,3,5,235,At Risk
20511,4368,1,16.5529,2,3,5,235,At Risk
21722,4376,1,16.5529,2,3,5,235,At Risk
20488,4364,1,16.5529,1,3,5,135,At Risk
20523,4359,1,16.5529,1,3,5,135,At Risk
23190,4360,1,16.5529,1,3,5,135,At Risk
28958,4353,1,16.5529,1,3,5,135,At Risk
21731,4336,1,16.5529,1,4,5,145,At Risk
20473,4299,1,16.5529,1,4,5,145,At Risk
21617,4305,1,16.5529,1,4,5,145,At Risk
22331,4310,1,16.5529,1,4,5,145,At Risk
24495,4311,1,16.5529,1,4,5,145,At Risk
20466,4305,1,16.5529,1,4,5,145,At Risk
21301,4306,1,16.5529,1,4,5,145,At Risk
21779,4337,1,16.5529,1,4,5,145,At Risk
21414,4330,1,16.5529,1,4,5,145,At Risk
28955,4328,1,16.5529,1,4,5,145,At Risk
29305,4327,1,16.5529,1,4,5,145,At Risk
20695,4331,1,16.5529,1,3,5,135,At Risk
20432,4379,1,16.5529,2,3,5,235,At Risk
21734,4319,1,16.5529,1,4,5,145,At Risk
21278,4326,1,16.5529,1,4,5,145,At Risk
21901,4323,1,16.5529,1,4,5,145,At Risk
20393,4320,1,16.5529,1,4,5,145,At Risk
21341,4318,1,16.5529,1,4,5,145,At Risk
21288,4573,1,16.5529,4,4,5,445,Champion
23280,4563,1,16.5529,4,4,5,445,Champion
21250,4576,1,16.5529,4,4,5,445,Champion
21789,4563,1,16.5529,4,4,5,445,Champion
21140,4548,1,16.5529,4,4,5,445,Champion
12616,4550,1,16.5529,4,4,5,445,Champion
21449,4551,1,16.5529,4,4,5,445,Champion
21733,4341,1,16.5529,1,4,5,145,At Risk
12662,4344,1,16.5529,1,4,5,145,At Risk
21285,4554,1,16.5529,4,4,5,445,Champion
21455,4558,1,16.5529,4,4,5,445,Champion
22049,4565,1,16.5529,4,4,5,445,Champion
12721,4566,1,16.5529,4,4,5,445,Champion
13410,4532,1,16.5529,4,4,5,445,Champion
20475,4529,1,16.5529,4,4,5,445,Champion
28947,4531,1,16.5529,4,4,5,445,Champion
28956,4492,1,16.5529,3,4,5,345,Loyal
21612,4494,1,16.5529,3,4,5,345,Loyal
21804,4485,1,16.5529,3,4,5,345,Loyal
21346,4495,1,16.5529,3,4,5,345,Loyal
21905,4491,1,16.5529,3,4,5,345,Loyal
20790,4489,1,16.5529,3,4,5,345,Loyal
21579,4536,1,16.5529,4,4,5,445,Champion
11589,4535,1,16.5529,4,4,5,445,Champion
21713,4543,1,16.5529,4,4,5,445,Champion
21773,4543,1,16.5529,4,4,5,445,Champion
22348,4544,1,16.5529,4,4,5,445,Champion
23379,4543,1,16.5529,4,4,5,445,Champion
21492,4539,1,16.5529,4,4,5,445,Champion
12727,4514,1,16.5529,4,5,5,455,Champion
23011,4509,1,16.5529,4,5,5,455,Champion
22012,4509,1,16.5529,4,5,5,455,Champion
21368,4510,1,16.5529,4,5,5,455,Champion
21413,4515,1,16.5529,4,5,5,455,Champion
23258,4517,1,16.5529,4,5,5,455,Champion
21724,4497,1,16.5529,3,5,5,355,Loyal
21692,4497,1,16.5529,3,5,5,355,Loyal
20485,4501,1,16.5529,3,5,5,355,Loyal
22025,4501,1,16.5529,3,5,5,355,Loyal
21814,4499,1,16.5529,3,5,5,355,Loyal
12719,4499,1,16.5529,3,5,5,355,Loyal
21636,4484,1,16.5529,3,4,5,345,Loyal
21460,4487,1,16.5529,3,4,5,345,Loyal
21273,4488,1,16.5529,3,4,5,345,Loyal
21243,4472,1,16.5529,3,4,5,345,Loyal
22070,4472,1,16.5529,3,4,5,345,Loyal
22339,4477,1,16.5529,3,4,5,345,Loyal
12628,4502,1,16.5529,4,5,5,455,Champion
22034,4600,1,16.5529,5,5,5,555,Champion
20520,4602,1,16.5529,5,5,5,555,Champion
20766,4602,1,16.5529,5,5,5,555,Champion
20503,4583,1,16.5529,4,5,5,455,Champion
21657,4578,1,16.5529,4,5,5,455,Champion
28959,4577,1,16.5529,4,5,5,455,Champion
21632,4591,1,16.5529,5,5,5,555,Champion
23007,4594,1,16.5529,5,5,5,555,Champion
20676,4587,1,16.5529,5,5,5,555,Champion
21688,4619,1,16.5529,5,5,5,555,Champion
21698,4614,1,16.5529,5,5,5,555,Champion
20636,4625,1,16.5529,5,5,5,555,Champion
21432,4625,1,16.5529,5,5,5,555,Champion
28939,4628,1,16.5529,5,5,5,555,Champion
20494,4627,1,16.5529,5,5,5,555,Champion
21459,4644,1,16.5529,5,5,5,555,Champion
20779,4643,1,16.5529,5,5,5,555,Champion
23252,4642,1,16.5529,5,5,5,555,Champion
21630,4646,1,16.5529,5,5,5,555,Champion
12798,4623,1,16.5529,5,5,5,555,Champion
21720,4639,1,16.5529,5,5,5,555,Champion
20439,4635,1,16.5529,5,5,5,555,Champion
21496,4636,1,16.5529,5,5,5,555,Champion
16932,4445,2,16.0888,3,2,5,325,Potential Loyalist
16453,4392,2,16.0888,2,2,5,225,Needs Attention
26543,4644,1,15.7242,5,5,5,555,Champion
17652,4577,1,15.7242,4,5,5,455,Champion
20797,4530,1,15.7242,4,4,5,445,Champion
22830,4329,1,15.7242,1,4,5,145,At Risk
29125,4375,1,15.7242,2,3,5,235,At Risk
12646,4325,2,15.448,1,2,5,125,Needs Attention
12327,4503,2,15.448,4,1,5,415,Potential Loyalist
17692,4443,1,15.4479,3,2,5,325,Potential Loyalist
23312,4441,1,15.4479,3,2,5,325,Potential Loyalist
16808,4431,1,15.4479,3,3,5,335,Loyal
27593,4432,1,15.4479,3,3,5,335,Loyal
24119,4435,1,15.4479,3,3,5,335,Loyal
21867,4438,1,15.4479,3,3,5,335,Loyal
19358,4437,1,15.4479,3,3,5,335,Loyal
26269,4455,1,15.4479,3,3,5,335,Loyal
16913,4455,1,15.4479,3,3,5,335,Loyal
18761,4455,1,15.4479,3,3,5,335,Loyal
16985,4453,1,15.4479,3,3,5,335,Loyal
16856,4450,1,15.4479,3,3,5,335,Loyal
18087,4449,1,15.4479,3,3,5,335,Loyal
24473,4449,1,15.4479,3,3,5,335,Loyal
19656,4449,1,15.4479,3,3,5,335,Loyal
22955,4452,1,15.4479,3,3,5,335,Loyal
16676,4428,1,15.4479,3,3,5,335,Loyal
24230,4459,1,15.4479,3,3,5,335,Loyal
26318,4462,1,15.4479,3,3,5,335,Loyal
28350,4460,1,15.4479,3,3,5,335,Loyal
24020,4460,1,15.4479,3,3,5,335,Loyal
16809,4401,1,15.4479,2,3,5,235,At Risk
11375,4400,1,15.4479,2,3,5,235,At Risk
24125,4398,1,15.4479,2,3,5,235,At Risk
18119,4398,1,15.4479,2,3,5,235,At Risk
25496,4467,1,15.4479,3,3,5,335,Loyal
19906,4469,1,15.4479,3,3,5,335,Loyal
20415,4465,1,15.4479,3,3,5,335,Loyal
11415,4462,1,15.4479,3,3,5,335,Loyal
28220,4370,1,15.4479,2,3,5,235,At Risk
16718,4368,1,15.4479,2,3,5,235,At Risk
20939,4369,1,15.4479,2,3,5,235,At Risk
17145,4373,1,15.4479,2,3,5,235,At Risk
17588,4375,1,15.4479,2,3,5,235,At Risk
29395,4351,1,15.4479,1,3,5,135,At Risk
23827,4352,1,15.4479,1,3,5,135,At Risk
16813,4362,1,15.4479,1,3,5,135,At Risk
25542,4364,1,15.4479,1,3,5,135,At Risk
23681,4357,1,15.4479,1,3,5,135,At Risk
18115,4363,1,15.4479,1,3,5,135,At Risk
16651,4363,1,15.4479,1,3,5,135,At Risk
28787,4421,1,15.4479,2,3,5,235,At Risk
17529,4421,1,15.4479,2,3,5,235,At Risk
11355,4421,1,15.4479,2,3,5,235,At Risk
16838,4417,1,15.4479,2,3,5,235,At Risk
21096,4391,1,15.4479,2,3,5,235,At Risk
11495,4391,1,15.4479,2,3,5,235,At Risk
29259,4412,1,15.4479,2,3,5,235,At Risk
24625,4413,1,15.4479,2,3,5,235,At Risk
28361,4406,1,15.4479,2,3,5,235,At Risk
18339,4404,1,15.4479,2,3,5,235,At Risk
26215,4330,1,15.4479,1,4,5,145,At Risk
24637,4377,1,15.4479,2,3,5,235,At Risk
25437,4332,1,15.4479,1,4,5,145,At Risk
18107,4322,1,15.4479,1,4,5,145,At Risk
24145,4323,1,15.4479,1,4,5,145,At Risk
24255,4326,1,15.4479,1,4,5,145,At Risk
16861,4312,1,15.4479,1,4,5,145,At Risk
17356,4314,1,15.4479,1,4,5,145,At Risk
17178,4340,1,15.4479,1,4,5,145,At Risk
18311,4341,1,15.4479,1,4,5,145,At Risk
25845,4332,1,15.4479,1,4,5,145,At Risk
18117,4333,1,15.4479,1,4,5,145,At Risk
24488,4334,1,15.4479,1,4,5,145,At Risk
28895,4306,1,15.4479,1,4,5,145,At Risk
16962,4306,1,15.4479,1,4,5,145,At Risk
18073,4305,1,15.4479,1,4,5,145,At Risk
23642,4307,1,15.4479,1,4,5,145,At Risk
24363,4303,1,15.4479,1,4,5,145,At Risk
18505,4304,1,15.4479,1,4,5,145,At Risk
23767,4308,1,15.4479,1,4,5,145,At Risk
24131,4300,1,15.4479,1,4,5,145,At Risk
18572,4558,1,15.4479,4,4,5,445,Champion
22474,4349,1,15.4479,1,4,5,145,At Risk
16378,4342,1,15.4479,1,4,5,145,At Risk
22537,4342,1,15.4479,1,4,5,145,At Risk
16725,4347,1,15.4479,1,4,5,145,At Risk
25925,4571,1,15.4479,4,4,5,445,Champion
11352,4569,1,15.4479,4,4,5,445,Champion
21862,4547,1,15.4479,4,4,5,445,Champion
17274,4563,1,15.4479,4,4,5,445,Champion
24379,4576,1,15.4479,4,4,5,445,Champion
16249,4571,1,15.4479,4,4,5,445,Champion
28905,4575,1,15.4479,4,4,5,445,Champion
16134,4574,1,15.4479,4,4,5,445,Champion
25188,4568,1,15.4479,4,4,5,445,Champion
17531,4526,1,15.4479,4,4,5,445,Champion
18093,4523,1,15.4479,4,4,5,445,Champion
16234,4537,1,15.4479,4,4,5,445,Champion
21091,4489,1,15.4479,3,4,5,345,Loyal
27230,4491,1,15.4479,3,4,5,345,Loyal
24588,4489,1,15.4479,3,4,5,345,Loyal
11393,4493,1,15.4479,3,4,5,345,Loyal
18383,4476,1,15.4479,3,4,5,345,Loyal
17155,4476,1,15.4479,3,4,5,345,Loyal
17599,4473,1,15.4479,3,4,5,345,Loyal
20094,4471,1,15.4479,3,4,5,345,Loyal
23014,4470,1,15.4479,3,4,5,345,Loyal
18663,4485,1,15.4479,3,4,5,345,Loyal
26474,4484,1,15.4479,3,4,5,345,Loyal
22325,4480,1,15.4479,3,4,5,345,Loyal
16677,4478,1,15.4479,3,4,5,345,Loyal
20153,4479,1,15.4479,3,4,5,345,Loyal
27209,4479,1,15.4479,3,4,5,345,Loyal
23122,4479,1,15.4479,3,4,5,345,Loyal
27834,4500,1,15.4479,3,5,5,355,Loyal
24568,4499,1,15.4479,3,5,5,355,Loyal
16773,4501,1,15.4479,4,5,5,455,Champion
22915,4512,1,15.4479,4,5,5,455,Champion
16294,4504,1,15.4479,4,5,5,455,Champion
17177,4515,1,15.4479,4,5,5,455,Champion
17562,4518,1,15.4479,4,5,5,455,Champion
13566,4516,1,15.4479,4,5,5,455,Champion
18652,4510,1,15.4479,4,5,5,455,Champion
19272,4510,1,15.4479,4,5,5,455,Champion
29020,4512,1,15.4479,4,5,5,455,Champion
19352,4579,1,15.4479,4,5,5,455,Champion
17170,4586,1,15.4479,5,5,5,555,Champion
11399,4587,1,15.4479,5,5,5,555,Champion
25062,4588,1,15.4479,5,5,5,555,Champion
28126,4591,1,15.4479,5,5,5,555,Champion
21843,4594,1,15.4479,5,5,5,555,Champion
24035,4594,1,15.4479,5,5,5,555,Champion
17031,4591,1,15.4479,5,5,5,555,Champion
17693,4601,1,15.4479,5,5,5,555,Champion
29286,4607,1,15.4479,5,5,5,555,Champion
19275,4605,1,15.4479,5,5,5,555,Champion
18327,4603,1,15.4479,5,5,5,555,Champion
11385,4503,1,15.4479,4,5,5,455,Champion
28253,4507,1,15.4479,4,5,5,455,Champion
23646,4506,1,15.4479,4,5,5,455,Champion
17392,4597,1,15.4479,5,5,5,555,Champion
18104,4598,1,15.4479,5,5,5,555,Champion
25142,4596,1,15.4479,5,5,5,555,Champion
28269,4621,1,15.4479,5,5,5,555,Champion
15869,4626,1,15.4479,5,5,5,555,Champion
28143,4613,1,15.4479,5,5,5,555,Champion
11347,4615,1,15.4479,5,5,5,555,Champion
22832,4618,1,15.4479,5,5,5,555,Champion
28536,4636,1,15.4479,5,5,5,555,Champion
16377,4636,1,15.4479,5,5,5,555,Champion
18477,4636,1,15.4479,5,5,5,555,Champion
15275,4632,1,15.4479,5,5,5,555,Champion
16802,4642,1,15.4479,5,5,5,555,Champion
18346,4639,1,15.4479,5,5,5,555,Champion
22317,4630,1,15.4479,5,5,5,555,Champion
18664,4657,1,15.4479,5,5,5,555,Champion
16953,4657,1,15.4479,5,5,5,555,Champion
24746,4656,1,15.4479,5,5,5,555,Champion
25799,4660,1,15.4479,5,5,5,555,Champion
17447,4655,1,15.4479,5,5,5,555,Champion
17540,4653,1,15.4479,5,5,5,555,Champion
16119,4651,1,15.4479,5,5,5,555,Champion
27729,4648,1,14.3429,5,5,5,555,Champion
28877,4631,1,14.3429,5,5,5,555,Champion
26896,4613,1,14.3429,5,5,5,555,Champion
29251,4597,1,14.3429,5,5,5,555,Champion
20041,4576,1,14.3429,4,5,5,455,Champion
27945,4574,1,14.3429,4,4,5,445,Champion
23609,4554,1,14.3429,4,4,5,445,Champion
26844,4309,1,14.3429,1,4,5,145,At Risk
24042,4320,1,14.3429,1,4,5,145,At Risk
25687,4350,1,14.3429,1,3,5,135,At Risk
22677,4374,1,14.3429,2,3,5,235,At Risk
22563,4421,1,14.3429,2,3,5,235,At Risk
24117,4426,1,14.3429,3,3,5,335,Loyal
22815,4450,1,14.3429,3,3,5,335,Loyal
22834,4441,1,14.3429,3,2,5,325,Potential Loyalist
23647,4426,1,14.2987,3,3,5,335,Loyal
28889,4463,1,14.2987,3,3,5,335,Loyal
23543,4458,1,14.2987,3,3,5,335,Loyal
28074,4400,1,14.2987,2,3,5,235,At Risk
15744,4462,1,14.2987,3,3,5,335,Loyal
17164,4371,1,14.2987,2,3,5,235,At Risk
21826,4372,1,14.2987,2,3,5,235,At Risk
27933,4366,1,14.2987,1,3,5,135,At Risk
18456,4382,1,14.2987,2,3,5,235,At Risk
17490,4381,1,14.2987,2,3,5,235,At Risk
16280,4382,1,14.2987,2,3,5,235,At Risk
27717,4352,1,14.2987,1,3,5,135,At Risk
28128,4355,1,14.2987,1,3,5,135,At Risk
22219,4364,1,14.2987,1,3,5,135,At Risk
17032,4404,1,14.2987,2,3,5,235,At Risk
18667,4415,1,14.2987,2,3,5,235,At Risk
17527,4388,1,14.2987,2,3,5,235,At Risk
19179,4380,1,14.2987,2,3,5,235,At Risk
22454,4379,1,14.2987,2,3,5,235,At Risk
18408,4380,1,14.2987,2,3,5,235,At Risk
17151,4297,1,14.2987,1,4,5,145,At Risk
25232,4302,1,14.2987,1,4,5,145,At Risk
24472,4340,1,14.2987,1,4,5,145,At Risk
18180,4560,1,14.2987,4,4,5,445,Champion
14876,4558,1,14.2987,4,4,5,445,Champion
23455,4342,1,14.2987,1,4,5,145,At Risk
24621,4548,1,14.2987,4,4,5,445,Champion
24071,4549,1,14.2987,4,4,5,445,Champion
16238,4591,1,14.2987,5,5,5,555,Champion
28106,4585,1,14.2987,5,5,5,555,Champion
17396,4509,1,14.2987,4,5,5,455,Champion
18321,4604,1,14.2987,5,5,5,555,Champion
23086,4607,1,14.2987,5,5,5,555,Champion
18374,4614,1,14.2987,5,5,5,555,Champion
22945,4611,1,14.2987,5,5,5,555,Champion
27037,4618,1,14.2987,5,5,5,555,Champion
19764,4617,1,14.2987,5,5,5,555,Champion
23013,4519,1,14.2987,4,5,5,455,Champion
18380,4504,1,14.2987,4,5,5,455,Champion
24188,4498,1,14.2987,3,5,5,355,Loyal
20498,4479,1,14.2987,3,4,5,345,Loyal
15202,4480,1,14.2987,3,4,5,345,Loyal
14918,4474,1,14.2987,3,4,5,345,Loyal
17152,4477,1,14.2987,3,4,5,345,Loyal
28858,4532,1,14.2987,4,4,5,445,Champion
16246,4532,1,14.2987,4,4,5,445,Champion
17506,4656,1,14.2987,5,5,5,555,Champion
18110,4656,1,14.2987,5,5,5,555,Champion
16467,4310,2,13.5584,1,2,5,125,Needs Attention
27337,4450,1,13.1937,3,3,5,335,Loyal
29270,4453,1,13.1937,3,3,5,335,Loyal
27465,4530,1,13.1937,4,4,5,445,Champion
20827,4481,1,13.1937,3,4,5,345,Loyal
29160,4500,1,13.1937,3,5,5,355,Loyal
27222,4644,1,13.1937,5,5,5,555,Champion
24148,4597,1,13.1937,5,5,5,555,Champion
28884,4338,1,13.1937,1,4,5,145,At Risk
28330,4609,1,11.3152,5,5,5,555,Champion
28942,4584,1,11.039,4,5,5,455,Champion
21294,4588,1,11.039,5,5,5,555,Champion
20634,4593,1,11.039,5,5,5,555,Champion
21358,4606,1,11.039,5,5,5,555,Champion
20512,4605,1,11.039,5,5,5,555,Champion
20732,4626,1,11.039,5,5,5,555,Champion
22009,4613,1,11.039,5,5,5,555,Champion
24277,4636,1,11.039,5,5,5,555,Champion
23254,4636,1,11.039,5,5,5,555,Champion
21425,4502,1,11.039,4,5,5,455,Champion
20449,4499,1,11.039,3,5,5,355,Loyal
20487,4569,1,11.039,4,4,5,445,Champion
23278,4525,1,11.039,4,4,5,445,Champion
22355,4535,1,11.039,4,4,5,445,Champion
20780,4490,1,11.039,3,4,5,345,Loyal
28951,4494,1,11.039,3,4,5,345,Loyal
21686,4490,1,11.039,3,4,5,345,Loyal
20791,4538,1,11.039,4,4,5,445,Champion
29117,4536,1,11.039,4,4,5,445,Champion
20440,4544,1,11.039,4,4,5,445,Champion
12605,4558,1,11.039,4,4,5,445,Champion
20637,4558,1,11.039,4,4,5,445,Champion
12553,4559,1,11.039,4,4,5,445,Champion
20540,4349,1,11.039,1,4,5,145,At Risk
20509,4569,1,11.039,4,4,5,445,Champion
24246,4561,1,11.039,4,4,5,445,Champion
21623,4339,1,11.039,1,4,5,145,At Risk
20784,4302,1,11.039,1,4,5,145,At Risk
21314,4330,1,11.039,1,4,5,145,At Risk
20788,4312,1,11.039,1,4,5,145,At Risk
20775,4313,1,11.039,1,4,5,145,At Risk
20777,4316,1,11.039,1,4,5,145,At Risk
21454,4388,1,11.039,2,3,5,235,At Risk
20687,4392,1,11.039,2,3,5,235,At Risk
21399,4388,1,11.039,2,3,5,235,At Risk
22053,4411,1,11.039,2,3,5,235,At Risk
24253,4408,1,11.039,2,3,5,235,At Risk
28938,4383,1,11.039,2,3,5,235,At Risk
21934,4459,1,11.039,3,3,5,335,Loyal
21639,4467,1,11.039,3,3,5,335,Loyal
22352,4440,1,11.039,3,2,5,325,Potential Loyalist
21481,4440,1,11.039,3,2,5,325,Potential Loyalist
20388,4443,1,11.039,3,2,5,325,Potential Loyalist
20681,4658,1,11.039,5,5,5,555,Champion
24494,4659,1,11.039,5,5,5,555,Champion
13596,4649,1,11.039,5,5,5,555,Champion
16402,4297,2,11.028,1,2,5,125,Needs Attention
12534,4439,1,9.934,3,3,5,335,Loyal
11584,4431,1,9.934,3,3,5,335,Loyal
12517,4398,1,9.934,2,3,5,235,At Risk
12535,4429,1,9.934,3,3,5,335,Loyal
12488,4427,1,9.934,3,3,5,335,Loyal
12536,4365,1,9.934,1,3,5,135,At Risk
28613,4361,1,9.934,1,3,5,135,At Risk
12539,4356,1,9.934,1,3,5,135,At Risk
12641,4354,1,9.934,1,3,5,135,At Risk
12651,4412,1,9.934,2,3,5,235,At Risk
12556,4359,1,9.934,1,3,5,135,At Risk
28610,4406,1,9.934,2,3,5,235,At Risk
12552,4404,1,9.934,2,3,5,235,At Risk
11586,4389,1,9.934,2,3,5,235,At Risk
12649,4418,1,9.934,2,3,5,235,At Risk
12542,4314,1,9.934,1,4,5,145,At Risk
12478,4326,1,9.934,1,4,5,145,At Risk
12516,4340,1,9.934,1,4,5,145,At Risk
12544,4335,1,9.934,1,4,5,145,At Risk
12656,4553,1,9.934,4,4,5,445,Champion
28614,4555,1,9.934,4,4,5,445,Champion
12642,4555,1,9.934,4,4,5,445,Champion
12538,4543,1,9.934,4,4,5,445,Champion
12515,4485,1,9.934,3,4,5,345,Loyal
12541,4524,1,9.934,4,4,5,445,Champion
28612,4526,1,9.934,4,4,5,445,Champion
12524,4526,1,9.934,4,4,5,445,Champion
12543,4566,1,9.934,4,4,5,445,Champion
28615,4567,1,9.934,4,4,5,445,Champion
12511,4511,1,9.934,4,5,5,455,Champion
29057,4521,1,9.934,4,5,5,455,Champion
12537,4515,1,9.934,4,5,5,455,Champion
12518,4477,1,9.934,3,4,5,345,Loyal
28967,4639,1,9.934,5,5,5,555,Champion
28611,4615,1,9.934,5,5,5,555,Champion
12481,4623,1,9.934,5,5,5,555,Champion
12514,4645,1,9.934,5,5,5,555,Champion
12507,4589,1,9.934,5,5,5,555,Champion
12512,4608,1,9.934,5,5,5,555,Champion
28788,4662,1,9.934,5,5,5,555,Champion
28607,4661,1,8.7848,5,5,5,555,Champion
28604,4654,1,8.7848,5,5,5,555,Champion
28597,4582,1,8.7848,4,5,5,455,Champion
28601,4597,1,8.7848,5,5,5,555,Champion
28606,4620,1,8.7848,5,5,5,555,Champion
28780,4526,1,8.7848,4,4,5,445,Champion
28596,4342,1,8.7848,1,4,5,145,At Risk
28599,4572,1,8.7848,4,4,5,445,Champion
28789,4297,1,8.7848,1,4,5,145,At Risk
28605,4456,1,8.7848,3,3,5,335,Loyal
28603,4444,1,8.7848,3,2,5,325,Potential Loyalist
15896,4443,1,8.0444,3,2,5,325,Potential Loyalist
21489,4439,1,8.0444,3,3,5,335,Loyal
27174,4437,1,8.0444,3,3,5,335,Loyal
27332,4436,1,8.0444,3,3,5,335,Loyal
28157,4437,1,8.0444,3,3,5,335,Loyal
28105,4437,1,8.0444,3,3,5,335,Loyal
24149,4433,1,8.0444,3,3,5,335,Loyal
15163,4434,1,8.0444,3,3,5,335,Loyal
21494,4467,1,8.0444,3,3,5,335,Loyal
15313,4461,1,8.0444,3,3,5,335,Loyal
14742,4461,1,8.0444,3,3,5,335,Loyal
16900,4461,1,8.0444,3,3,5,335,Loyal
28242,4465,1,8.0444,3,3,5,335,Loyal
16359,4465,1,8.0444,3,3,5,335,Loyal
27921,4459,1,8.0444,3,3,5,335,Loyal
25056,4458,1,8.0444,3,3,5,335,Loyal
25118,4458,1,8.0444,3,3,5,335,Loyal
24939,4460,1,8.0444,3,3,5,335,Loyal
23085,4400,1,8.0444,2,3,5,235,At Risk
27988,4398,1,8.0444,2,3,5,235,At Risk
25055,4427,1,8.0444,3,3,5,335,Loyal
17383,4430,1,8.0444,3,3,5,335,Loyal
13532,4422,1,8.0444,2,3,5,235,At Risk
16092,4423,1,8.0444,2,3,5,235,At Risk
22965,4426,1,8.0444,2,3,5,235,At Risk
25673,4425,1,8.0444,2,3,5,235,At Risk
14476,4452,1,8.0444,3,3,5,335,Loyal
17658,4452,1,8.0444,3,3,5,335,Loyal
16715,4454,1,8.0444,3,3,5,335,Loyal
26074,4453,1,8.0444,3,3,5,335,Loyal
17487,4454,1,8.0444,3,3,5,335,Loyal
28909,4455,1,8.0444,3,3,5,335,Loyal
28012,4455,1,8.0444,3,3,5,335,Loyal
27994,4455,1,8.0444,3,3,5,335,Loyal
23236,4450,1,8.0444,3,3,5,335,Loyal
16064,4450,1,8.0444,3,3,5,335,Loyal
15947,4448,1,8.0444,3,3,5,335,Loyal
25817,4299,1,8.0444,1,4,5,145,At Risk
24306,4299,1,8.0444,1,4,5,145,At Risk
14474,4297,1,8.0444,1,4,5,145,At Risk
24118,4300,1,8.0444,1,4,5,145,At Risk
21364,4299,1,8.0444,1,4,5,145,At Risk
28138,4300,1,8.0444,1,4,5,145,At Risk
15749,4308,1,8.0444,1,4,5,145,At Risk
25137,4304,1,8.0444,1,4,5,145,At Risk
28262,4304,1,8.0444,1,4,5,145,At Risk
26100,4310,1,8.0444,1,4,5,145,At Risk
16076,4310,1,8.0444,1,4,5,145,At Risk
16060,4302,1,8.0444,1,4,5,145,At Risk
16723,4304,1,8.0444,1,4,5,145,At Risk
15336,4305,1,8.0444,1,4,5,145,At Risk
28019,4335,1,8.0444,1,4,5,145,At Risk
24892,4337,1,8.0444,1,4,5,145,At Risk
27187,4340,1,8.0444,1,4,5,145,At Risk
16062,4339,1,8.0444,1,4,5,145,At Risk
13797,4326,1,8.0444,1,4,5,145,At Risk
16726,4330,1,8.0444,1,4,5,145,At Risk
22973,4328,1,8.0444,1,4,5,145,At Risk
28920,4379,1,8.0444,2,3,5,235,At Risk
23362,4379,1,8.0444,2,3,5,235,At Risk
15393,4331,1,8.0444,1,3,5,135,At Risk
20403,4332,1,8.0444,1,4,5,145,At Risk
23290,4314,1,8.0444,1,4,5,145,At Risk
25483,4313,1,8.0444,1,4,5,145,At Risk
19872,4308,1,8.0444,1,4,5,145,At Risk
24479,4308,1,8.0444,1,4,5,145,At Risk
27032,4307,1,8.0444,1,4,5,145,At Risk
21441,4312,1,8.0444,1,4,5,145,At Risk
14759,4314,1,8.0444,1,4,5,145,At Risk
24185,4320,1,8.0444,1,4,5,145,At Risk
21925,4324,1,8.0444,1,4,5,145,At Risk
25117,4326,1,8.0444,1,4,5,145,At Risk
28245,4323,1,8.0444,1,4,5,145,At Risk
28258,4324,1,8.0444,1,4,5,145,At Risk
28281,4573,1,8.0444,4,4,5,445,Champion
21365,4573,1,8.0444,4,4,5,445,Champion
23096,4571,1,8.0444,4,4,5,445,Champion
25554,4573,1,8.0444,4,4,5,445,Champion
15431,4574,1,8.0444,4,4,5,445,Champion
26700,4574,1,8.0444,4,4,5,445,Champion
25130,4561,1,8.0444,4,4,5,445,Champion
28011,4576,1,8.0444,4,4,5,445,Champion
15247,4561,1,8.0444,4,4,5,445,Champion
22359,4567,1,8.0444,4,4,5,445,Champion
17505,4564,1,8.0444,4,4,5,445,Champion
14919,4570,1,8.0444,4,4,5,445,Champion
15269,4573,1,8.0444,4,4,5,445,Champion
15870,4552,1,8.0444,4,4,5,445,Champion
15524,4549,1,8.0444,4,4,5,445,Champion
16088,4549,1,8.0444,4,4,5,445,Champion
14562,4551,1,8.0444,4,4,5,445,Champion
24229,4547,1,8.0444,4,4,5,445,Champion
28073,4546,1,8.0444,4,4,5,445,Champion
24096,4547,1,8.0444,4,4,5,445,Champion
18161,4546,1,8.0444,4,4,5,445,Champion
23022,4546,1,8.0444,4,4,5,445,Champion
15477,4342,1,8.0444,1,4,5,145,At Risk
15782,4341,1,8.0444,1,4,5,145,At Risk
16648,4346,1,8.0444,1,4,5,145,At Risk
16276,4344,1,8.0444,1,4,5,145,At Risk
15867,4343,1,8.0444,1,4,5,145,At Risk
27963,4344,1,8.0444,1,4,5,145,At Risk
14403,4343,1,8.0444,1,4,5,145,At Risk
27024,4343,1,8.0444,1,4,5,145,At Risk
23557,4556,1,8.0444,4,4,5,445,Champion
28279,4560,1,8.0444,4,4,5,445,Champion
28882,4558,1,8.0444,4,4,5,445,Champion
25527,4421,1,8.0444,2,3,5,235,At Risk
25239,4420,1,8.0444,2,3,5,235,At Risk
12815,4391,1,8.0444,2,3,5,235,At Risk
25058,4390,1,8.0444,2,3,5,235,At Risk
14780,4390,1,8.0444,2,3,5,235,At Risk
14625,4388,1,8.0444,2,3,5,235,At Risk
16759,4394,1,8.0444,2,3,5,235,At Risk
27041,4393,1,8.0444,2,3,5,235,At Risk
15316,4387,1,8.0444,2,3,5,235,At Risk
14389,4387,1,8.0444,2,3,5,235,At Risk
16120,4387,1,8.0444,2,3,5,235,At Risk
29101,4386,1,8.0444,2,3,5,235,At Risk
19905,4385,1,8.0444,2,3,5,235,At Risk
15938,4392,1,8.0444,2,3,5,235,At Risk
16075,4391,1,8.0444,2,3,5,235,At Risk
18316,4392,1,8.0444,2,3,5,235,At Risk
24142,4400,1,8.0444,2,3,5,235,At Risk
14569,4395,1,8.0444,2,3,5,235,At Risk
27213,4405,1,8.0444,2,3,5,235,At Risk
15836,4403,1,8.0444,2,3,5,235,At Risk
28137,4404,1,8.0444,2,3,5,235,At Risk
29028,4406,1,8.0444,2,3,5,235,At Risk
28929,4406,1,8.0444,2,3,5,235,At Risk
17406,4413,1,8.0444,2,3,5,235,At Risk
28026,4359,1,8.0444,1,3,5,135,At Risk
15296,4412,1,8.0444,2,3,5,235,At Risk
15282,4411,1,8.0444,2,3,5,235,At Risk
21682,4412,1,8.0444,2,3,5,235,At Risk
20986,4412,1,8.0444,2,3,5,235,At Risk
18328,4408,1,8.0444,2,3,5,235,At Risk
15950,4408,1,8.0444,2,3,5,235,At Risk
18162,4407,1,8.0444,2,3,5,235,At Risk
15370,4409,1,8.0444,2,3,5,235,At Risk
12810,4355,1,8.0444,1,3,5,135,At Risk
25135,4354,1,8.0444,1,3,5,135,At Risk
15515,4356,1,8.0444,1,3,5,135,At Risk
18313,4356,1,8.0444,1,3,5,135,At Risk
21752,4351,1,8.0444,1,3,5,135,At Risk
23009,4350,1,8.0444,1,3,5,135,At Risk
14764,4349,1,8.0444,1,3,5,135,At Risk
28579,4353,1,8.0444,1,3,5,135,At Risk
24733,4352,1,8.0444,1,3,5,135,At Risk
15299,4361,1,8.0444,1,3,5,135,At Risk
15177,4361,1,8.0444,1,3,5,135,At Risk
16034,4361,1,8.0444,1,3,5,135,At Risk
15978,4363,1,8.0444,1,3,5,135,At Risk
26077,4362,1,8.0444,1,3,5,135,At Risk
16337,4360,1,8.0444,1,3,5,135,At Risk
27931,4364,1,8.0444,1,3,5,135,At Risk
21490,4363,1,8.0444,1,3,5,135,At Risk
28104,4357,1,8.0444,1,3,5,135,At Risk
28925,4370,1,8.0444,2,3,5,235,At Risk
20760,4382,1,8.0444,2,3,5,235,At Risk
17469,4381,1,8.0444,2,3,5,235,At Risk
16376,4384,1,8.0444,2,3,5,235,At Risk
15898,4381,1,8.0444,2,3,5,235,At Risk
27038,4377,1,8.0444,2,3,5,235,At Risk
15298,4366,1,8.0444,1,3,5,135,At Risk
15159,4369,1,8.0444,2,3,5,235,At Risk
28926,4373,1,8.0444,2,3,5,235,At Risk
25322,4526,1,8.0444,4,4,5,445,Champion
27454,4525,1,8.0444,4,4,5,445,Champion
15849,4526,1,8.0444,4,4,5,445,Champion
25238,4533,1,8.0444,4,4,5,445,Champion
25514,4524,1,8.0444,4,4,5,445,Champion
14593,4522,1,8.0444,4,4,5,445,Champion
27163,4567,1,8.0444,4,4,5,445,Champion
23305,4566,1,8.0444,4,4,5,445,Champion
17455,4568,1,8.0444,4,4,5,445,Champion
25331,4533,1,8.0444,4,4,5,445,Champion
28006,4530,1,8.0444,4,4,5,445,Champion
17578,4530,1,8.0444,4,4,5,445,Champion
15295,4527,1,8.0444,4,4,5,445,Champion
16284,4527,1,8.0444,4,4,5,445,Champion
27111,4531,1,8.0444,4,4,5,445,Champion
19039,4493,1,8.0444,3,4,5,345,Loyal
16356,4494,1,8.0444,3,4,5,345,Loyal
25491,4491,1,8.0444,3,4,5,345,Loyal
22983,4488,1,8.0444,3,4,5,345,Loyal
28087,4541,1,8.0444,4,4,5,445,Champion
20734,4542,1,8.0444,4,4,5,445,Champion
14587,4543,1,8.0444,4,4,5,445,Champion
14642,4544,1,8.0444,4,4,5,445,Champion
28360,4538,1,8.0444,4,4,5,445,Champion
15945,4478,1,8.0444,3,4,5,345,Loyal
16242,4516,1,8.0444,4,5,5,455,Champion
28008,4485,1,8.0444,3,4,5,345,Loyal
28577,4486,1,8.0444,3,4,5,345,Loyal
25490,4487,1,8.0444,3,4,5,345,Loyal
15858,4487,1,8.0444,3,4,5,345,Loyal
16010,4480,1,8.0444,3,4,5,345,Loyal
27035,4484,1,8.0444,3,4,5,345,Loyal
25816,4479,1,8.0444,3,4,5,345,Loyal
27962,4479,1,8.0444,3,4,5,345,Loyal
16014,4476,1,8.0444,3,4,5,345,Loyal
28937,4517,1,8.0444,4,5,5,455,Champion
15505,4516,1,8.0444,4,5,5,455,Champion
16672,4521,1,8.0444,4,5,5,455,Champion
21239,4509,1,8.0444,4,5,5,455,Champion
14627,4510,1,8.0444,4,5,5,455,Champion
27716,4510,1,8.0444,4,5,5,455,Champion
28260,4511,1,8.0444,4,5,5,455,Champion
18315,4512,1,8.0444,4,5,5,455,Champion
28009,4498,1,8.0444,3,5,5,355,Loyal
25233,4498,1,8.0444,3,5,5,355,Loyal
21631,4495,1,8.0444,3,5,5,355,Loyal
21374,4620,1,8.0444,5,5,5,555,Champion
24525,4620,1,8.0444,5,5,5,555,Champion
28936,4618,1,8.0444,5,5,5,555,Champion
26706,4618,1,8.0444,5,5,5,555,Champion
22278,4615,1,8.0444,5,5,5,555,Champion
15406,4613,1,8.0444,5,5,5,555,Champion
27300,4613,1,8.0444,5,5,5,555,Champion
23449,4646,1,8.0444,5,5,5,555,Champion
22739,4646,1,8.0444,5,5,5,555,Champion
16001,4623,1,8.0444,5,5,5,555,Champion
25672,4644,1,8.0444,5,5,5,555,Champion
14845,4643,1,8.0444,5,5,5,555,Champion
29000,4639,1,8.0444,5,5,5,555,Champion
21367,4638,1,8.0444,5,5,5,555,Champion
14921,4639,1,8.0444,5,5,5,555,Champion
15940,4632,1,8.0444,5,5,5,555,Champion
24713,4632,1,8.0444,5,5,5,555,Champion
27036,4630,1,8.0444,5,5,5,555,Champion
28239,4630,1,8.0444,5,5,5,555,Champion
26693,4628,1,8.0444,5,5,5,555,Champion
28216,4629,1,8.0444,5,5,5,555,Champion
15161,4636,1,8.0444,5,5,5,555,Champion
22019,4632,1,8.0444,5,5,5,555,Champion
28175,4635,1,8.0444,5,5,5,555,Champion
15384,4596,1,8.0444,5,5,5,555,Champion
27100,4595,1,8.0444,5,5,5,555,Champion
14751,4509,1,8.0444,4,5,5,455,Champion
15516,4506,1,8.0444,4,5,5,455,Champion
25157,4506,1,8.0444,4,5,5,455,Champion
21371,4503,1,8.0444,4,5,5,455,Champion
25549,4502,1,8.0444,4,5,5,455,Champion
23079,4502,1,8.0444,4,5,5,455,Champion
24123,4502,1,8.0444,4,5,5,455,Champion
25513,4605,1,8.0444,5,5,5,555,Champion
18169,4605,1,8.0444,5,5,5,555,Champion
25314,4605,1,8.0444,5,5,5,555,Champion
28005,4604,1,8.0444,5,5,5,555,Champion
16115,4603,1,8.0444,5,5,5,555,Champion
22974,4608,1,8.0444,5,5,5,555,Champion
23077,4608,1,8.0444,5,5,5,555,Champion
21764,4607,1,8.0444,5,5,5,555,Champion
23591,4602,1,8.0444,5,5,5,555,Champion
22059,4599,1,8.0444,5,5,5,555,Champion
14654,4599,1,8.0444,5,5,5,555,Champion
25224,4598,1,8.0444,5,5,5,555,Champion
14475,4583,1,8.0444,4,5,5,455,Champion
27960,4580,1,8.0444,4,5,5,455,Champion
20380,4579,1,8.0444,4,5,5,455,Champion
15935,4582,1,8.0444,4,5,5,455,Champion
14492,4580,1,8.0444,4,5,5,455,Champion
17663,4608,1,8.0444,5,5,5,555,Champion
27607,4610,1,8.0444,5,5,5,555,Champion
23503,4610,1,8.0444,5,5,5,555,Champion
16750,4610,1,8.0444,5,5,5,555,Champion
24898,4576,1,8.0444,4,5,5,455,Champion
15331,4577,1,8.0444,4,5,5,455,Champion
15385,4586,1,8.0444,5,5,5,555,Champion
24693,4588,1,8.0444,5,5,5,555,Champion
27210,4586,1,8.0444,5,5,5,555,Champion
28004,4585,1,8.0444,4,5,5,455,Champion
24773,4584,1,8.0444,4,5,5,455,Champion
15368,4594,1,8.0444,5,5,5,555,Champion
19873,4593,1,8.0444,5,5,5,555,Champion
26032,4654,1,8.0444,5,5,5,555,Champion
29130,4653,1,8.0444,5,5,5,555,Champion
14465,4651,1,8.0444,5,5,5,555,Champion
15198,4652,1,8.0444,5,5,5,555,Champion
15443,4654,1,8.0444,5,5,5,555,Champion
18174,4660,1,8.0444,5,5,5,555,Champion
18053,4648,1,8.0444,5,5,5,555,Champion
17369,4648,1,8.0444,5,5,5,555,Champion
14901,4649,1,8.0444,5,5,5,555,Champion
14468,4648,1,8.0444,5,5,5,555,Champion
14644,4649,1,8.0444,5,5,5,555,Champion
15861,4658,1,8.0444,5,5,5,555,Champion
15476,4659,1,8.0444,5,5,5,555,Champion
16384,4659,1,8.0444,5,5,5,555,Champion
27040,4657,1,8.0444,5,5,5,555,Champion
15319,4661,1,8.0444,5,5,5,555,Champion
25923,4657,1,6.9394,5,5,5,555,Champion
27308,4593,1,6.9394,5,5,5,555,Champion
23910,4593,1,6.9394,5,5,5,555,Champion
29089,4593,1,6.9394,5,5,5,555,Champion
27218,4587,1,6.9394,5,5,5,555,Champion
29105,4586,1,6.9394,5,5,5,555,Champion
26218,4588,1,6.9394,5,5,5,555,Champion
20962,4588,1,6.9394,5,5,5,555,Champion
27375,4611,1,6.9394,5,5,5,555,Champion
27727,4609,1,6.9394,5,5,5,555,Champion
17821,4582,1,6.9394,4,5,5,455,Champion
27957,4600,1,6.9394,5,5,5,555,Champion
19515,4603,1,6.9394,5,5,5,555,Champion
27223,4605,1,6.9394,5,5,5,555,Champion
22866,4606,1,6.9394,5,5,5,555,Champion
25628,4597,1,6.9394,5,5,5,555,Champion
27224,4598,1,6.9394,5,5,5,555,Champion
25026,4632,1,6.9394,5,5,5,555,Champion
24181,4624,1,6.9394,5,5,5,555,Champion
24544,4623,1,6.9394,5,5,5,555,Champion
25686,4611,1,6.9394,5,5,5,555,Champion
24567,4611,1,6.9394,5,5,5,555,Champion
20148,4615,1,6.9394,5,5,5,555,Champion
23600,4618,1,6.9394,5,5,5,555,Champion
27788,4620,1,6.9394,5,5,5,555,Champion
19507,4497,1,6.9394,3,5,5,355,Loyal
26558,4500,1,6.9394,3,5,5,355,Loyal
25689,4499,1,6.9394,3,5,5,355,Loyal
23601,4515,1,6.9394,4,5,5,455,Champion
24556,4516,1,6.9394,4,5,5,455,Champion
24563,4483,1,6.9394,3,4,5,345,Loyal
26834,4478,1,6.9394,3,4,5,345,Loyal
19492,4475,1,6.9394,3,4,5,345,Loyal
26417,4536,1,6.9394,4,4,5,445,Champion
24072,4540,1,6.9394,4,4,5,445,Champion
29092,4540,1,6.9394,4,4,5,445,Champion
24137,4540,1,6.9394,4,4,5,445,Champion
22700,4491,1,6.9394,3,4,5,345,Loyal
17112,4491,1,6.9394,3,4,5,345,Loyal
29200,4485,1,6.9394,3,4,5,345,Loyal
20177,4528,1,6.9394,4,4,5,445,Champion
20802,4529,1,6.9394,4,4,5,445,Champion
27964,4566,1,6.9394,4,4,5,445,Champion
26833,4522,1,6.9394,4,4,5,445,Champion
26887,4522,1,6.9394,4,4,5,445,Champion
23942,4528,1,6.9394,4,4,5,445,Champion
23979,4524,1,6.9394,4,4,5,445,Champion
27376,4373,1,6.9394,2,3,5,235,At Risk
25913,4372,1,6.9394,2,3,5,235,At Risk
25906,4373,1,6.9394,2,3,5,235,At Risk
22565,4367,1,6.9394,1,3,5,135,At Risk
27374,4370,1,6.9394,2,3,5,235,At Risk
19468,4363,1,6.9394,1,3,5,135,At Risk
25315,4350,1,6.9394,1,3,5,135,At Risk
27151,4409,1,6.9394,2,3,5,235,At Risk
29134,4411,1,6.9394,2,3,5,235,At Risk
19494,4403,1,6.9394,2,3,5,235,At Risk
28878,4396,1,6.9394,2,3,5,235,At Risk
27317,4394,1,6.9394,2,3,5,235,At Risk
26182,4386,1,6.9394,2,3,5,235,At Risk
24156,4421,1,6.9394,2,3,5,235,At Risk
27158,4420,1,6.9394,2,3,5,235,At Risk
24559,4417,1,6.9394,2,3,5,235,At Risk
29112,4559,1,6.9394,4,4,5,445,Champion
24088,4556,1,6.9394,4,4,5,445,Champion
19485,4347,1,6.9394,1,4,5,145,At Risk
26905,4546,1,6.9394,4,4,5,445,Champion
25325,4546,1,6.9394,4,4,5,445,Champion
27156,4547,1,6.9394,4,4,5,445,Champion
20960,4552,1,6.9394,4,4,5,445,Champion
29109,4569,1,6.9394,4,4,5,445,Champion
23446,4562,1,6.9394,4,4,5,445,Champion
24097,4325,1,6.9394,1,4,5,145,At Risk
23447,4318,1,6.9394,1,4,5,145,At Risk
20919,4317,1,6.9394,1,4,5,145,At Risk
20920,4312,1,6.9394,1,4,5,145,At Risk
24143,4331,1,6.9394,1,4,5,145,At Risk
16435,4339,1,6.9394,1,4,5,145,At Risk
29038,4337,1,6.9394,1,4,5,145,At Risk
20899,4306,1,6.9394,1,4,5,145,At Risk
19491,4306,1,6.9394,1,4,5,145,At Risk
25907,4311,1,6.9394,1,4,5,145,At Risk
25755,4449,1,6.9394,3,3,5,335,Loyal
20810,4448,1,6.9394,3,3,5,335,Loyal
27464,4429,1,6.9394,3,3,5,335,Loyal
23755,4462,1,6.9394,3,3,5,335,Loyal
28329,4437,1,6.9394,3,3,5,335,Loyal
26971,4432,1,6.9394,3,3,5,335,Loyal
19487,4443,1,6.9394,3,2,5,325,Potential Loyalist
19508,4440,1,6.9394,3,2,5,325,Potential Loyalist
23914,4442,1,6.9394,3,2,5,325,Potential Loyalist
24607,4442,1,5.514,3,2,5,325,Potential Loyalist
18072,4440,1,5.514,3,2,5,325,Potential Loyalist
17534,4440,1,5.514,3,2,5,325,Potential Loyalist
23012,4440,1,5.514,3,2,5,325,Potential Loyalist
25784,4443,1,5.514,3,2,5,325,Potential Loyalist
25298,4442,1,5.514,3,2,5,325,Potential Loyalist
23347,4441,1,5.514,3,2,5,325,Potential Loyalist
17454,4444,1,5.514,3,2,5,325,Potential Loyalist
16501,4445,1,5.514,3,2,5,325,Potential Loyalist
17265,4445,1,5.514,3,2,5,325,Potential Loyalist
22730,4445,1,5.514,3,2,5,325,Potential Loyalist
27034,4442,1,5.514,3,2,5,325,Potential Loyalist
24825,4432,1,5.514,3,3,5,335,Loyal
29003,4439,1,5.514,3,3,5,335,Loyal
16737,4430,1,5.514,3,3,5,335,Loyal
20189,4432,1,5.514,3,3,5,335,Loyal
26180,4433,1,5.514,3,3,5,335,Loyal
17606,4431,1,5.514,3,3,5,335,Loyal
19748,4437,1,5.514,3,3,5,335,Loyal
18531,4438,1,5.514,3,3,5,335,Loyal
19644,4436,1,5.514,3,3,5,335,Loyal
27019,4434,1,5.514,3,3,5,335,Loyal
18404,4434,1,5.514,3,3,5,335,Loyal
22801,4434,1,5.514,3,3,5,335,Loyal
19938,4434,1,5.514,3,3,5,335,Loyal
18425,4436,1,5.514,3,3,5,335,Loyal
25534,4464,1,5.514,3,3,5,335,Loyal
20407,4464,1,5.514,3,3,5,335,Loyal
23535,4465,1,5.514,3,3,5,335,Loyal
27913,4467,1,5.514,3,3,5,335,Loyal
21852,4466,1,5.514,3,3,5,335,Loyal
27592,4468,1,5.514,3,3,5,335,Loyal
17440,4469,1,5.514,3,3,5,335,Loyal
28252,4398,1,5.514,2,3,5,235,At Risk
14513,4397,1,5.514,2,3,5,235,At Risk
16769,4400,1,5.514,2,3,5,235,At Risk
13824,4397,1,5.514,2,3,5,235,At Risk
17525,4460,1,5.514,3,3,5,335,Loyal
21859,4460,1,5.514,3,3,5,335,Loyal
24111,4463,1,5.514,3,3,5,335,Loyal
15458,4463,1,5.514,3,3,5,335,Loyal
26806,4463,1,5.514,3,3,5,335,Loyal
14763,4459,1,5.514,3,3,5,335,Loyal
15533,4459,1,5.514,3,3,5,335,Loyal
17113,4459,1,5.514,3,3,5,335,Loyal
25132,4430,1,5.514,3,3,5,335,Loyal
16775,4428,1,5.514,3,3,5,335,Loyal
21823,4422,1,5.514,2,3,5,235,At Risk
22960,4429,1,5.514,3,3,5,335,Loyal
15258,4422,1,5.514,2,3,5,235,At Risk
15966,4448,1,5.514,3,3,5,335,Loyal
17473,4424,1,5.514,2,3,5,235,At Risk
17603,4425,1,5.514,2,3,5,235,At Risk
19431,4425,1,5.514,2,3,5,235,At Risk
21850,4424,1,5.514,2,3,5,235,At Risk
22530,4423,1,5.514,2,3,5,235,At Risk
22386,4427,1,5.514,3,3,5,335,Loyal
18402,4449,1,5.514,3,3,5,335,Loyal
23553,4452,1,5.514,3,3,5,335,Loyal
28280,4452,1,5.514,3,3,5,335,Loyal
16357,4452,1,5.514,3,3,5,335,Loyal
19370,4455,1,5.514,3,3,5,335,Loyal
24487,4455,1,5.514,3,3,5,335,Loyal
17688,4454,1,5.514,3,3,5,335,Loyal
17408,4454,1,5.514,3,3,5,335,Loyal
21376,4453,1,5.514,3,3,5,335,Loyal
17395,4453,1,5.514,3,3,5,335,Loyal
27039,4449,1,5.514,3,3,5,335,Loyal
27334,4446,1,5.514,3,3,5,335,Loyal
20099,4446,1,5.514,3,3,5,335,Loyal
22589,4451,1,5.514,3,3,5,335,Loyal
15386,4451,1,5.514,3,3,5,335,Loyal
22858,4309,1,5.514,1,4,5,145,At Risk
18385,4311,1,5.514,1,4,5,145,At Risk
22493,4301,1,5.514,1,4,5,145,At Risk
17697,4302,1,5.514,1,4,5,145,At Risk
16245,4302,1,5.514,1,4,5,145,At Risk
22802,4304,1,5.514,1,4,5,145,At Risk
28277,4304,1,5.514,1,4,5,145,At Risk
24593,4306,1,5.514,1,4,5,145,At Risk
18668,4301,1,5.514,1,4,5,145,At Risk
18070,4302,1,5.514,1,4,5,145,At Risk
16853,4336,1,5.514,1,4,5,145,At Risk
17391,4300,1,5.514,1,4,5,145,At Risk
15300,4299,1,5.514,1,4,5,145,At Risk
16768,4305,1,5.514,1,4,5,145,At Risk
21347,4297,1,5.514,1,4,5,145,At Risk
17550,4337,1,5.514,1,4,5,145,At Risk
24240,4337,1,5.514,1,4,5,145,At Risk
19210,4339,1,5.514,1,4,5,145,At Risk
24134,4339,1,5.514,1,4,5,145,At Risk
16966,4339,1,5.514,1,4,5,145,At Risk
15818,4341,1,5.514,1,4,5,145,At Risk
16084,4341,1,5.514,1,4,5,145,At Risk
27591,4335,1,5.514,1,4,5,145,At Risk
16499,4333,1,5.514,1,4,5,145,At Risk
28924,4334,1,5.514,1,4,5,145,At Risk
17472,4333,1,5.514,1,4,5,145,At Risk
25367,4327,1,5.514,1,4,5,145,At Risk
23518,4328,1,5.514,1,4,5,145,At Risk
14689,4327,1,5.514,1,4,5,145,At Risk
21825,4327,1,5.514,1,4,5,145,At Risk
18434,4329,1,5.514,1,4,5,145,At Risk
19638,4330,1,5.514,1,4,5,145,At Risk
17523,4330,1,5.514,1,4,5,145,At Risk
26051,4331,1,5.514,1,3,5,135,At Risk
19404,4331,1,5.514,1,3,5,135,At Risk
15960,4331,1,5.514,1,3,5,135,At Risk
23488,4380,1,5.514,2,3,5,235,At Risk
16650,4380,1,5.514,2,3,5,235,At Risk
27950,4380,1,5.514,2,3,5,235,At Risk
18397,4379,1,5.514,2,3,5,235,At Risk
28310,4379,1,5.514,2,3,5,235,At Risk
14607,4376,1,5.514,2,3,5,235,At Risk
27031,4379,1,5.514,2,3,5,235,At Risk
16008,4314,1,5.514,1,4,5,145,At Risk
18499,4307,1,5.514,1,4,5,145,At Risk
18555,4317,1,5.514,1,4,5,145,At Risk
15381,4317,1,5.514,1,4,5,145,At Risk
16024,4316,1,5.514,1,4,5,145,At Risk
25785,4313,1,5.514,1,4,5,145,At Risk
17673,4313,1,5.514,1,4,5,145,At Risk
22382,4316,1,5.514,1,4,5,145,At Risk
25456,4314,1,5.514,1,4,5,145,At Risk
16815,4315,1,5.514,1,4,5,145,At Risk
23363,4319,1,5.514,1,4,5,145,At Risk
16816,4321,1,5.514,1,4,5,145,At Risk
14583,4322,1,5.514,1,4,5,145,At Risk
24967,4326,1,5.514,1,4,5,145,At Risk
18153,4323,1,5.514,1,4,5,145,At Risk
16274,4323,1,5.514,1,4,5,145,At Risk
22521,4323,1,5.514,1,4,5,145,At Risk
16757,4325,1,5.514,1,4,5,145,At Risk
16240,4323,1,5.514,1,4,5,145,At Risk
24218,4565,1,5.514,4,4,5,445,Champion
20312,4564,1,5.514,4,4,5,445,Champion
23129,4564,1,5.514,4,4,5,445,Champion
17015,4567,1,5.514,4,4,5,445,Champion
28286,4575,1,5.514,4,4,5,445,Champion
26232,4577,1,5.514,4,4,5,445,Champion
17616,4575,1,5.514,4,4,5,445,Champion
22457,4577,1,5.514,4,4,5,445,Champion
17357,4573,1,5.514,4,4,5,445,Champion
25665,4571,1,5.514,4,4,5,445,Champion
21363,4573,1,5.514,4,4,5,445,Champion
22488,4573,1,5.514,4,4,5,445,Champion
26173,4570,1,5.514,4,4,5,445,Champion
27022,4570,1,5.514,4,4,5,445,Champion
19465,4551,1,5.514,4,4,5,445,Champion
17430,4548,1,5.514,4,4,5,445,Champion
28874,4548,1,5.514,4,4,5,445,Champion
23673,4550,1,5.514,4,4,5,445,Champion
24575,4347,1,5.514,1,4,5,145,At Risk
24207,4341,1,5.514,1,4,5,145,At Risk
15360,4346,1,5.514,1,4,5,145,At Risk
15412,4348,1,5.514,1,4,5,145,At Risk
17131,4346,1,5.514,1,4,5,145,At Risk
14721,4344,1,5.514,1,4,5,145,At Risk
16671,4343,1,5.514,1,4,5,145,At Risk
28125,4343,1,5.514,1,4,5,145,At Risk
27934,4343,1,5.514,1,4,5,145,At Risk
22755,4344,1,5.514,1,4,5,145,At Risk
19919,4557,1,5.514,4,4,5,445,Champion
16917,4347,1,5.514,1,4,5,145,At Risk
16858,4349,1,5.514,1,4,5,145,At Risk
23308,4348,1,5.514,1,4,5,145,At Risk
24891,4348,1,5.514,1,4,5,145,At Risk
25141,4560,1,5.514,4,4,5,445,Champion
15560,4559,1,5.514,4,4,5,445,Champion
19363,4554,1,5.514,4,4,5,445,Champion
15967,4555,1,5.514,4,4,5,445,Champion
16874,4554,1,5.514,4,4,5,445,Champion
16503,4553,1,5.514,4,4,5,445,Champion
15907,4416,1,5.514,2,3,5,235,At Risk
16960,4416,1,5.514,2,3,5,235,At Risk
21546,4417,1,5.514,2,3,5,235,At Risk
18750,4418,1,5.514,2,3,5,235,At Risk
17377,4420,1,5.514,2,3,5,235,At Risk
28123,4419,1,5.514,2,3,5,235,At Risk
24122,4421,1,5.514,2,3,5,235,At Risk
24369,4389,1,5.514,2,3,5,235,At Risk
15421,4389,1,5.514,2,3,5,235,At Risk
27947,4389,1,5.514,2,3,5,235,At Risk
18421,4391,1,5.514,2,3,5,235,At Risk
21674,4389,1,5.514,2,3,5,235,At Risk
20269,4389,1,5.514,2,3,5,235,At Risk
27997,4385,1,5.514,2,3,5,235,At Risk
21866,4394,1,5.514,2,3,5,235,At Risk
29039,4388,1,5.514,2,3,5,235,At Risk
25433,4385,1,5.514,2,3,5,235,At Risk
28768,4385,1,5.514,2,3,5,235,At Risk
15857,4394,1,5.514,2,3,5,235,At Risk
12811,4392,1,5.514,2,3,5,235,At Risk
16842,4392,1,5.514,2,3,5,235,At Risk
17166,4391,1,5.514,2,3,5,235,At Risk
28358,4404,1,5.514,2,3,5,235,At Risk
15416,4403,1,5.514,2,3,5,235,At Risk
28906,4403,1,5.514,2,3,5,235,At Risk
16817,4404,1,5.514,2,3,5,235,At Risk
23437,4405,1,5.514,2,3,5,235,At Risk
17344,4405,1,5.514,2,3,5,235,At Risk
21277,4405,1,5.514,2,3,5,235,At Risk
15982,4416,1,5.514,2,3,5,235,At Risk
24600,4417,1,5.514,2,3,5,235,At Risk
26176,4415,1,5.514,2,3,5,235,At Risk
14628,4408,1,5.514,2,3,5,235,At Risk
24744,4408,1,5.514,2,3,5,235,At Risk
23945,4408,1,5.514,2,3,5,235,At Risk
19753,4407,1,5.514,2,3,5,235,At Risk
16904,4407,1,5.514,2,3,5,235,At Risk
17520,4408,1,5.514,2,3,5,235,At Risk
23657,4402,1,5.514,2,3,5,235,At Risk
24132,4402,1,5.514,2,3,5,235,At Risk
22387,4402,1,5.514,2,3,5,235,At Risk
15573,4412,1,5.514,2,3,5,235,At Risk
18661,4410,1,5.514,2,3,5,235,At Risk
27188,4410,1,5.514,2,3,5,235,At Risk
26730,4410,1,5.514,2,3,5,235,At Risk
22918,4411,1,5.514,2,3,5,235,At Risk
16047,4358,1,5.514,1,3,5,135,At Risk
24045,4412,1,5.514,2,3,5,235,At Risk
16722,4358,1,5.514,1,3,5,135,At Risk
24731,4352,1,5.514,1,3,5,135,At Risk
23427,4352,1,5.514,1,3,5,135,At Risk
15746,4353,1,5.514,1,3,5,135,At Risk
22532,4353,1,5.514,1,3,5,135,At Risk
16903,4374,1,5.514,2,3,5,235,At Risk
24376,4349,1,5.514,1,3,5,135,At Risk
22829,4351,1,5.514,1,3,5,135,At Risk
21306,4351,1,5.514,1,3,5,135,At Risk
17132,4351,1,5.514,1,3,5,135,At Risk
17429,4356,1,5.514,1,3,5,135,At Risk
21869,4355,1,5.514,1,3,5,135,At Risk
16988,4355,1,5.514,1,3,5,135,At Risk
28328,4354,1,5.514,1,3,5,135,At Risk
24152,4363,1,5.514,1,3,5,135,At Risk
24566,4365,1,5.514,1,3,5,135,At Risk
22662,4366,1,5.514,1,3,5,135,At Risk
15550,4357,1,5.514,1,3,5,135,At Risk
17452,4363,1,5.514,1,3,5,135,At Risk
18230,4364,1,5.514,1,3,5,135,At Risk
15956,4359,1,5.514,1,3,5,135,At Risk
24258,4359,1,5.514,1,3,5,135,At Risk
25247,4359,1,5.514,1,3,5,135,At Risk
21076,4363,1,5.514,1,3,5,135,At Risk
14922,4362,1,5.514,1,3,5,135,At Risk
15387,4361,1,5.514,1,3,5,135,At Risk
14766,4361,1,5.514,1,3,5,135,At Risk
17684,4369,1,5.514,2,3,5,235,At Risk
18779,4383,1,5.514,2,3,5,235,At Risk
24986,4384,1,5.514,2,3,5,235,At Risk
18453,4382,1,5.514,2,3,5,235,At Risk
14630,4384,1,5.514,2,3,5,235,At Risk
16669,4384,1,5.514,2,3,5,235,At Risk
14527,4376,1,5.514,2,3,5,235,At Risk
17587,4382,1,5.514,2,3,5,235,At Risk
16766,4382,1,5.514,2,3,5,235,At Risk
26387,4368,1,5.514,2,3,5,235,At Risk
25340,4368,1,5.514,1,3,5,135,At Risk
27110,4372,1,5.514,2,3,5,235,At Risk
20079,4367,1,5.514,1,3,5,135,At Risk
21032,4374,1,5.514,2,3,5,235,At Risk
17173,4374,1,5.514,2,3,5,235,At Risk
17160,4374,1,5.514,2,3,5,235,At Risk
25466,4526,1,5.514,4,4,5,445,Champion
28251,4525,1,5.514,4,4,5,445,Champion
24464,4525,1,5.514,4,4,5,445,Champion
14899,4526,1,5.514,4,4,5,445,Champion
22516,4526,1,5.514,4,4,5,445,Champion
23892,4534,1,5.514,4,4,5,445,Champion
21838,4528,1,5.514,4,4,5,445,Champion
17538,4523,1,5.514,4,4,5,445,Champion
20402,4523,1,5.514,4,4,5,445,Champion
16899,4523,1,5.514,4,4,5,445,Champion
17174,4521,1,5.514,4,4,5,445,Champion
24881,4527,1,5.514,4,4,5,445,Champion
17456,4527,1,5.514,4,4,5,445,Champion
21010,4522,1,5.514,4,4,5,445,Champion
23643,4566,1,5.514,4,4,5,445,Champion
27049,4567,1,5.514,4,4,5,445,Champion
19928,4567,1,5.514,4,4,5,445,Champion
21263,4533,1,5.514,4,4,5,445,Champion
20088,4532,1,5.514,4,4,5,445,Champion
20277,4567,1,5.514,4,4,5,445,Champion
15400,4569,1,5.514,4,4,5,445,Champion
18510,4569,1,5.514,4,4,5,445,Champion
18099,4529,1,5.514,4,4,5,445,Champion
17376,4531,1,5.514,4,4,5,445,Champion
28345,4529,1,5.514,4,4,5,445,Champion
17168,4530,1,5.514,4,4,5,445,Champion
29267,4485,1,5.514,3,4,5,345,Loyal
23345,4485,1,5.514,3,4,5,345,Loyal
24897,4494,1,5.514,3,4,5,345,Loyal
22859,4494,1,5.514,3,4,5,345,Loyal
20089,4492,1,5.514,3,4,5,345,Loyal
16063,4490,1,5.514,3,4,5,345,Loyal
27414,4491,1,5.514,3,4,5,345,Loyal
15164,4491,1,5.514,3,4,5,345,Loyal
24630,4541,1,5.514,4,4,5,445,Champion
23562,4541,1,5.514,4,4,5,445,Champion
17541,4540,1,5.514,4,4,5,445,Champion
22558,4544,1,5.514,4,4,5,445,Champion
25473,4544,1,5.514,4,4,5,445,Champion
15776,4544,1,5.514,4,4,5,445,Champion
25109,4543,1,5.514,4,4,5,445,Champion
26350,4543,1,5.514,4,4,5,445,Champion
24649,4535,1,5.514,4,4,5,445,Champion
17467,4535,1,5.514,4,4,5,445,Champion
28085,4537,1,5.514,4,4,5,445,Champion
14592,4537,1,5.514,4,4,5,445,Champion
20967,4537,1,5.514,4,4,5,445,Champion
13786,4474,1,5.514,3,4,5,345,Loyal
25316,4472,1,5.514,3,4,5,345,Loyal
28911,4474,1,5.514,3,4,5,345,Loyal
22557,4478,1,5.514,3,4,5,345,Loyal
21279,4477,1,5.514,3,4,5,345,Loyal
14620,4477,1,5.514,3,4,5,345,Loyal
20978,4477,1,5.514,3,4,5,345,Loyal
18069,4477,1,5.514,3,4,5,345,Loyal
27703,4517,1,5.514,4,5,5,455,Champion
17434,4518,1,5.514,4,4,5,445,Champion
17602,4470,1,5.514,3,4,5,345,Loyal
24380,4471,1,5.514,3,4,5,345,Loyal
27628,4473,1,5.514,3,4,5,345,Loyal
27204,4482,1,5.514,3,4,5,345,Loyal
22856,4484,1,5.514,3,4,5,345,Loyal
28999,4484,1,5.514,3,4,5,345,Loyal
21836,4483,1,5.514,3,4,5,345,Loyal
14528,4482,1,5.514,3,4,5,345,Loyal
16765,4481,1,5.514,3,4,5,345,Loyal
25825,4482,1,5.514,3,4,5,345,Loyal
16644,4482,1,5.514,3,4,5,345,Loyal
25131,4488,1,5.514,3,4,5,345,Loyal
18405,4487,1,5.514,3,4,5,345,Loyal
21860,4475,1,5.514,3,4,5,345,Loyal
16905,4475,1,5.514,3,4,5,345,Loyal
27979,4476,1,5.514,3,4,5,345,Loyal
26678,4476,1,5.514,3,4,5,345,Loyal
19390,4476,1,5.514,3,4,5,345,Loyal
27061,4479,1,5.514,3,4,5,345,Loyal
28306,4479,1,5.514,3,4,5,345,Loyal
25016,4484,1,5.514,3,4,5,345,Loyal
26270,4484,1,5.514,3,4,5,345,Loyal
25349,4481,1,5.514,3,4,5,345,Loyal
23476,4480,1,5.514,3,4,5,345,Loyal
19927,4480,1,5.514,3,4,5,345,Loyal
17426,4515,1,5.514,4,5,5,455,Champion
23095,4521,1,5.514,4,5,5,455,Champion
14609,4520,1,5.514,4,5,5,455,Champion
25241,4520,1,5.514,4,5,5,455,Champion
25327,4518,1,5.514,4,5,5,455,Champion
14762,4512,1,5.514,4,5,5,455,Champion
24805,4512,1,5.514,4,5,5,455,Champion
24857,4510,1,5.514,4,5,5,455,Champion
15979,4513,1,5.514,4,5,5,455,Champion
23935,4500,1,5.514,3,5,5,355,Loyal
17532,4500,1,5.514,3,5,5,355,Loyal
28282,4499,1,5.514,3,5,5,355,Loyal
23967,4502,1,5.514,4,5,5,455,Champion
22015,4501,1,5.514,4,5,5,455,Champion
26226,4500,1,5.514,3,5,5,355,Loyal
17436,4501,1,5.514,3,5,5,355,Loyal
28151,4511,1,5.514,4,5,5,455,Champion
24816,4511,1,5.514,4,5,5,455,Champion
25648,4511,1,5.514,4,5,5,455,Champion
21128,4511,1,5.514,4,5,5,455,Champion
16154,4498,1,5.514,3,5,5,355,Loyal
17432,4498,1,5.514,3,5,5,355,Loyal
15680,4504,1,5.514,4,5,5,455,Champion
17689,4495,1,5.514,3,5,5,355,Loyal
14729,4496,1,5.514,3,5,5,355,Loyal
18061,4495,1,5.514,3,5,5,355,Loyal
21725,4497,1,5.514,3,5,5,355,Loyal
17547,4496,1,5.514,3,5,5,355,Loyal
16978,4619,1,5.514,5,5,5,555,Champion
19463,4622,1,5.514,5,5,5,555,Champion
17449,4619,1,5.514,5,5,5,555,Champion
22554,4620,1,5.514,5,5,5,555,Champion
15423,4621,1,5.514,5,5,5,555,Champion
17275,4621,1,5.514,5,5,5,555,Champion
16860,4619,1,5.514,5,5,5,555,Champion
27926,4614,1,5.514,5,5,5,555,Champion
18552,4614,1,5.514,5,5,5,555,Champion
17488,4614,1,5.514,5,5,5,555,Champion
17431,4614,1,5.514,5,5,5,555,Champion
17169,4612,1,5.514,5,5,5,555,Champion
17683,4623,1,5.514,5,5,5,555,Champion
18424,4623,1,5.514,5,5,5,555,Champion
23442,4627,1,5.514,5,5,5,555,Champion
19214,4623,1,5.514,5,5,5,555,Champion
27207,4625,1,5.514,5,5,5,555,Champion
25804,4626,1,5.514,5,5,5,555,Champion
22494,4624,1,5.514,5,5,5,555,Champion
14629,4624,1,5.514,5,5,5,555,Champion
26026,4624,1,5.514,5,5,5,555,Champion
17165,4646,1,5.514,5,5,5,555,Champion
18111,4644,1,5.514,5,5,5,555,Champion
16381,4631,1,5.514,5,5,5,555,Champion
29230,4632,1,5.514,5,5,5,555,Champion
15420,4629,1,5.514,5,5,5,555,Champion
28919,4629,1,5.514,5,5,5,555,Champion
27995,4629,1,5.514,5,5,5,555,Champion
14788,4628,1,5.514,5,5,5,555,Champion
22917,4628,1,5.514,5,5,5,555,Champion
17590,4628,1,5.514,5,5,5,555,Champion
24895,4628,1,5.514,5,5,5,555,Champion
18123,4628,1,5.514,5,5,5,555,Champion
23770,4638,1,5.514,5,5,5,555,Champion
28248,4638,1,5.514,5,5,5,555,Champion
17137,4638,1,5.514,5,5,5,555,Champion
16039,4641,1,5.514,5,5,5,555,Champion
28003,4639,1,5.514,5,5,5,555,Champion
24894,4642,1,5.514,5,5,5,555,Champion
27807,4642,1,5.514,5,5,5,555,Champion
24064,4641,1,5.514,5,5,5,555,Champion
23676,4634,1,5.514,5,5,5,555,Champion
14909,4635,1,5.514,5,5,5,555,Champion
25783,4632,1,5.514,5,5,5,555,Champion
17111,4636,1,5.514,5,5,5,555,Champion
26488,4636,1,5.514,5,5,5,555,Champion
14404,4637,1,5.514,5,5,5,555,Champion
17526,4598,1,5.514,5,5,5,555,Champion
22380,4597,1,5.514,5,5,5,555,Champion
18387,4597,1,5.514,5,5,5,555,Champion
28266,4598,1,5.514,5,5,5,555,Champion
16003,4597,1,5.514,5,5,5,555,Champion
25476,4596,1,5.514,5,5,5,555,Champion
23368,4507,1,5.514,4,5,5,455,Champion
24703,4596,1,5.514,5,5,5,555,Champion
25299,4594,1,5.514,5,5,5,555,Champion
17556,4595,1,5.514,5,5,5,555,Champion
23498,4596,1,5.514,5,5,5,555,Champion
25507,4595,1,5.514,5,5,5,555,Champion
25002,4507,1,5.514,4,5,5,455,Champion
23554,4505,1,5.514,4,5,5,455,Champion
23430,4509,1,5.514,4,5,5,455,Champion
14942,4507,1,5.514,4,5,5,455,Champion
26802,4508,1,5.514,4,5,5,455,Champion
16293,4508,1,5.514,4,5,5,455,Champion
18423,4606,1,5.514,5,5,5,555,Champion
26449,4604,1,5.514,5,5,5,555,Champion
22772,4608,1,5.514,5,5,5,555,Champion
21114,4603,1,5.514,5,5,5,555,Champion
24471,4599,1,5.514,5,5,5,555,Champion
23976,4601,1,5.514,5,5,5,555,Champion
17104,4602,1,5.514,5,5,5,555,Champion
16992,4600,1,5.514,5,5,5,555,Champion
22814,4607,1,5.514,5,5,5,555,Champion
19933,4607,1,5.514,5,5,5,555,Champion
21851,4606,1,5.514,5,5,5,555,Champion
21845,4602,1,5.514,5,5,5,555,Champion
17694,4581,1,5.514,4,5,5,455,Champion
21115,4579,1,5.514,4,5,5,455,Champion
18106,4579,1,5.514,4,5,5,455,Champion
18179,4583,1,5.514,4,5,5,455,Champion
15344,4583,1,5.514,4,5,5,455,Champion
19317,4584,1,5.514,4,5,5,455,Champion
23346,4580,1,5.514,4,5,5,455,Champion
14920,4581,1,5.514,4,5,5,455,Champion
24995,4610,1,5.514,5,5,5,555,Champion
19351,4578,1,5.514,4,5,5,455,Champion
16299,4576,1,5.514,4,5,5,455,Champion
17335,4577,1,5.514,4,5,5,455,Champion
14399,4588,1,5.514,5,5,5,555,Champion
24763,4587,1,5.514,5,5,5,555,Champion
18657,4590,1,5.514,5,5,5,555,Champion
24109,4587,1,5.514,5,5,5,555,Champion
24489,4587,1,5.514,5,5,5,555,Champion
20419,4593,1,5.514,5,5,5,555,Champion
17339,4590,1,5.514,5,5,5,555,Champion
28127,4593,1,5.514,5,5,5,555,Champion
15315,4592,1,5.514,5,5,5,555,Champion
27836,4614,1,5.514,5,5,5,555,Champion
18182,4591,1,5.514,5,5,5,555,Champion
17685,4658,1,5.514,5,5,5,555,Champion
28274,4660,1,5.514,5,5,5,555,Champion
25801,4659,1,5.514,5,5,5,555,Champion
20130,4659,1,5.514,5,5,5,555,Champion
29287,4659,1,5.514,5,5,5,555,Champion
28533,4656,1,5.514,5,5,5,555,Champion
23070,4656,1,5.514,5,5,5,555,Champion
15414,4650,1,5.514,5,5,5,555,Champion
19327,4650,1,5.514,5,5,5,555,Champion
24415,4649,1,5.514,5,5,5,555,Champion
12837,4649,1,5.514,5,5,5,555,Champion
17368,4651,1,5.514,5,5,5,555,Champion
22491,4651,1,5.514,5,5,5,555,Champion
17014,4648,1,5.514,5,5,5,555,Champion
29290,4647,1,5.514,5,5,5,555,Champion
22559,4646,1,5.514,5,5,5,555,Champion
21868,4654,1,5.514,5,5,5,555,Champion
18102,4655,1,5.514,5,5,5,555,Champion
18569,4653,1,5.514,5,5,5,555,Champion
17630,4652,1,5.514,5,5,5,555,Champion
24561,4652,1,4.409,5,5,5,555,Champion
25547,4649,1,4.409,5,5,5,555,Champion
20142,4659,1,4.409,5,5,5,555,Champion
27331,4657,1,4.409,5,5,5,555,Champion
24078,4592,1,4.409,5,5,5,555,Champion
24572,4584,1,4.409,4,5,5,455,Champion
20178,4610,1,4.409,5,5,5,555,Champion
27929,4608,1,4.409,5,5,5,555,Champion
17820,4582,1,4.409,4,5,5,455,Champion
22710,4582,1,4.409,4,5,5,455,Champion
20948,4607,1,4.409,5,5,5,555,Champion
19516,4607,1,4.409,5,5,5,555,Champion
20942,4606,1,4.409,5,5,5,555,Champion
24120,4606,1,4.409,5,5,5,555,Champion
27806,4640,1,4.409,5,5,5,555,Champion
23623,4637,1,4.409,5,5,5,555,Champion
26911,4637,1,4.409,5,5,5,555,Champion
20146,4644,1,4.409,5,5,5,555,Champion
17649,4645,1,4.409,5,5,5,555,Champion
24535,4495,1,4.409,3,5,5,355,Loyal
20795,4500,1,4.409,3,5,5,355,Loyal
25477,4518,1,4.409,4,5,5,455,Champion
24129,4480,1,4.409,3,4,5,345,Loyal
25313,4484,1,4.409,3,4,5,345,Loyal
24691,4543,1,4.409,4,4,5,445,Champion
22568,4492,1,4.409,3,4,5,345,Loyal
23953,4567,1,4.409,4,4,5,445,Champion
23611,4525,1,4.409,4,4,5,445,Champion
25753,4376,1,4.409,2,3,5,235,At Risk
23912,4384,1,4.409,2,3,5,235,At Risk
24538,4360,1,4.409,1,3,5,135,At Risk
26901,4365,1,4.409,1,3,5,135,At Risk
22805,4350,1,4.409,1,3,5,135,At Risk
29269,4412,1,4.409,2,3,5,235,At Risk
24562,4414,1,4.409,2,3,5,235,At Risk
24150,4396,1,4.409,2,3,5,235,At Risk
29083,4421,1,4.409,2,3,5,235,At Risk
23604,4421,1,4.409,2,3,5,235,At Risk
27164,4558,1,4.409,4,4,5,445,Champion
29131,4346,1,4.409,1,4,5,145,At Risk
29061,4346,1,4.409,1,4,5,145,At Risk
29153,4556,1,4.409,4,4,5,445,Champion
27221,4571,1,4.409,4,4,5,445,Champion
24108,4574,1,4.409,4,4,5,445,Champion
27730,4564,1,4.409,4,4,5,445,Champion
26820,4322,1,4.409,1,4,5,145,At Risk
26863,4320,1,4.409,1,4,5,145,At Risk
27989,4318,1,4.409,1,4,5,145,At Risk
17819,4313,1,4.409,1,4,5,145,At Risk
22660,4312,1,4.409,1,4,5,145,At Risk
20956,4380,1,4.409,2,3,5,235,At Risk
20141,4378,1,4.409,2,3,5,235,At Risk
27927,4332,1,4.409,1,4,5,145,At Risk
20961,4333,1,4.409,1,4,5,145,At Risk
24553,4333,1,4.409,1,4,5,145,At Risk
29076,4340,1,4.409,1,4,5,145,At Risk
25544,4311,1,4.409,1,4,5,145,At Risk
23916,4448,1,4.409,3,3,5,335,Loyal
20840,4454,1,4.409,3,3,5,335,Loyal
27165,4466,1,4.409,3,3,5,335,Loyal
23634,4465,1,4.409,3,3,5,335,Loyal
17818,4431,1,4.409,3,3,5,335,Loyal
29051,4444,1,4.409,3,2,5,325,Potential Loyalist
19481,4443,1,4.409,3,2,5,325,Potential Loyalist
27991,4432,1,2.5305,3,3,5,335,Loyal
28968,4460,1,2.5305,3,3,5,335,Loyal
28093,4427,1,2.5305,3,3,5,335,Loyal
28016,4407,1,2.5305,2,3,5,235,At Risk
27992,4367,1,2.5305,1,3,5,135,At Risk
27993,4565,1,2.5305,4,4,5,445,Champion
28776,4494,1,2.5305,3,4,5,345,Loyal
28781,4473,1,2.5305,3,4,5,345,Loyal
28095,4512,1,2.5305,4,5,5,455,Champion
28094,4638,1,2.5305,5,5,5,555,Champion
28300,4589,1,2.5305,5,5,5,555,Champion
30078,4662,1,1.5183,5,5,5,555,Champion
